[
    {
        "id": "77707f04-b556-e711-abaa-00155d701c02",
        "description": null,
        "name": "Day 1 Sessions"
    },
    {
        "id": "79707f04-b556-e711-abaa-00155d701c02",
        "description": null,
        "name": "Day 2 Sessions"
    },
    {
        "id": "75707f04-b556-e711-abaa-00155d701c02",
        "description": null,
        "name": "Keynotes"
    },
    {
        "id": "71707f04-b556-e711-abaa-00155d701c02",
        "description": null,
        "name": "Presentations"
    },
    {
        "id": "73707f04-b556-e711-abaa-00155d701c02",
        "description": null,
        "name": "Workshops"
    }
]