﻿{
    "labels":  {
                   "NoSpeakersEvent":  "لا يتضمن هذا الحدث أي متحدثين تم تعيينهم له.",
                   "EnglishAustralia":  "الإنجليزية‬ (أستراليا)‏",
                   "Building":  "مبنى",
                   "SignIn":  "تسجيل الدخول",
                   "CardHolder":  "صاحب البطاقة:",
                   "Lithuanian":  "اللتوانية",
                   "InvalidValueForRequiredRegistrationField":  "يتضمن التسجيل قيمة غير صالحة لحقل مطلوب.",
                   "EnglishGB":  "الإنجليزية (المملكة المتحدة)‬",
                   "Tuesday":  "الثلاثاء",
                   "RegisterAttendees":  "تسجيل الحضور",
                   "GermanGermany":  "الألمانية",
                   "Submit":  "إرسال",
                   "SessionTracks":  "تعقبات جلسة العمل",
                   "CancelRegistrationError":  "حدثت مشكلة في إلغاء التسجيل.",
                   "EventRegistrationTitle":  "تسجيل الحدث",
                   "SerbianCyrillic":  "الصربية (السيريلية)",
                   "FrenchCanada":  "الفرنسية (كندا)",
                   "Basque":  "الباسكية",
                   "SessionsIncludedInPass":  "جلسات العمل المضمنة في البطاقة",
                   "Indonesian":  "الإندونيسية",
                   "SelectAPass":  "تحديد بطاقة",
                   "Galician":  "الغليشيانية",
                   "RegistrationConfirmation":  "تأكيد التسجيل",
                   "Croatian":  "‏‏الكرواتية",
                   "Thai":  "التايلاندية",
                   "FinalizationNotAllowed":  "قيمة CAPTCHA التي قمت بتوفيرها غير متطابقة. يُرجى إعادة المحاولة لاحقًا.",
                   "MaximumNoAttendeesReached":  "تم بيع هذا الحدث.",
                   "WebsiteColon":  "موقع الويب:",
                   "Friday":  "الجمعة",
                   "OnlyWaitlistRegistrationPossibleText":  "ستتم إضافة المسجلين الجدد إلى قائمة الانتظار لجلسة العمل هذه.",
                   "EditingAttendee":  "تحرير الحاضر",
                   "Register":  "تسجيل",
                   "ArabicSaudiArabia":  "العربية",
                   "WaitForRegistrationsToAppear":  "يُرجى ملاحظة أنه يُمكن أن يكون هناك تأخير في معالجة تسجيلاتك.",
                   "EndTime":  "وقت الانتهاء",
                   "MyAccount":  "حسابي",
                   "RequestTimedOut":  "يستغرق تسجيلك وقتًا طويلًا في المعالجة. الرجاء المحاولة مرة أخري.",
                   "Hungarian":  "الهنغارية",
                   "NoSponsorshipsEvent":  "لا يتضمن هذا الحدث أي رعاة.",
                   "AvailableEvents":  "الأحداث المتاحة",
                   "Wednesday":  "الأربعاء",
                   "EventName":  "اسم الحدث",
                   "Sunday":  "الأحد",
                   "LastNameRequired":  "اسم العائلة مطلوب.",
                   "RemoveMessage":  "هل تريد بالتأكيد إزالة {0} {1}؟",
                   "Japanese":  "اليابانية",
                   "AttendeeSessionIdNotValid":  "لدى أحد الحضور معرف بطاقة غير صالح",
                   "Email":  "البريد الإلكتروني",
                   "NoSessionTracksEvent":  "لا يتضمن هذا الحدث أي تعقبات لجلسات عمل.",
                   "AZ":  "أ إلى ي",
                   "AnonymousAccessNotAllowedError":  "يجب عليك تسجيل الدخول للمتابعة.",
                   "EventCapacityExceeding":  "لا يمكن تسجيل هذا العدد الكبير من الحضور لأنه يتجاوز الحد الأقصى لسعة الحدث.",
                   "PassPrice":  "سعر البطاقة",
                   "ZA":  "ي إلى أ",
                   "PortugueseBrazil":  "البرتغالية (البرازيل)",
                   "AttendeeInformation":  "معلومات الحضور",
                   "EmulatePayment":  "محاكاة الدفع",
                   "Session":  "جلسة عمل",
                   "Speakers":  "المتحدثون",
                   "EnglishUS":  "الإنجليزية (الولايات المتحدة‬)",
                   "Processing":  "جارٍ المعالجة",
                   "BlogColon":  "مدوّنة:",
                   "TooManyAttendees":  "يُمكنك فقط تسجيل ما يصل إلى 50 حاضر في وقت واحد. يُرجى إنشاء تسجيلات إضافية إذا كنت بحاجة إلى تسجيل المزيد من الحضور.",
                   "RemoveSession":  "إزالة جلسة العمل",
                   "SerbianLatin":  "الصربية (اللاتينية)",
                   "Catalan":  "الكتالانية",
                   "EventNotLive":  "الحدث الذي تحاول تسجيله لا يقبل تسجيلات جديد.",
                   "Ukrainian":  "الأوكرانية",
                   "Slovenian":  "السلوفانية",
                   "Saturday":  "السبت",
                   "SignInForEditingAttendee":  "تسجيل الدخول لتسجيل الحدث",
                   "Checkout":  "سحب",
                   "Registration":  "التسجيل",
                   "Czech":  "التشيكية",
                   "FinishRegistration":  "إنهاء التسجيل",
                   "SpanishSpain":  "الإسبانية (إسبانيا)",
                   "EndDate":  "تاريخ الانتهاء",
                   "WaitlistedAttendees":  "الحضور في قائمة الانتظار",
                   "Description":  "الوصف:",
                   "ItalianItaly":  "الإيطالية",
                   "DemoPaymentGatewayPageTitle":  "بوابة الدفع التوضيحية",
                   "BroughtToYouBy":  "مقدم إليك من قِبل",
                   "DutchNetherlands":  "الهولندية",
                   "EnableAutoRegisterRadioButtonText":  "الإعلام والتسجيل التلقائي عندما تتوفر مساحة",
                   "Hebrew":  "العبرية",
                   "Amount":  "‏‏المبلغ:",
                   "CommunicationError":  "نواجه مشكلة في الاتصال بالخادم.",
                   "AddAttendeeToWaitlist":  "إضافة حاضر إلى قائمة الانتظار",
                   "InsufficentNumberOfPasses":  "لا توجد بطاقات كافية متبقية لإنهاء الشراء.",
                   "Monday":  "الإثنين",
                   "NoPassesEvent":  "لا يتضمن هذا الحدث أي بطاقات.",
                   "Thursday":  "الخميس",
                   "EnterLastName":  "أدخل اسم عائلتك",
                   "ThankYouForRegistering":  "نشكرك على التسجيل لحضور الحدث!",
                   "RequiredRegistrationFieldMissing":  "يفتقد التسجيل إلى معلومات مطلوبة لأحد الحاضرين على الأقل.",
                   "Sessions":  "جلسات العمل",
                   "AssignedAttendees":  "التسجيلات",
                   "StartDate":  "تاريخ البدء",
                   "AddSessionToCart":  "إضافة جلسة عمل",
                   "AddAttendee":  "إضافة حاضر",
                   "ChangeLanguage":  "قم بتغيير اللغة",
                   "EmailAddress":  "عنوان البريد الإلكتروني",
                   "AttendeePassIdNotValid":  "لدى أحد الحضور معرف بطاقة غير صالح ",
                   "FirstName":  "الاسم الأول",
                   "FinalizationAfterTimeLimit":  "لم تكتمل عملية الشراء في الوقت المناسب.",
                   "CopyrightWithParam":  "حقوق الطبع والنشر © {0}. كافة الحقوق محفوظة.",
                   "RefreshPage":  "انتهت صلاحية جلسة العمل. يُرجى تحديث الصفحة للمتابعة.",
                   "WaitlistedSessions":  "جلسة (جلسات العمل) الموضوعة في قائمة الانتظار",
                   "EventCapacityReached":  "تم بلوغ الحد الأقصى لسعة الحدث.",
                   "CardNumber":  "رقم البطاقة:",
                   "MaximumCapacityReached":  "تم بيع هذا الحدث، ولكن لا يزال يمكنك التسجيل للحصول على قائمة الانتظار. ",
                   "AutoRegister":  "تسجيل تلقائي",
                   "AttendeeHasWaitlistRegistrationsInfo":  "هذا المسجل موجود على قائمة الانتظار لجلسة عمل واحدة أو أكثر.",
                   "Attendees":  "الحضور",
                   "EnglishCanada":  "الإنجليزية‬ (كندا)‏",
                   "RegisterNow":  "التسجيل الآن",
                   "Newest":  "الأحدث",
                   "SoldOut":  "مُباعة",
                   "SessionCartHeader":  "عربة تسوق جلسة العمل",
                   "SwedishSweden":  "السويدية",
                   "Pass":  "بطاقة",
                   "SelectedSessions":  "جلسات العمل المحددة",
                   "Waitlist":  "قائمة الانتظار",
                   "Name":  "الاسم",
                   "Bulgarian":  "البلغارية",
                   "Remove":  "إزالة",
                   "SponsorName":  "اسم الراعي",
                   "NoRegistrationsFound":  "لم يتم العثور على أي تسجيلات",
                   "SessionFullyBooked":  "محجوز بالكامل",
                   "CancelRegistrationEventMessage":  "هل تريد بالتأكيد إلغاء تسجيل {0}؟",
                   "NoSessionsAssociated":  "لا توجد أي جلسات عمل مقترنة بهذه البطاقة.",
                   "RomanianRomania":  "الرومانية",
                   "AnonymousRegistrationNotAllowed":  "يجب عليك إنشاء حساب وتسجيل الدخول قبل أن يمكنك التسجيل لهذا الحدث.",
                   "Search":  "بحث",
                   "SignOut":  "تسجيل الخروج",
                   "NoSessionsAssigned":  "لا توجد أي جلسات عمل معينة.",
                   "MyRegistrations":  "تسجيلاتي",
                   "Cancel":  "إلغاء",
                   "SortBy":  "الفرز حسب",
                   "AddAnotherAttendee":  "إضافة حاضر آخر",
                   "CancelPayment":  "إلغاء الدفع",
                   "AttendeeAutoRegistrationInfo":  "سيتم تسجيل هذا الحاضر بشكل تلقائي فور أن تصبح السعة متاحة.",
                   "CancelRegistration":  "إلغاء التسجيل",
                   "Korean":  "الكورية",
                   "Turkish":  "التركية",
                   "FrenchFrance":  "الفرنسية (فرنسا)",
                   "AdditionalInformationAvailable":  "معلومات إضافية متوفرة",
                   "DiscardChanges":  "تجاهل التغييرات",
                   "MaximumSessionCapacityReached":  "تم بيع هذه الجلسة.",
                   "MyWaitlistItems":  "عناصر قائمة الانتظار الخاصة بي",
                   "Slovak":  "السلوفاكية",
                   "AttendeeDetails":  "تفاصيل الحضور",
                   "Polish":  "البولندية",
                   "StartTime":  "وقت البدء",
                   "EmailInvalid":  "يرجى إدخال عنوان بريد إلكتروني صالح.",
                   "DisableAutoRegisterRadioButtonText":  "الإعلام عندما تتوفر مساحة، ولكن من دون التسجيل التلقائي",
                   "PaymentDetails":  "تفاصيل الدفع",
                   "EnterEmailAddress":  "أدخل عنوان بريدك الإلكتروني",
                   "RegisteredSince":  "مسجل منذ",
                   "MultiAttendeeRegistrationNotEnabled":  "لا يسمح بهذا الحدث بتسجيل حضور متعددين.",
                   "ChineseTaiwan":  "الصينية (تايوان)",
                   "Oldest":  "الأقدم",
                   "Home":  "الصفحة الرئيسية",
                   "Latvian":  "اللاتفية",
                   "SessionName":  "اسم جلسة العمل",
                   "NoChoice":  "بدون خيار",
                   "Events":  "الأحداث",
                   "Russian":  "الروسية",
                   "No":  "لا",
                   "RemoveAttendee":  "إزالة حاضر",
                   "Estonian":  "الإستونية",
                   "WaitlistRegistrationNotAllowedErrorMessage":  "لا تتوفر قائمة انتظار لهذا الحدث أو جلسة العمل هذه.",
                   "Event":  "الحدث",
                   "Copyright":  "حقوق الطبع والنشر © 2018. جميع الحقوق محفوظة.",
                   "OrderSummary":  "ملخص الأمر",
                   "NoSessionsTrack":  "لا يتضمن تعقب جلسة العمل هذا أي جلسات عمل.",
                   "FinalizationNotEnabled":  "يجب تمكين تأكيد الدفع التجريبي‬ لاستخدام هذه الميزة.",
                   "AlreadyRegistered":  "مسجّل بالفعل",
                   "RegistrationFailed":  "حدثت مشكلة في التسجيل",
                   "SessionNotLive":  "الجلسة التي تحاول التسجيل فيها لا تقبل تسجيلات جديدة.",
                   "Danish":  "الدانمركية",
                   "Vietnamese":  "الفيتنامية‬",
                   "FirstNameRequired":  "الاسم الأول مطلوب.",
                   "EditingWaitlistedAttendee":  "تحرير الحاضر في قائمة الانتظار",
                   "EnterFirstName":  "أدخل اسمك الأول",
                   "LastName":  "اسم العائلة",
                   "NoWaitlistItemsFound":  "لم يتم العثور على عناصر قائمة الانتظار",
                   "Yes":  "نعم",
                   "Greek":  "اليونانية",
                   "SaveChanges":  "‏‏حفظ التغييرات",
                   "EditAttendee":  "تحرير الحاضر",
                   "EmailRequired":  "البريد الإلكتروني مطلوب.",
                   "NoSessionsEvent":  "لا يتضمن هذا الحدث أي جلسات عمل.",
                   "ShowSessions":  "إظهار جلسات العمل",
                   "PassInformation":  "معلومات البطاقة",
                   "EventNotFound":  "الحدث الذي تحاول التسجيل له غير موجود.",
                   "AddedSince":  "تمت إضافته منذ",
                   "Finnish":  "الفنلندية",
                   "Chinese":  "الصينية (الصين)",
                   "Profile":  "ملف التعريف",
                   "NorwegianBokml":  "النرويجية",
                   "ChineseHongKong":  "الصينية (هونغ كونغ)",
                   "PortuguesePortugal":  "البرتغالية (البرتغال)‏"
               },
    "isJapanese":  false
}
