﻿{
    "labels":  {
                   "NoSpeakersEvent":  "За това събитие няма присвоени говорители.",
                   "EnglishAustralia":  "Английски (Австралия)",
                   "Building":  "Сграда",
                   "SignIn":  "Вход",
                   "CardHolder":  "Картодържател:",
                   "Lithuanian":  "Литовски",
                   "InvalidValueForRequiredRegistrationField":  "Вашата регистрация включва невалидна стойност за задължително поле.",
                   "EnglishGB":  "Английски (Великобритания)",
                   "Tuesday":  "Вторник",
                   "RegisterAttendees":  "Регистриране на участници",
                   "GermanGermany":  "Немски",
                   "Submit":  "Подаване",
                   "SessionTracks":  "Проследявания на сесия",
                   "CancelRegistrationError":  "Възникна проблем при отмяната на регистрацията.",
                   "EventRegistrationTitle":  "Регистрация за събитие",
                   "SerbianCyrillic":  "Сръбски (кирилица)",
                   "FrenchCanada":  "Френски (Канада)",
                   "Basque":  "Баски",
                   "SessionsIncludedInPass":  "Сесии, включени в пропуска",
                   "Indonesian":  "Индонезийски",
                   "SelectAPass":  "Изберете пропуск",
                   "Galician":  "Галисийски",
                   "RegistrationConfirmation":  "Потвърждение на регистрация",
                   "Croatian":  "Хърватски",
                   "Thai":  "Тайски",
                   "FinalizationNotAllowed":  "Стойността на CAPTCHA, която предоставихте, не съответства. Моля, опитайте отново.",
                   "MaximumNoAttendeesReached":  "Това събитие е разпродадено.",
                   "WebsiteColon":  "Уеб сайт:",
                   "Friday":  "Петък",
                   "OnlyWaitlistRegistrationPossibleText":  "Новите регистрирани ще бъдат добавени към списъка за изчакване за тази сесия.",
                   "EditingAttendee":  "Редактиране на участник",
                   "Register":  "Регистриране",
                   "ArabicSaudiArabia":  "Арабски",
                   "WaitForRegistrationsToAppear":  "Моля, имайте предвид, че може да има закъснение при обработката на регистрациите.",
                   "EndTime":  "Краен час",
                   "MyAccount":  "Моят акаунт",
                   "RequestTimedOut":  "Обработката на вашата регистрация отне твърде много време. Моля, опитайте отново.",
                   "Hungarian":  "Унгарски",
                   "NoSponsorshipsEvent":  "За това събитие няма спонсори.",
                   "AvailableEvents":  "Налични събития",
                   "Wednesday":  "Сряда",
                   "EventName":  "Име на събитие",
                   "Sunday":  "Неделя",
                   "LastNameRequired":  "Изисква се фамилно име.",
                   "RemoveMessage":  "Наистина ли искате да премахнете {0} {1}?",
                   "Japanese":  "Японски",
                   "AttendeeSessionIdNotValid":  "Един от участниците е с невалиден ИД на пропуск",
                   "Email":  "Имейл",
                   "NoSessionTracksEvent":  "За това събитие няма проследявания на сесия.",
                   "AZ":  "А-Я",
                   "AnonymousAccessNotAllowedError":  "Трябва да влезете, за да продължите.",
                   "EventCapacityExceeding":  "Не може да регистрирате толкова много участници, защото ще се надвиши максималната производителност на събитието.",
                   "PassPrice":  "Цена на пропуск",
                   "ZA":  "Я-А",
                   "PortugueseBrazil":  "Португалски (Бразилия)",
                   "AttendeeInformation":  "Информация за участник",
                   "EmulatePayment":  "Емулиране на плащане",
                   "Session":  "Сесия",
                   "Speakers":  "Говорители",
                   "EnglishUS":  "Английски (САЩ)",
                   "Processing":  "Обработване",
                   "BlogColon":  "Блог:",
                   "TooManyAttendees":  "Можете да регистрирате само до 50 участници в даден момент. Моля, създайте допълнителни регистрации, ако трябва да регистрирате повече участници от това.",
                   "RemoveSession":  "Премахване на сесия",
                   "SerbianLatin":  "Сръбски (латиница)",
                   "Catalan":  "Каталонски",
                   "EventNotLive":  "Събитието, за което се опитвате да се регистрирате, не приема нови регистрации.",
                   "Ukrainian":  "Украински",
                   "Slovenian":  "Словенски",
                   "Saturday":  "Събота",
                   "SignInForEditingAttendee":  "Вход за регистрация на събитие",
                   "Checkout":  "Финализиране",
                   "Registration":  "Регистрация",
                   "Czech":  "Чешки",
                   "FinishRegistration":  "Завършване на регистрацията",
                   "SpanishSpain":  "Испански (Испания)",
                   "EndDate":  "Крайна дата",
                   "WaitlistedAttendees":  "Участници в списък за изчакване",
                   "Description":  "Описание:",
                   "ItalianItaly":  "Италиански",
                   "DemoPaymentGatewayPageTitle":  "Шлюз за плащане на демонстрационна версия",
                   "BroughtToYouBy":  "С помощта на",
                   "DutchNetherlands":  "Нидерландски",
                   "EnableAutoRegisterRadioButtonText":  "Автоматична регистрация и известие, когато се освободи място",
                   "Hebrew":  "Иврит",
                   "Amount":  "Сума:",
                   "CommunicationError":  "Възникна проблем при комуникацията със сървъра.",
                   "AddAttendeeToWaitlist":  "Добавяне на участник към списък за изчакване",
                   "InsufficentNumberOfPasses":  "Няма останали достатъчно пропуски, за да финализирате покупката си.",
                   "Monday":  "Понеделник",
                   "NoPassesEvent":  "За това събитие няма пропуски.",
                   "Thursday":  "Четвъртък",
                   "EnterLastName":  "Въведете фамилното си име",
                   "ThankYouForRegistering":  "Благодарим ви, че се регистрирахте за събитието!",
                   "RequiredRegistrationFieldMissing":  "В регистрацията ви липсва стойност на задължителна информация за поне един участник.",
                   "Sessions":  "Сесии",
                   "AssignedAttendees":  "Регистрации",
                   "StartDate":  "Начална дата",
                   "AddSessionToCart":  "Добавяне на сесия",
                   "AddAttendee":  "Добавяне на участник",
                   "ChangeLanguage":  "Смяна на езика",
                   "EmailAddress":  "Имейл адрес",
                   "AttendeePassIdNotValid":  "Един от участниците е с невалиден ИД на пропуск ",
                   "FirstName":  "Собствено име",
                   "FinalizationAfterTimeLimit":  "Покупката не е завършена на време.",
                   "CopyrightWithParam":  "Copyright © {0}. Всички права запазени.",
                   "RefreshPage":  "Сесията изтече. Обновете страницата, за да продължите.",
                   "WaitlistedSessions":  "сесии в списък за изчакване",
                   "EventCapacityReached":  "Достигната е максималната производителност на събитието.",
                   "CardNumber":  "Номер на карта:",
                   "MaximumCapacityReached":  "Това събитие е разпродадено, но все още можете да се регистрирате за списъка за изчакване. ",
                   "AutoRegister":  "Автоматично регистриране",
                   "AttendeeHasWaitlistRegistrationsInfo":  "Регистрираният е в списък за изчакване за една или повече сесии.",
                   "Attendees":  "Участници",
                   "EnglishCanada":  "Английски (Канада)",
                   "RegisterNow":  "Регистрирайте се сега",
                   "Newest":  "Най-ново",
                   "SoldOut":  "Разпродадено",
                   "SessionCartHeader":  "Количка на сесия",
                   "SwedishSweden":  "Шведски",
                   "Pass":  "Пропуск",
                   "SelectedSessions":  "Избрани сесии",
                   "Waitlist":  "Списък с чакащи",
                   "Name":  "Име",
                   "Bulgarian":  "Български",
                   "Remove":  "Премахване",
                   "SponsorName":  "Име на спонсор",
                   "NoRegistrationsFound":  "Не са открити регистрации",
                   "SessionFullyBooked":  "Изцяло резервирано",
                   "CancelRegistrationEventMessage":  "Наистина ли искате да отмените регистрацията за {0}?",
                   "NoSessionsAssociated":  "Няма сесии, свързани с този пропуск.",
                   "RomanianRomania":  "Румънски",
                   "AnonymousRegistrationNotAllowed":  "Трябва да създадете акаунт и да влезете, преди да можете да се регистрирате за това събитие.",
                   "Search":  "Търсене",
                   "SignOut":  "Изход",
                   "NoSessionsAssigned":  "Няма присвоени сесии.",
                   "MyRegistrations":  "Моите регистрации",
                   "Cancel":  "Отмяна",
                   "SortBy":  "Сортиране по",
                   "AddAnotherAttendee":  "Добавяне на друг участник",
                   "CancelPayment":  "Отмяна на плащане",
                   "AttendeeAutoRegistrationInfo":  "Този участник ще бъде регистриран автоматично, веднага след като се освободи капацитет.",
                   "CancelRegistration":  "Отмяна на регистрация",
                   "Korean":  "Корейски",
                   "Turkish":  "Турски",
                   "FrenchFrance":  "Френски (Франция)",
                   "AdditionalInformationAvailable":  "Налична е допълнителна информация",
                   "DiscardChanges":  "Отхвърляне на промените",
                   "MaximumSessionCapacityReached":  "Тази сесия е разпродадена.",
                   "MyWaitlistItems":  "Моите елементи от списък с чакащи",
                   "Slovak":  "Словашки",
                   "AttendeeDetails":  "Подробности за участник",
                   "Polish":  "Полски",
                   "StartTime":  "Начален час",
                   "EmailInvalid":  "Моля, въведете валиден имейл адрес.",
                   "DisableAutoRegisterRadioButtonText":  "Да получа известие, но да не се регистрира автоматично, когато се освободи място",
                   "PaymentDetails":  "Подробности за плащането",
                   "EnterEmailAddress":  "Въведете имейл адреса си",
                   "RegisteredSince":  "Регистрирано от",
                   "MultiAttendeeRegistrationNotEnabled":  "Това събитие не позволява регистрация на няколко участници.",
                   "ChineseTaiwan":  "Китайски (Тайван)",
                   "Oldest":  "Най-старо",
                   "Home":  "Начало",
                   "Latvian":  "Латвийски",
                   "SessionName":  "Име на сесия",
                   "NoChoice":  "Без избор",
                   "Events":  "Събития",
                   "Russian":  "Руски",
                   "No":  "Не",
                   "RemoveAttendee":  "Премахване на участник",
                   "Estonian":  "Естонски",
                   "WaitlistRegistrationNotAllowedErrorMessage":  "Няма достъпен списък за изчакване за това събитие или сесия.",
                   "Event":  "Събитие",
                   "Copyright":  "Copyright © 2018. Всички права запазени.",
                   "OrderSummary":  "Обобщени данни за поръчка",
                   "NoSessionsTrack":  "За това проследяване на сесия няма сесии.",
                   "FinalizationNotEnabled":  "Трябва да разрешите потвърждението на демонстрационно плащане, за да използвате тази функция.",
                   "AlreadyRegistered":  "Вече има регистрация",
                   "RegistrationFailed":  "Възникна проблем с регистрацията",
                   "SessionNotLive":  "Сесията, за която се опитвате да се регистрирате, не приема нови регистрации.",
                   "Danish":  "Датски",
                   "Vietnamese":  "Виетнамски",
                   "FirstNameRequired":  "Изисква се собствено име.",
                   "EditingWaitlistedAttendee":  "Редактиране на участник в списък за изчакване",
                   "EnterFirstName":  "Въведете собственото си име",
                   "LastName":  "Фамилно име",
                   "NoWaitlistItemsFound":  "Не са открити елементи от списък с чакащи",
                   "Yes":  "Да",
                   "Greek":  "Гръцки",
                   "SaveChanges":  "Записване на промените",
                   "EditAttendee":  "Редактиране на участник",
                   "EmailRequired":  "Изисква се имейл.",
                   "NoSessionsEvent":  "За това събитие няма сесии.",
                   "ShowSessions":  "показване на сесии",
                   "PassInformation":  "Информация за пропуск",
                   "EventNotFound":  "Събитието, за което се опитвате да се регистрирате, не съществува.",
                   "AddedSince":  "Добавено от",
                   "Finnish":  "Фински",
                   "Chinese":  "Китайски (Китай)",
                   "Profile":  "Профил",
                   "NorwegianBokml":  "Норвежки",
                   "ChineseHongKong":  "Китайски (Хонконг)",
                   "PortuguesePortugal":  "Португалски (Португалия)"
               },
    "isJapanese":  false
}
