﻿{
    "labels":  {
                   "NoSpeakersEvent":  "Aquest esdeveniment no té cap ponent assignat.",
                   "EnglishAustralia":  "Anglès (Austràlia)",
                   "Building":  "Edifici",
                   "SignIn":  "Inicia la sessió",
                   "CardHolder":  "Titular de la targeta:",
                   "Lithuanian":  "Lituà",
                   "InvalidValueForRequiredRegistrationField":  "El vostre registre inclou un valor no vàlid per a un camp obligatori.",
                   "EnglishGB":  "Anglès (GB)",
                   "Tuesday":  "Dimarts",
                   "RegisterAttendees":  "Registra els assistents",
                   "GermanGermany":  "Alemany",
                   "Submit":  "Envia",
                   "SessionTracks":  "Seguiments de sessió",
                   "CancelRegistrationError":  "S\u0027ha produït un problema mentre es cancel·lava el registre.",
                   "EventRegistrationTitle":  "Registre d\u0027esdeveniment",
                   "SerbianCyrillic":  "Serbi (ciríl·lic)",
                   "FrenchCanada":  "Francès (Canadà)",
                   "Basque":  "Basc",
                   "SessionsIncludedInPass":  "Sessions incloses al passi",
                   "Indonesian":  "Indonesi",
                   "SelectAPass":  "Seleccioneu un passi",
                   "Galician":  "Gallec",
                   "RegistrationConfirmation":  "Confirmació de registre",
                   "Croatian":  "Croat",
                   "Thai":  "Tailandès",
                   "FinalizationNotAllowed":  "El valor de CAPTCHA que heu proporcionat no coincideix. Torneu-ho a provar.",
                   "MaximumNoAttendeesReached":  "Les entrades per a aquest esdeveniment s\u0027han exhaurit.",
                   "WebsiteColon":  "Lloc web:",
                   "Friday":  "Divendres",
                   "OnlyWaitlistRegistrationPossibleText":  "S\u0027afegiran nous inscrits a la llista d\u0027espera per a aquesta sessió.",
                   "EditingAttendee":  "S\u0027està editant l\u0027assistent",
                   "Register":  "Registrar-se",
                   "ArabicSaudiArabia":  "Àrab",
                   "WaitForRegistrationsToAppear":  "Tingueu en compte que hi pot haver un retard en el processament dels registres.",
                   "EndTime":  "Hora final",
                   "MyAccount":  "El meu compte",
                   "RequestTimedOut":  "El registre ha trigat massa temps a processar-se. Torneu-ho a provar.",
                   "Hungarian":  "Hongarès",
                   "NoSponsorshipsEvent":  "Aquest esdeveniment no té cap patrocinador.",
                   "AvailableEvents":  "Esdeveniments disponibles",
                   "Wednesday":  "Dimecres",
                   "EventName":  "Nom de l\u0027esdeveniment",
                   "Sunday":  "Diumenge",
                   "LastNameRequired":  "El cognom és obligatori.",
                   "RemoveMessage":  "Segur que voleu suprimir {0} {1}?",
                   "Japanese":  "Japonès",
                   "AttendeeSessionIdNotValid":  "Un dels assistents té un identificador de passi no vàlid",
                   "Email":  "Correu electrònic",
                   "NoSessionTracksEvent":  "Aquest esdeveniment no té cap seguiment de sessió.",
                   "AZ":  "A-Z",
                   "AnonymousAccessNotAllowedError":  "Heu d\u0027iniciar la sessió per continuar.",
                   "EventCapacityExceeding":  "No podeu registrar tants assistents perquè se superaria la capacitat màxima de l\u0027esdeveniment.",
                   "PassPrice":  "Preu del passi",
                   "ZA":  "Z-A",
                   "PortugueseBrazil":  "Portuguès (Brasil)",
                   "AttendeeInformation":  "Informació de l\u0027assistent",
                   "EmulatePayment":  "Emula el pagament",
                   "Session":  "Sessió",
                   "Speakers":  "Ponents",
                   "EnglishUS":  "Anglès (EUA)",
                   "Processing":  "En procés",
                   "BlogColon":  "Blog:",
                   "TooManyAttendees":  "Només podeu registrar fins a 50 assistents cada vegada. Creeu registres addicionals si heu de registrar una quantitat d\u0027assistents superior.",
                   "RemoveSession":  "Suprimeix la sessió",
                   "SerbianLatin":  "Serbi (llatí)",
                   "Catalan":  "Català",
                   "EventNotLive":  "L\u0027esdeveniment que esteu intentant registrar no accepta nous registres.",
                   "Ukrainian":  "Ucraïnès",
                   "Slovenian":  "Eslovè",
                   "Saturday":  "Dissabte",
                   "SignInForEditingAttendee":  "Inicia la sessió per al registre a un esdeveniment",
                   "Checkout":  "Finalitza la compra",
                   "Registration":  "Registre",
                   "Czech":  "Txec",
                   "FinishRegistration":  "Finalitza el registre",
                   "SpanishSpain":  "Espanyol (Espanya)",
                   "EndDate":  "Data final",
                   "WaitlistedAttendees":  "Assistents a la llista d\u0027espera",
                   "Description":  "Descripció:",
                   "ItalianItaly":  "Italià",
                   "DemoPaymentGatewayPageTitle":  "Plataforma de pagament de demostració",
                   "BroughtToYouBy":  "Ofert per",
                   "DutchNetherlands":  "Neerlandès",
                   "EnableAutoRegisterRadioButtonText":  "Registrar-se automàticament i notificar quan hi hagi espai disponible",
                   "Hebrew":  "Hebreu",
                   "Amount":  "Import:",
                   "CommunicationError":  "Tenim problemes per comunicar-nos amb el servidor.",
                   "AddAttendeeToWaitlist":  "Afegeix assistent a la llista d\u0027espera",
                   "InsufficentNumberOfPasses":  "No queden prou passis per finalitzar la compra.",
                   "Monday":  "Dilluns",
                   "NoPassesEvent":  "Aquest esdeveniment no té cap passi.",
                   "Thursday":  "Dijous",
                   "EnterLastName":  "Introduïu els vostres cognoms",
                   "ThankYouForRegistering":  "Gràcies per registrar-vos a l\u0027esdeveniment.",
                   "RequiredRegistrationFieldMissing":  "El vostre registre no té una informació obligatòria per a un assistent com a mínim.",
                   "Sessions":  "Sessions",
                   "AssignedAttendees":  "Registres",
                   "StartDate":  "Data d\u0027inici",
                   "AddSessionToCart":  "Afegeix una sessió",
                   "AddAttendee":  "Afegeix assistent",
                   "ChangeLanguage":  "Canvia la llengua",
                   "EmailAddress":  "Adreça electrònica",
                   "AttendeePassIdNotValid":  "Un dels assistents té un identificador de passi no vàlid ",
                   "FirstName":  "Nom",
                   "FinalizationAfterTimeLimit":  "La compra no s\u0027ha completat a temps.",
                   "CopyrightWithParam":  "Copyright © {0}. Tots els drets reservats.",
                   "RefreshPage":  "La sessió ha caducat. Actualitzeu la pàgina per continuar.",
                   "WaitlistedSessions":  "sessions de les llistes d\u0027espera",
                   "EventCapacityReached":  "S\u0027ha assolit la capacitat màxima de l\u0027esdeveniment.",
                   "CardNumber":  "Número de targeta:",
                   "MaximumCapacityReached":  "Les entrades per a aquest esdeveniment s\u0027han exhaurit, però encara us podeu inscriure a la llista d\u0027espera. ",
                   "AutoRegister":  "Registre automàtic",
                   "AttendeeHasWaitlistRegistrationsInfo":  "Aquesta persona registrada és a la llista d\u0027espera d\u0027una o més sessions.",
                   "Attendees":  "Assistents",
                   "EnglishCanada":  "Anglès (Canadà)",
                   "RegisterNow":  "Registrar-se ara",
                   "Newest":  "Més recent",
                   "SoldOut":  "Exhaurit",
                   "SessionCartHeader":  "Carretó de sessió",
                   "SwedishSweden":  "Suec",
                   "Pass":  "Passi",
                   "SelectedSessions":  "Sessions seleccionades",
                   "Waitlist":  "Llista d\u0027espera",
                   "Name":  "Nom",
                   "Bulgarian":  "Búlgar",
                   "Remove":  "Suprimeix",
                   "SponsorName":  "Nom del patrocinador",
                   "NoRegistrationsFound":  "No s\u0027han trobat registres",
                   "SessionFullyBooked":  "Completament reservat",
                   "CancelRegistrationEventMessage":  "Esteu segur que voleu cancel·lar el registre de {0}?",
                   "NoSessionsAssociated":  "No hi ha cap sessió associada a aquest pas.",
                   "RomanianRomania":  "Romanès",
                   "AnonymousRegistrationNotAllowed":  "Heu de crear un compte i iniciar la sessió per poder registrar-vos a aquest esdeveniment.",
                   "Search":  "Cerca",
                   "SignOut":  "Tanca la sessió",
                   "NoSessionsAssigned":  "No hi ha sessions assignades.",
                   "MyRegistrations":  "Els meus registres",
                   "Cancel":  "Cancel·la",
                   "SortBy":  "Ordena per",
                   "AddAnotherAttendee":  "Afegeix un altre assistent",
                   "CancelPayment":  "Cancel·la el pagament",
                   "AttendeeAutoRegistrationInfo":  "Aquest assistent es registrarà automàticament tan aviat com la capacitat estigui disponible.",
                   "CancelRegistration":  "Cancel·la el registre",
                   "Korean":  "Coreà",
                   "Turkish":  "Turc",
                   "FrenchFrance":  "Francès (França)",
                   "AdditionalInformationAvailable":  "Informació addicional disponible",
                   "DiscardChanges":  "Descarta els canvis",
                   "MaximumSessionCapacityReached":  "Les entrades per a aquesta sessió s\u0027han exhaurit.",
                   "MyWaitlistItems":  "Els meus elements de la llista d\u0027espera",
                   "Slovak":  "Eslovac",
                   "AttendeeDetails":  "Detalls de l\u0027assistent",
                   "Polish":  "Polonès",
                   "StartTime":  "Hora d\u0027inici",
                   "EmailInvalid":  "Introduïu una adreça electrònica vàlida.",
                   "DisableAutoRegisterRadioButtonText":  "Notificar, però no registrar-se automàticament, quan hi hagi espai disponible",
                   "PaymentDetails":  "Detalls del pagament",
                   "EnterEmailAddress":  "Introduïu la vostra adreça de correu electrònic",
                   "RegisteredSince":  "Registrat des de",
                   "MultiAttendeeRegistrationNotEnabled":  "Aquest esdeveniment no admet el registre de diversos participants.",
                   "ChineseTaiwan":  "Xinès (Taiwan)",
                   "Oldest":  "Més antic",
                   "Home":  "Inici",
                   "Latvian":  "Letó",
                   "SessionName":  "Nom de la sessió",
                   "NoChoice":  "Cap opció",
                   "Events":  "Esdeveniments",
                   "Russian":  "Rus",
                   "No":  "No",
                   "RemoveAttendee":  "Suprimeix l\u0027assistent",
                   "Estonian":  "Estonià",
                   "WaitlistRegistrationNotAllowedErrorMessage":  "No hi ha disponible cap llista d\u0027espera per a aquest esdeveniment o sessió.",
                   "Event":  "Esdeveniment",
                   "Copyright":  "Copyright © 2018. Tots els drets reservats.",
                   "OrderSummary":  "Resum de la comanda",
                   "NoSessionsTrack":  "Aquest seguiment de sessió no té cap sessió.",
                   "FinalizationNotEnabled":  "Heu d\u0027habilitar la confirmació de pagament de la demostració per utilitzar aquesta característica.",
                   "AlreadyRegistered":  "Ja està registrat",
                   "RegistrationFailed":  "S\u0027ha produït un problema amb el registre",
                   "SessionNotLive":  "La sessió que esteu intentant registrar no accepta nous registres.",
                   "Danish":  "Danès",
                   "Vietnamese":  "Vietnamita",
                   "FirstNameRequired":  "El nom és obligatori.",
                   "EditingWaitlistedAttendee":  "S\u0027està editant l\u0027assistent a la llista d\u0027espera",
                   "EnterFirstName":  "Introduïu el vostre nom",
                   "LastName":  "Cognom",
                   "NoWaitlistItemsFound":  "No s\u0027ha trobat cap element de la llista d\u0027espera",
                   "Yes":  "Sí",
                   "Greek":  "Grec",
                   "SaveChanges":  "Desa els canvis",
                   "EditAttendee":  "Edita l\u0027assistent",
                   "EmailRequired":  "El correu electrònic és obligatori.",
                   "NoSessionsEvent":  "Aquest esdeveniment no té cap sessió.",
                   "ShowSessions":  "mostra les sessions",
                   "PassInformation":  "Informació del passi",
                   "EventNotFound":  "L\u0027esdeveniment que esteu intentant registrar no existeix.",
                   "AddedSince":  "Afegit des de",
                   "Finnish":  "Finès",
                   "Chinese":  "Xinès (Xina)",
                   "Profile":  "Perfil",
                   "NorwegianBokml":  "Noruec",
                   "ChineseHongKong":  "Xinès (Hong Kong)",
                   "PortuguesePortugal":  "Portuguès (Portugal)"
               },
    "isJapanese":  false
}
