﻿{
    "labels":  {
                   "NoSpeakersEvent":  "此事件並無任何獲派演講者。",
                   "EnglishAustralia":  "英文 (澳大利亞)",
                   "Building":  "建築物",
                   "SignIn":  "登入",
                   "CardHolder":  "持卡人:",
                   "Lithuanian":  "立陶宛文",
                   "InvalidValueForRequiredRegistrationField":  "您的註冊包含的必要欄位值無效。",
                   "EnglishGB":  "英文 (英國)",
                   "Tuesday":  "星期二",
                   "RegisterAttendees":  "註冊出席者",
                   "GermanGermany":  "德文",
                   "Submit":  "送出​​",
                   "SessionTracks":  "會議追蹤",
                   "CancelRegistrationError":  "取消註冊時發生問題。",
                   "EventRegistrationTitle":  "事件註冊",
                   "SerbianCyrillic":  "塞爾維亞文 (斯拉夫)",
                   "FrenchCanada":  "法文 (加拿大)",
                   "Basque":  "巴斯克文",
                   "SessionsIncludedInPass":  "入場證涵蓋的會議",
                   "Indonesian":  "印尼文",
                   "SelectAPass":  "選取入場證",
                   "Galician":  "加里斯亞文",
                   "RegistrationConfirmation":  "註冊確認",
                   "Croatian":  "克羅埃西亞文",
                   "Thai":  "泰文",
                   "FinalizationNotAllowed":  "您提供的 CAPTCHA 值不相符。請再試一次。",
                   "MaximumNoAttendeesReached":  "此事件已售罄。",
                   "WebsiteColon":  "網站:",
                   "Friday":  "星期五",
                   "OnlyWaitlistRegistrationPossibleText":  "新註冊者將加入至這個工作階段的等候清單中。",
                   "EditingAttendee":  "正在編輯出席者",
                   "Register":  "報名",
                   "ArabicSaudiArabia":  "阿拉伯文",
                   "WaitForRegistrationsToAppear":  "請注意，註冊處理可能會延遲。",
                   "EndTime":  "結束時間",
                   "MyAccount":  "我的帳戶",
                   "RequestTimedOut":  "您的註冊處理時間過長。請再試一次。",
                   "Hungarian":  "匈牙利文",
                   "NoSponsorshipsEvent":  "此事件並無任何贊助者。",
                   "AvailableEvents":  "可用事件",
                   "Wednesday":  "星期三",
                   "EventName":  "事件名稱",
                   "Sunday":  "星期日",
                   "LastNameRequired":  "姓氏是必要項目。",
                   "RemoveMessage":  "您確定要移除 {0} {1} 嗎？",
                   "Japanese":  "日文",
                   "AttendeeSessionIdNotValid":  "出席者中有一位入場證 ID 無效",
                   "Email":  "電子郵件",
                   "NoSessionTracksEvent":  "此事件並無任何會議追蹤。",
                   "AZ":  "A-Z",
                   "AnonymousAccessNotAllowedError":  "您必須登入才能繼續。",
                   "EventCapacityExceeding":  "您無法註冊如此多位出席者，因為其將超過活動容量上限。",
                   "PassPrice":  "入場證價格",
                   "ZA":  "Z-A",
                   "PortugueseBrazil":  "葡萄牙文 (巴西)",
                   "AttendeeInformation":  "出席者資訊",
                   "EmulatePayment":  "模擬付款",
                   "Session":  "工作階段",
                   "Speakers":  "演講者",
                   "EnglishUS":  "英文 (美國)",
                   "Processing":  "處理中",
                   "BlogColon":  "部落格:",
                   "TooManyAttendees":  "您一次最多只能註冊 50 名出席者。如果您需要註冊的出席者人數超過此限制，請建立其他註冊。",
                   "RemoveSession":  "移除工作階段",
                   "SerbianLatin":  "塞爾維亞文 (拉丁)",
                   "Catalan":  "卡達隆尼亞文",
                   "EventNotLive":  "您嘗試註冊的事件不接受新註冊。",
                   "Ukrainian":  "烏克蘭文",
                   "Slovenian":  "斯洛維尼亞文",
                   "Saturday":  "星期六",
                   "SignInForEditingAttendee":  "登入以註冊事件",
                   "Checkout":  "結帳",
                   "Registration":  "註冊",
                   "Czech":  "捷克文",
                   "FinishRegistration":  "完成註冊",
                   "SpanishSpain":  "西班牙文 (西班牙)",
                   "EndDate":  "結束日期",
                   "WaitlistedAttendees":  "列入等候清單的出席者",
                   "Description":  "描述:",
                   "ItalianItaly":  "義大利文",
                   "DemoPaymentGatewayPageTitle":  "示範付款閘道",
                   "BroughtToYouBy":  "帶來給您的",
                   "DutchNetherlands":  "荷蘭文",
                   "EnableAutoRegisterRadioButtonText":  "有空位時自動註冊並通知",
                   "Hebrew":  "希伯來文",
                   "Amount":  "金額:",
                   "CommunicationError":  "我們在與伺服器通訊時遇到問題。",
                   "AddAttendeeToWaitlist":  "新增出席者至等候清單",
                   "InsufficentNumberOfPasses":  "剩餘的入場證不夠，因此無法完成您的購買。",
                   "Monday":  "星期一",
                   "NoPassesEvent":  "此事件並無任何入場證。",
                   "Thursday":  "星期四",
                   "EnterLastName":  "輸入您的姓氏",
                   "ThankYouForRegistering":  "感謝您註冊事件!",
                   "RequiredRegistrationFieldMissing":  "您的註冊缺少至少一位出席者的必要資訊。",
                   "Sessions":  "會議",
                   "AssignedAttendees":  "註冊",
                   "StartDate":  "開始日期",
                   "AddSessionToCart":  "新增工作階段",
                   "AddAttendee":  "新增出席者",
                   "ChangeLanguage":  "變更語言",
                   "EmailAddress":  "電子郵件地址",
                   "AttendeePassIdNotValid":  "出席者中有一位入場證 ID 無效",
                   "FirstName":  "名字",
                   "FinalizationAfterTimeLimit":  "購買未及時完成。",
                   "CopyrightWithParam":  "著作權 © {0} 著作權所有，並保留一切權利。",
                   "RefreshPage":  "此工作階段已經過期。請重新整理頁面以繼續。",
                   "WaitlistedSessions":  "已排入等候清單的工作階段",
                   "EventCapacityReached":  "已達活動容量上限。",
                   "CardNumber":  "卡號: ",
                   "MaximumCapacityReached":  "此事件都已售罄，但是您仍可以註冊加入等候清單。",
                   "AutoRegister":  "自動註冊",
                   "AttendeeHasWaitlistRegistrationsInfo":  "這個註冊者出現在一個或多個工作階段的等候清單上。",
                   "Attendees":  "出席者",
                   "EnglishCanada":  "英文 (加拿大)",
                   "RegisterNow":  "立即註冊",
                   "Newest":  "最新",
                   "SoldOut":  "已售完",
                   "SessionCartHeader":  "會議購物車",
                   "SwedishSweden":  "瑞典文",
                   "Pass":  "入場證",
                   "SelectedSessions":  "選取的會議",
                   "Waitlist":  "等候清單",
                   "Name":  "名稱",
                   "Bulgarian":  "保加利亞文",
                   "Remove":  "移除​​",
                   "SponsorName":  "贊助者名稱",
                   "NoRegistrationsFound":  "找不到註冊",
                   "SessionFullyBooked":  "已完全預約",
                   "CancelRegistrationEventMessage":  "您確定要取消註冊 {0} 嗎？",
                   "NoSessionsAssociated":  "沒有與此入場證相關的會議。",
                   "RomanianRomania":  "羅馬尼亞文",
                   "AnonymousRegistrationNotAllowed":  "您必須先建立帳戶及隨後登入，才能註冊此事件。",
                   "Search":  "搜尋​​",
                   "SignOut":  "登出",
                   "NoSessionsAssigned":  "未指派任何工作階段。",
                   "MyRegistrations":  "我的註冊",
                   "Cancel":  "取消​​",
                   "SortBy":  "排序依據",
                   "AddAnotherAttendee":  "新增其他出席者",
                   "CancelPayment":  "取消付款",
                   "AttendeeAutoRegistrationInfo":  "這位出席者將在有空位出現時自動註冊。",
                   "CancelRegistration":  "取消註冊",
                   "Korean":  "韓文",
                   "Turkish":  "土耳其文",
                   "FrenchFrance":  "法文 (法國)",
                   "AdditionalInformationAvailable":  "有其他可用資訊",
                   "DiscardChanges":  "捨棄變更",
                   "MaximumSessionCapacityReached":  "此會議已額滿。",
                   "MyWaitlistItems":  "我的等候清單項目",
                   "Slovak":  "斯洛伐克文",
                   "AttendeeDetails":  "出席者詳細資料",
                   "Polish":  "波蘭文",
                   "StartTime":  "開始時間",
                   "EmailInvalid":  "請輸入有效的電子郵件地址。",
                   "DisableAutoRegisterRadioButtonText":  "通知，但有空位時不自動註冊",
                   "PaymentDetails":  "付款詳細資料",
                   "EnterEmailAddress":  "輸入您的電子郵件地址",
                   "RegisteredSince":  "註冊開始日期",
                   "MultiAttendeeRegistrationNotEnabled":  "這個事件不允許註冊多位出席者。",
                   "ChineseTaiwan":  "中文 (台灣)",
                   "Oldest":  "最舊",
                   "Home":  "首頁​​",
                   "Latvian":  "拉脫維亞文",
                   "SessionName":  "會議名稱",
                   "NoChoice":  "無選擇",
                   "Events":  "事件",
                   "Russian":  "俄文",
                   "No":  "否",
                   "RemoveAttendee":  "移除出席者",
                   "Estonian":  "愛沙尼亞文",
                   "WaitlistRegistrationNotAllowedErrorMessage":  "此事件/工作階段不允許等候清單。",
                   "Event":  "事件",
                   "Copyright":  "著作權 © 2018. 著作權所有，並保留一切權利。",
                   "OrderSummary":  "訂單摘要",
                   "NoSessionsTrack":  "此會議追蹤並無任何會議。",
                   "FinalizationNotEnabled":  "您必須啟用示範付款確認才能使用此功能。",
                   "AlreadyRegistered":  "已註冊",
                   "RegistrationFailed":  "註冊時發生問題",
                   "SessionNotLive":  "您嘗試註冊的會議不接受新註冊。",
                   "Danish":  "丹麥文",
                   "Vietnamese":  "越南文",
                   "FirstNameRequired":  "名字是必要項目。",
                   "EditingWaitlistedAttendee":  "正在編輯列入等候清單的出席者",
                   "EnterFirstName":  "輸入您的名字",
                   "LastName":  "姓氏",
                   "NoWaitlistItemsFound":  "找不到等候清單項目",
                   "Yes":  "是",
                   "Greek":  "希臘文",
                   "SaveChanges":  "儲存變更",
                   "EditAttendee":  "編輯出席者",
                   "EmailRequired":  "電子郵件是必要項目。",
                   "NoSessionsEvent":  "此事件並無任何會議。",
                   "ShowSessions":  "顯示工作階段",
                   "PassInformation":  "入場證資訊",
                   "EventNotFound":  "您正在嘗試註冊的事件並不存在。",
                   "AddedSince":  "已新增，始自",
                   "Finnish":  "芬蘭文",
                   "Chinese":  "中文 (中國)",
                   "Profile":  "設定檔",
                   "NorwegianBokml":  "挪威文",
                   "ChineseHongKong":  "中文 (香港特別行政區)",
                   "PortuguesePortugal":  "葡萄牙文 (葡萄牙)"
               },
    "isJapanese":  false
}
