﻿{
    "labels":  {
                   "NoSpeakersEvent":  "Tato akce nemá přiřazené žádné přednášející.",
                   "EnglishAustralia":  "Angličtina (Austrálie)",
                   "Building":  "Budova",
                   "SignIn":  "Přihlásit se",
                   "CardHolder":  "Držitel karty:",
                   "Lithuanian":  "Litevština",
                   "InvalidValueForRequiredRegistrationField":  "Vaše registrace zahrnuje neplatnou hodnotu pro povinné pole.",
                   "EnglishGB":  "Angličtina (VB)",
                   "Tuesday":  "Úterý",
                   "RegisterAttendees":  "Registrovat účastníky",
                   "GermanGermany":  "Němčina",
                   "Submit":  "Odeslat",
                   "SessionTracks":  "Zaměření přednášek",
                   "CancelRegistrationError":  "Při rušení registrace došlo k problému.",
                   "EventRegistrationTitle":  "Registrace akce",
                   "SerbianCyrillic":  "Srbština (cyrilice)",
                   "FrenchCanada":  "Francouzština (Kanada)",
                   "Basque":  "Baskičtina",
                   "SessionsIncludedInPass":  "Přednášky zahrnuté ve vstupence",
                   "Indonesian":  "Indonéština",
                   "SelectAPass":  "Vyberte vstupenku.",
                   "Galician":  "Galicijština",
                   "RegistrationConfirmation":  "Potvrzení registrace",
                   "Croatian":  "Chorvatština",
                   "Thai":  "Thajština",
                   "FinalizationNotAllowed":  "Zadaná hodnota CAPTCHA není správná. Zkuste to znovu.",
                   "MaximumNoAttendeesReached":  "Tato akce je vyprodaná.",
                   "WebsiteColon":  "Web:",
                   "Friday":  "Pátek",
                   "OnlyWaitlistRegistrationPossibleText":  "Noví registrující budou přidání do seznamu čekajících pro tuto přednášku.",
                   "EditingAttendee":  "Úprava účastníka",
                   "Register":  "Zaregistrovat se",
                   "ArabicSaudiArabia":  "Arabština",
                   "WaitForRegistrationsToAppear":  "Mějte na paměti, že při zpracování registrací může dojít ke zpoždění.",
                   "EndTime":  "Koncový čas",
                   "MyAccount":  "Můj účet",
                   "RequestTimedOut":  "Zpracování vaší registrace trvalo příliš dlouho. Zkuste to znovu.",
                   "Hungarian":  "Maďarština",
                   "NoSponsorshipsEvent":  "Tato akce nemá žádné sponzory.",
                   "AvailableEvents":  "Dostupné události",
                   "Wednesday":  "Středa",
                   "EventName":  "Název akce",
                   "Sunday":  "Neděle",
                   "LastNameRequired":  "Příjmení je povinné.",
                   "RemoveMessage":  "Opravdu chcete odebrat {0} {1}?",
                   "Japanese":  "Japonština",
                   "AttendeeSessionIdNotValid":  "Jeden z účastníků má neplatné ID vstupenky",
                   "Email":  "E-mail",
                   "NoSessionTracksEvent":  "Tato akce nemá žádná zaměření.",
                   "AZ":  "A-Z",
                   "AnonymousAccessNotAllowedError":  "Chcete-li pokračovat, musíte se přihlásit.",
                   "EventCapacityExceeding":  "Nemůžete zaregistrovat tolik účastníků, protože by došlo k překročení maximální kapacity akce.",
                   "PassPrice":  "Cena vstupenky",
                   "ZA":  "Z-A",
                   "PortugueseBrazil":  "Portugalština (Brazílie)",
                   "AttendeeInformation":  "Informace o účastníkovi",
                   "EmulatePayment":  "Emulace platby",
                   "Session":  "Přednáška",
                   "Speakers":  "Přednášející",
                   "EnglishUS":  "Angličtina (USA)",
                   "Processing":  "Zpracování",
                   "BlogColon":  "Blog:",
                   "TooManyAttendees":  "Současně lze registrovat až 50 účastníků. Pokud potřebujete registrovat více účastníků, vytvořte další registrace.",
                   "RemoveSession":  "Odebrat relaci",
                   "SerbianLatin":  "Srbština (latinka)",
                   "Catalan":  "Katalánština",
                   "EventNotLive":  "Akce, na kterou se snažíte zaregistrovat, nepřijímá nové registrace.",
                   "Ukrainian":  "Ukrajinština",
                   "Slovenian":  "Slovinština",
                   "Saturday":  "Sobota",
                   "SignInForEditingAttendee":  "Přihlásit se k registraci akce",
                   "Checkout":  "Pokladna",
                   "Registration":  "Registrace",
                   "Czech":  "Čeština",
                   "FinishRegistration":  "Dokončit registraci",
                   "SpanishSpain":  "Španělština (Španělsko)",
                   "EndDate":  "Koncové datum",
                   "WaitlistedAttendees":  "Účastníci na seznamu čekajících",
                   "Description":  "Popis:",
                   "ItalianItaly":  "Italština",
                   "DemoPaymentGatewayPageTitle":  "Ukázková platební brána",
                   "BroughtToYouBy":  "Přinesl vám",
                   "DutchNetherlands":  "Holandština",
                   "EnableAutoRegisterRadioButtonText":  "Automaticky registrovat a upozornit, když se uvolní místo",
                   "Hebrew":  "Hebrejština",
                   "Amount":  "Částka:",
                   "CommunicationError":  "Při komunikaci se serverem došlo k potížím.",
                   "AddAttendeeToWaitlist":  "Přidat účastníka do seznamu čekajících",
                   "InsufficentNumberOfPasses":  "Pro dokončení vašeho nákupu není k dispozici dostatečný počet vstupenek.",
                   "Monday":  "Pondělí",
                   "NoPassesEvent":  "Tato akce nemá žádné vstupenky.",
                   "Thursday":  "Čtvrtek",
                   "EnterLastName":  "Zadejte své příjmení",
                   "ThankYouForRegistering":  "Děkujeme vám, že jste se zaregistrovali na tuto akci.",
                   "RequiredRegistrationFieldMissing":  "Vaší registraci chybí požadovaná informace pro alespoň jednoho účastníka.",
                   "Sessions":  "Přednášky",
                   "AssignedAttendees":  "Registrace",
                   "StartDate":  "Počáteční datum",
                   "AddSessionToCart":  "Přidat relaci",
                   "AddAttendee":  "Přidat účastníka",
                   "ChangeLanguage":  "Změnit jazyk",
                   "EmailAddress":  "E-mailová adresa",
                   "AttendeePassIdNotValid":  "Jeden z účastníků má neplatné ID vstupenky ",
                   "FirstName":  "Křestní jméno",
                   "FinalizationAfterTimeLimit":  "Nákup nebyl dokončen včas.",
                   "CopyrightWithParam":  "Copyright © {0}. Všechna práva vyhrazena.",
                   "RefreshPage":  "Platnost relace vypršela. Pokud chcete pokračovat, aktualizujte prosím stránku.",
                   "WaitlistedSessions":  "přednášky na seznamu čekajících",
                   "EventCapacityReached":  "Bylo dosaženo maximální kapacity akce.",
                   "CardNumber":  "Číslo karty:",
                   "MaximumCapacityReached":  "Tato akce je vyprodaná, můžete se ale zaregistrovat na seznam čekajících. ",
                   "AutoRegister":  "Automatická registrace",
                   "AttendeeHasWaitlistRegistrationsInfo":  "Tento registrující je na seznamu čekajících pro jednu nebo více přednášek.",
                   "Attendees":  "Účastníci",
                   "EnglishCanada":  "Angličtina (Kanada)",
                   "RegisterNow":  "Zaregistrujte se hned teď.",
                   "Newest":  "Nejnovější",
                   "SoldOut":  "Vyprodáno",
                   "SessionCartHeader":  "Košík přednášky",
                   "SwedishSweden":  "Švédština",
                   "Pass":  "Vstupenka",
                   "SelectedSessions":  "Vybrané přednášky",
                   "Waitlist":  "Seznam čekajících",
                   "Name":  "Jméno",
                   "Bulgarian":  "Bulharština",
                   "Remove":  "Odebrat",
                   "SponsorName":  "Název sponzora",
                   "NoRegistrationsFound":  "Nebyly nalezeny žádné registrace.",
                   "SessionFullyBooked":  "Plně rezervováno",
                   "CancelRegistrationEventMessage":  "Opravdu chcete zrušit registraci k {0}?",
                   "NoSessionsAssociated":  "K této vstupence nejsou přidružené žádné přednášky.",
                   "RomanianRomania":  "Rumunština",
                   "AnonymousRegistrationNotAllowed":  "Před registrací na tuto akci si musíte vytvořit účet a přihlásit se.",
                   "Search":  "Hledat",
                   "SignOut":  "Odhlásit se",
                   "NoSessionsAssigned":  "Neexistují žádné přidružené žádné přednášky.",
                   "MyRegistrations":  "Moje registrace",
                   "Cancel":  "Zrušit",
                   "SortBy":  "Řadit podle",
                   "AddAnotherAttendee":  "Přidat dalšího účastníka",
                   "CancelPayment":  "Zrušit platbu",
                   "AttendeeAutoRegistrationInfo":  "Tento účastník bude automaticky zaregistrován, jakmile bude k dispozici volná kapacita.",
                   "CancelRegistration":  "Zrušit registraci",
                   "Korean":  "Korejština",
                   "Turkish":  "Turečtina",
                   "FrenchFrance":  "Francouzština (Francie)",
                   "AdditionalInformationAvailable":  "Další informace je k dispozici",
                   "DiscardChanges":  "Zahodit změny",
                   "MaximumSessionCapacityReached":  "Tato přednáška je vyprodaná.",
                   "MyWaitlistItems":  "Moje položky na seznamu čekajících",
                   "Slovak":  "Slovenština",
                   "AttendeeDetails":  "Podrobnosti účastníka",
                   "Polish":  "Polština",
                   "StartTime":  "Počáteční čas",
                   "EmailInvalid":  "Zadejte platnou e-mailovou adresu.",
                   "DisableAutoRegisterRadioButtonText":  "Upozornit, ale automaticky neregistrovat, když se uvolní místo",
                   "PaymentDetails":  "Podrobnosti platby",
                   "EnterEmailAddress":  "Zadejte svou e-mailovou adresu",
                   "RegisteredSince":  "Registrace od",
                   "MultiAttendeeRegistrationNotEnabled":  "Tato akce nepovoluje registraci více účastníků.",
                   "ChineseTaiwan":  "Čínština (Tchaj-wan)",
                   "Oldest":  "Nejstarší",
                   "Home":  "Domovská stránka",
                   "Latvian":  "Lotyština",
                   "SessionName":  "Název přednášky",
                   "NoChoice":  "Žádná volba",
                   "Events":  "Akce",
                   "Russian":  "Ruština",
                   "No":  "Ne",
                   "RemoveAttendee":  "Odebrat účastníka",
                   "Estonian":  "Estonština",
                   "WaitlistRegistrationNotAllowedErrorMessage":  "Pro tuto akci nebo přednášku není k dispozici žádný seznam čekajících.",
                   "Event":  "Akce",
                   "Copyright":  "Copyright © 2018. Všechna práva vyhrazena.",
                   "OrderSummary":  "Souhrn objednávky",
                   "NoSessionsTrack":  "Toto zaměření nemá žádné přednášky.",
                   "FinalizationNotEnabled":  "Abyste mohli použít tuto funkci, musíte povolit potvrzení ukázkové platby.",
                   "AlreadyRegistered":  "Už zaregistrováno",
                   "RegistrationFailed":  "Při registraci došlo k potížím.",
                   "SessionNotLive":  "Přednáška, na kterou se snažíte zaregistrovat, nepřijímá nové registrace.",
                   "Danish":  "Dánština",
                   "Vietnamese":  "Vietnamština",
                   "FirstNameRequired":  "Křestní jméno je povinné.",
                   "EditingWaitlistedAttendee":  "Úprava účastníků na seznamu čekajících",
                   "EnterFirstName":  "Zadejte své křestní jméno",
                   "LastName":  "Příjmení",
                   "NoWaitlistItemsFound":  "Nebyly nalezeny žádné položky na seznamu čekajících",
                   "Yes":  "Ano",
                   "Greek":  "Řečtina",
                   "SaveChanges":  "Uložit změny",
                   "EditAttendee":  "Úprava účastníka",
                   "EmailRequired":  "E-mail je povinný.",
                   "NoSessionsEvent":  "Tato akce nemá žádné přednášky.",
                   "ShowSessions":  "zobrazit přednášky",
                   "PassInformation":  "Informace o vstupence",
                   "EventNotFound":  "Akce, na kterou se snažíte zaregistrovat, neexistuje.",
                   "AddedSince":  "Přidáno od",
                   "Finnish":  "Finština",
                   "Chinese":  "Čínština (Čína)",
                   "Profile":  "Profil",
                   "NorwegianBokml":  "Norština",
                   "ChineseHongKong":  "Čínština (Hongkong)",
                   "PortuguesePortugal":  "Portugalština (Portugalsko)"
               },
    "isJapanese":  false
}
