﻿{
    "labels":  {
                   "NoSpeakersEvent":  "Dette arrangement har ikke nogen højttalere, der er tildelt til det.",
                   "EnglishAustralia":  "Engelsk (Australien)",
                   "Building":  "Bygning",
                   "SignIn":  "Log på",
                   "CardHolder":  "Kortindehaver:",
                   "Lithuanian":  "Litauisk",
                   "InvalidValueForRequiredRegistrationField":  "Din tilmelding inkluderer en ugyldig værdi for et påkrævet felt.",
                   "EnglishGB":  "Engelsk (Storbritannien)",
                   "Tuesday":  "Tirsdag",
                   "RegisterAttendees":  "Registrer deltagere",
                   "GermanGermany":  "Tysk",
                   "Submit":  "Send",
                   "SessionTracks":  "Sessionsspor",
                   "CancelRegistrationError":  "Der opstod et problem under annulleringen af tilmeldingen.",
                   "EventRegistrationTitle":  "Tilmelding til arrangement",
                   "SerbianCyrillic":  "Serbisk (kyrillisk)",
                   "FrenchCanada":  "Fransk (Canada)",
                   "Basque":  "Baskisk",
                   "SessionsIncludedInPass":  "Sessioner, der er inkluderet i adgangskort",
                   "Indonesian":  "Indonesisk",
                   "SelectAPass":  "Vælg et adgangskort",
                   "Galician":  "Galisisk",
                   "RegistrationConfirmation":  "Bekræftelse af tilmelding",
                   "Croatian":  "Kroatisk",
                   "Thai":  "Thai",
                   "FinalizationNotAllowed":  "Den CAPTCHA-værdi, du har angivet, matcher ikke. Prøv igen.",
                   "MaximumNoAttendeesReached":  "Dette arrangement er udsolgt.",
                   "WebsiteColon":  "Websted:",
                   "Friday":  "Fredag",
                   "OnlyWaitlistRegistrationPossibleText":  "Der føjes nye tilmeldte til ventelisten til denne session.",
                   "EditingAttendee":  "Redigerer deltager",
                   "Register":  "Tilmeld",
                   "ArabicSaudiArabia":  "Arabisk",
                   "WaitForRegistrationsToAppear":  "Bemærk, at der kan være en forsinkelse i behandlingen af dine registreringer.",
                   "EndTime":  "Sluttidspunkt",
                   "MyAccount":  "Mit firma",
                   "RequestTimedOut":  "Din registrering tog for lang tid at behandle. Prøv igen.",
                   "Hungarian":  "Ungarsk",
                   "NoSponsorshipsEvent":  "Dette arrangement har ingen sponsorer.",
                   "AvailableEvents":  "Tilgængelige arrangementer",
                   "Wednesday":  "Onsdag",
                   "EventName":  "Arrangementsnavn",
                   "Sunday":  "Søndag",
                   "LastNameRequired":  "Efternavn kræves.",
                   "RemoveMessage":  "Er du sikker på, at du vil fjerne {0} {1}?",
                   "Japanese":  "Japansk",
                   "AttendeeSessionIdNotValid":  "Én af deltagerne har et ugyldigt adgangs-id",
                   "Email":  "Mail",
                   "NoSessionTracksEvent":  "Dette arrangement har ingen sessionsspor.",
                   "AZ":  "A-Å",
                   "AnonymousAccessNotAllowedError":  "Du skal logge på for at fortsætte.",
                   "EventCapacityExceeding":  "Du kan ikke registrere så mange deltagere, da det vil være overstige den maksimale arrangementskapacitet.",
                   "PassPrice":  "Adgangskortpris",
                   "ZA":  "Å-A",
                   "PortugueseBrazil":  "Portugisisk (Brasilien)",
                   "AttendeeInformation":  "Oplysninger om deltager",
                   "EmulatePayment":  "Emuler betaling",
                   "Session":  "Session",
                   "Speakers":  "Talere",
                   "EnglishUS":  "Engelsk (USA)",
                   "Processing":  "Behandler",
                   "BlogColon":  "Blog:",
                   "TooManyAttendees":  "Du kan kun tilmelde op til 50 deltagere ad gangen. Opret yderligere tilmeldinger, hvis du har brug for at tilmelde flere deltagere end dette.",
                   "RemoveSession":  "Fjern session",
                   "SerbianLatin":  "Serbisk (latinsk)",
                   "Catalan":  "Catalansk",
                   "EventNotLive":  "Det arrangement, du forsøger at tilmelde dig, accepterer ikke nye tilmeldinger.",
                   "Ukrainian":  "Ukrainsk",
                   "Slovenian":  "Slovensk",
                   "Saturday":  "Lørdag",
                   "SignInForEditingAttendee":  "Log på for tilmelding til arrangement",
                   "Checkout":  "Tjek ud",
                   "Registration":  "Tilmelding",
                   "Czech":  "Tjekkisk",
                   "FinishRegistration":  "Afslut tilmelding",
                   "SpanishSpain":  "Spansk (Spanien)",
                   "EndDate":  "Slutdato",
                   "WaitlistedAttendees":  "Deltagere på venteliste",
                   "Description":  "Beskrivelse:",
                   "ItalianItaly":  "Italiensk",
                   "DemoPaymentGatewayPageTitle":  "Demobetalingsgateway",
                   "BroughtToYouBy":  "Gjort muligt af",
                   "DutchNetherlands":  "Nederlandsk",
                   "EnableAutoRegisterRadioButtonText":  "Tilmeld automatisk, og giv besked, når der bliver ledig plads",
                   "Hebrew":  "Hebraisk",
                   "Amount":  "Beløb:",
                   "CommunicationError":  "Der er problemer med at kommunikere med serveren.",
                   "AddAttendeeToWaitlist":  "Føj deltager til venteliste",
                   "InsufficentNumberOfPasses":  "Der er ikke tilstrækkelig trin tilbage til at fuldføre købet.",
                   "Monday":  "Mandag",
                   "NoPassesEvent":  "Dette arrangement har ingen adgangskort.",
                   "Thursday":  "Torsdag",
                   "EnterLastName":  "Angiv dit efternavn",
                   "ThankYouForRegistering":  "Tak for din tilmelding til arrangementet!",
                   "RequiredRegistrationFieldMissing":  "Din tilmelding mangler påkrævede oplysninger for mindst én deltager.",
                   "Sessions":  "Sessioner",
                   "AssignedAttendees":  "Registreringer",
                   "StartDate":  "Startdato",
                   "AddSessionToCart":  "Tilføj session",
                   "AddAttendee":  "Tilføj deltager",
                   "ChangeLanguage":  "Skift sprog",
                   "EmailAddress":  "Mailadresse",
                   "AttendeePassIdNotValid":  "Én af deltagerne har et ugyldigt adgangs-id ",
                   "FirstName":  "Fornavn",
                   "FinalizationAfterTimeLimit":  "Købet blev ikke fuldført i tide.",
                   "CopyrightWithParam":  "Copyright © {0}. Alle rettigheder forbeholdes.",
                   "RefreshPage":  "Sessionen er udløbet. Opdater siden for at fortsætte.",
                   "WaitlistedSessions":  "session(er) med venteliste",
                   "EventCapacityReached":  "Arrangementets maksimumkapacitet er nået.",
                   "CardNumber":  "Kortnummer:",
                   "MaximumCapacityReached":  "Dette arrangement er udsolgt, men du kan stadig tilmelde dig ventelisten. ",
                   "AutoRegister":  "Tilmeld dig automatisk",
                   "AttendeeHasWaitlistRegistrationsInfo":  "Denne registrant er på ventelisten til én eller flere sessioner.",
                   "Attendees":  "Deltagere",
                   "EnglishCanada":  "Engelsk (Canada)",
                   "RegisterNow":  "Tilmeld dig nu",
                   "Newest":  "Nyeste",
                   "SoldOut":  "Udsolgt",
                   "SessionCartHeader":  "Sessionsindkøbsvogn",
                   "SwedishSweden":  "Svensk",
                   "Pass":  "Adgangskort",
                   "SelectedSessions":  "Valgte sessioner",
                   "Waitlist":  "Venteliste",
                   "Name":  "Navn",
                   "Bulgarian":  "Bulgarsk",
                   "Remove":  "Fjern",
                   "SponsorName":  "Sponsornavn",
                   "NoRegistrationsFound":  "Der blev ikke fundet nogen registreringer",
                   "SessionFullyBooked":  "Helt reserveret",
                   "CancelRegistrationEventMessage":  "Vil du annullere tilmeldingen til {0}?",
                   "NoSessionsAssociated":  "Der er ingen sessioner, der er tilknyttet dette adgangskort.",
                   "RomanianRomania":  "Rumænsk",
                   "AnonymousRegistrationNotAllowed":  "Du skal oprette en konto og logge på, før du kan tilmelde dig dette arrangement.",
                   "Search":  "Søg",
                   "SignOut":  "Log af",
                   "NoSessionsAssigned":  "Der er ikke tildelt nogen sessioner.",
                   "MyRegistrations":  "Mine tilmeldinger",
                   "Cancel":  "Annuller",
                   "SortBy":  "Sortér efter",
                   "AddAnotherAttendee":  "Tilføj en anden deltager",
                   "CancelPayment":  "Annuller betaling",
                   "AttendeeAutoRegistrationInfo":  "Denne deltager registreres automatisk, så snart kapacitet bliver tilgængelig.",
                   "CancelRegistration":  "Annullér tilmelding",
                   "Korean":  "Koreansk",
                   "Turkish":  "Tyrkisk",
                   "FrenchFrance":  "Fransk (Frankrig)",
                   "AdditionalInformationAvailable":  "Der er yderligere oplysninger",
                   "DiscardChanges":  "Vil du fjerne ændringer?",
                   "MaximumSessionCapacityReached":  "Denne session er udsolgt.",
                   "MyWaitlistItems":  "Mine ventelisteelementer",
                   "Slovak":  "Slovakisk",
                   "AttendeeDetails":  "Oplysninger om deltager",
                   "Polish":  "Polsk",
                   "StartTime":  "Starttidspunkt",
                   "EmailInvalid":  "Angiv en gyldig mailadresse.",
                   "DisableAutoRegisterRadioButtonText":  "Giv besked, men undlad at tilmelde automatisk, når der bliver ledig plads",
                   "PaymentDetails":  "Betalingsdetaljer",
                   "EnterEmailAddress":  "Angiv din mailadresse",
                   "RegisteredSince":  "Tilmeldt siden",
                   "MultiAttendeeRegistrationNotEnabled":  "Dette arrangement tillader ikke tilmelding af flere deltagere.",
                   "ChineseTaiwan":  "Kinesisk (Taiwan)",
                   "Oldest":  "Ældste",
                   "Home":  "Startside",
                   "Latvian":  "Lettisk",
                   "SessionName":  "Sessionsnavn",
                   "NoChoice":  "Intet valg",
                   "Events":  "Arrangementer",
                   "Russian":  "Russisk",
                   "No":  "Nej",
                   "RemoveAttendee":  "Fjern deltager",
                   "Estonian":  "Estisk",
                   "WaitlistRegistrationNotAllowedErrorMessage":  "Der er ingen venteliste for dette arrangement eller denne session.",
                   "Event":  "Arrangement",
                   "Copyright":  "Copyright © 2018. Alle rettigheder forbeholdes.",
                   "OrderSummary":  "Ordreoversigt",
                   "NoSessionsTrack":  "Dette sessionsspor har ingen sessioner.",
                   "FinalizationNotEnabled":  "Du skal aktivere demobetalingsbekræftelse for at kunne bruge denne funktion.",
                   "AlreadyRegistered":  "Allerede tilmeldt",
                   "RegistrationFailed":  "Der opstod et problem med tilmeldingen",
                   "SessionNotLive":  "Den session, du forsøger at tilmelde dig, accepterer ikke nye tilmeldinger.",
                   "Danish":  "Dansk",
                   "Vietnamese":  "Vietnamesisk",
                   "FirstNameRequired":  "Fornavn kræves.",
                   "EditingWaitlistedAttendee":  "Redigerer deltager på venteliste",
                   "EnterFirstName":  "Angiv dit fornavn",
                   "LastName":  "Efternavn",
                   "NoWaitlistItemsFound":  "Der blev ikke fundet nogen ventelisteelementer",
                   "Yes":  "Ja",
                   "Greek":  "Græsk",
                   "SaveChanges":  "Gem ændringer",
                   "EditAttendee":  "Rediger deltager",
                   "EmailRequired":  "Mail kræves.",
                   "NoSessionsEvent":  "Dette arrangement har ingen sessioner.",
                   "ShowSessions":  "vis sessioner",
                   "PassInformation":  "Adgangskortoplysninger",
                   "EventNotFound":  "Det arrangement, du forsøger at tilmelde dig, findes ikke.",
                   "AddedSince":  "Tilføjet siden",
                   "Finnish":  "Finsk",
                   "Chinese":  "Kinesisk (Kina)",
                   "Profile":  "Profil",
                   "NorwegianBokml":  "Norsk",
                   "ChineseHongKong":  "Kinesisk (SAR Hongkong)",
                   "PortuguesePortugal":  "Portugisisk (Portugal)"
               },
    "isJapanese":  false
}
