﻿{
    "labels":  {
                   "NoSpeakersEvent":  "Diesem Ereignis sind keine Referenten zugewiesen worden.",
                   "EnglishAustralia":  "Englisch (Australien)",
                   "Building":  "Gebäude",
                   "SignIn":  "Anmelden",
                   "CardHolder":  "Karteninhaber:",
                   "Lithuanian":  "Litauisch",
                   "InvalidValueForRequiredRegistrationField":  "Ihre Registrierung enthält einen ungültigen Wert für ein erforderliches Feld.",
                   "EnglishGB":  "Englisch (GB)",
                   "Tuesday":  "Dienstag",
                   "RegisterAttendees":  "Teilnehmer registrieren",
                   "GermanGermany":  "Deutsch",
                   "Submit":  "Senden",
                   "SessionTracks":  "Sitzungsthemenbereiche",
                   "CancelRegistrationError":  "Beim Abbruch der Registrierung ist ein Fehler aufgetreten.",
                   "EventRegistrationTitle":  "Ereignisregistrierung",
                   "SerbianCyrillic":  "Serbisch (Kyrillisch)",
                   "FrenchCanada":  "Französisch (Kanada)",
                   "Basque":  "Baskisch",
                   "SessionsIncludedInPass":  "In diesem Ausweis enthaltene Sitzungen",
                   "Indonesian":  "Indonesisch",
                   "SelectAPass":  "Ausweis auswählen",
                   "Galician":  "Galicisch",
                   "RegistrationConfirmation":  "Registrierungsbestätigung",
                   "Croatian":  "Kroatisch",
                   "Thai":  "Thailändisch",
                   "FinalizationNotAllowed":  "Der von Ihnen angegebene CAPTCHA-Wert stimmt nicht überein. Versuchen Sie es erneut.",
                   "MaximumNoAttendeesReached":  "Dieses Ereignis ist ausverkauft.",
                   "WebsiteColon":  "Website:",
                   "Friday":  "Freitag",
                   "OnlyWaitlistRegistrationPossibleText":  "Neue Registranten werden der Warteliste für diese Sitzung hinzugefügt.",
                   "EditingAttendee":  "Teilnehmer bearbeiten",
                   "Register":  "Registrieren",
                   "ArabicSaudiArabia":  "Arabisch",
                   "WaitForRegistrationsToAppear":  "Bitte beachten Sie, dass bei der Verarbeitung Ihrer Registrierungen eine Verzögerung auftreten kann.",
                   "EndTime":  "Endzeit",
                   "MyAccount":  "Mein Konto",
                   "RequestTimedOut":  "Die Verarbeitung Ihrer Registrierung hat zu lange gedauert. Versuchen Sie es noch einmal.",
                   "Hungarian":  "Ungarisch",
                   "NoSponsorshipsEvent":  "Dieses Ereignis hat keine Sponsoren.",
                   "AvailableEvents":  "Verfügbare Ereignisse",
                   "Wednesday":  "Mittwoch",
                   "EventName":  "Ereignisname",
                   "Sunday":  "Sonntag",
                   "LastNameRequired":  "Der Nachname muss angegeben werden.",
                   "RemoveMessage":  "Möchten Sie {0} {1} wirklich entfernen?",
                   "Japanese":  "Japanisch",
                   "AttendeeSessionIdNotValid":  "Einer der Teilnehmer hat eine ungültige ID",
                   "Email":  "E-Mail",
                   "NoSessionTracksEvent":  "Dieses Ereignis hat keine Veranstaltungsthemenbereiche.",
                   "AZ":  "A-Z",
                   "AnonymousAccessNotAllowedError":  "Sie müssen sich anmelden, um fortzufahren.",
                   "EventCapacityExceeding":  "Diese Anzahl an Teilnehmern kann nicht registriert werden, da dies die maximale Ereigniskapazität überschreiten würde.",
                   "PassPrice":  "Ausweispreis",
                   "ZA":  "Z-A",
                   "PortugueseBrazil":  "Portugiesisch (Brasilien)",
                   "AttendeeInformation":  "Teilnehmerinformationen",
                   "EmulatePayment":  "Zahlung emulieren",
                   "Session":  "Sitzung",
                   "Speakers":  "Referenten",
                   "EnglishUS":  "English (US)",
                   "Processing":  "Verarbeitung",
                   "BlogColon":  "Blog:",
                   "TooManyAttendees":  "Sie können nur bis zu 50 Teilnehmer gleichzeitig registrieren. Erstellen Sie zusätzliche Registrierungen, wenn Sie mehr Teilnehmer registrieren möchten.",
                   "RemoveSession":  "Sitzung entfernen",
                   "SerbianLatin":  "Serbisch (Lateinisch)",
                   "Catalan":  "Katalanisch",
                   "EventNotLive":  "Das Ereignis, für das Sie sich gerade registrieren möchten, nimmt keine neuen Registrierungen an.",
                   "Ukrainian":  "Ukrainisch",
                   "Slovenian":  "Slowenisch",
                   "Saturday":  "Samstag",
                   "SignInForEditingAttendee":  "Anmeldung für Ereignisregistrierung",
                   "Checkout":  "Auschecken",
                   "Registration":  "Registrierung",
                   "Czech":  "Tschechisch",
                   "FinishRegistration":  "Registrierung abschließen",
                   "SpanishSpain":  "Spanisch (Spanien)",
                   "EndDate":  "Enddatum",
                   "WaitlistedAttendees":  "Teilnehmer auf der Warteliste",
                   "Description":  "Beschreibung:",
                   "ItalianItaly":  "Italienisch",
                   "DemoPaymentGatewayPageTitle":  "Demozahlungsgateway",
                   "BroughtToYouBy":  "Bereitgestellt von",
                   "DutchNetherlands":  "Niederländisch",
                   "EnableAutoRegisterRadioButtonText":  "Automatisch registrieren und benachrichtigen, sobald Platz verfügbar ist",
                   "Hebrew":  "Hebräisch",
                   "Amount":  "Betrag:",
                   "CommunicationError":  "Bei der Kommunikation mit dem Server ist ein Problem aufgetreten.",
                   "AddAttendeeToWaitlist":  "Teilnehmer zu Warteliste hinzufügen",
                   "InsufficentNumberOfPasses":  "Es sind nicht genügend Ausweise übrig, um Ihren Einkauf abzuschließen.",
                   "Monday":  "Montag",
                   "NoPassesEvent":  "Dieses Ereignis hat keine Ausweise.",
                   "Thursday":  "Donnerstag",
                   "EnterLastName":  "Geben Sie Ihren Nachnamen ein",
                   "ThankYouForRegistering":  "Vielen Dank, dass Sie sich für das Ereignis registriert haben!",
                   "RequiredRegistrationFieldMissing":  "Für Ihre Registrierung fehlen erforderliche Informationen für mindestens einen Teilnehmer.",
                   "Sessions":  "Sitzungen",
                   "AssignedAttendees":  "Registrierungen",
                   "StartDate":  "Startdatum",
                   "AddSessionToCart":  "Sitzung hinzufügen",
                   "AddAttendee":  "Teilnehmer hinzufügen",
                   "ChangeLanguage":  "Sprache ändern",
                   "EmailAddress":  "E-Mail-Adresse",
                   "AttendeePassIdNotValid":  "Einer der Teilnehmer hat eine ungültige ID ",
                   "FirstName":  "Vorname",
                   "FinalizationAfterTimeLimit":  "Der Kauf wurde nicht rechtzeitig abgeschlossen.",
                   "CopyrightWithParam":  "Copyright © {0}. Alle Rechte vorbehalten.",
                   "RefreshPage":  "Die Sitzung ist abgelaufen. Bitte aktualisieren Sie die Seite, um den Vorgang fortzusetzen.",
                   "WaitlistedSessions":  "Sitzung(en) mit Warteliste",
                   "EventCapacityReached":  "Das Ereignis hat die maximale Kapazität erreicht.",
                   "CardNumber":  "Kartennummer:",
                   "MaximumCapacityReached":  "Dieses Ereignis ist ausverkauft. Sie können sich aber immer noch für die Warteliste registrieren. ",
                   "AutoRegister":  "Automatisch registrieren",
                   "AttendeeHasWaitlistRegistrationsInfo":  "Dieser Registrant befindet sich auf der Warteliste für mindestens eine Sitzung.",
                   "Attendees":  "Teilnehmer",
                   "EnglishCanada":  "Englisch (Kanada)",
                   "RegisterNow":  "Jetzt registrieren",
                   "Newest":  "Neueste",
                   "SoldOut":  "Ausverkauft",
                   "SessionCartHeader":  "Warenkorb der Sitzung",
                   "SwedishSweden":  "Schwedisch",
                   "Pass":  "Ausweis",
                   "SelectedSessions":  "Ausgewählte Sitzungen",
                   "Waitlist":  "Warteliste",
                   "Name":  "Name",
                   "Bulgarian":  "Bulgarisch",
                   "Remove":  "Entfernen",
                   "SponsorName":  "Sponsorenname",
                   "NoRegistrationsFound":  "Keine Registrierungen gefunden",
                   "SessionFullyBooked":  "Vollständig gebucht",
                   "CancelRegistrationEventMessage":  "Möchten Sie die Registrierung für {0} wirklich abbrechen?",
                   "NoSessionsAssociated":  "Diesem Ausweis sind keine Sitzungen zugeordnet.",
                   "RomanianRomania":  "Rumänisch",
                   "AnonymousRegistrationNotAllowed":  "Sie müssen ein Konto erstellen und sich anmelden, bevor Sie sich für dieses Ereignis registrieren können.",
                   "Search":  "Suchen",
                   "SignOut":  "Abmelden",
                   "NoSessionsAssigned":  "Es sind keine Sitzungen zugewiesen.",
                   "MyRegistrations":  "Meine Registrierungen",
                   "Cancel":  "Abbrechen",
                   "SortBy":  "Sortieren nach",
                   "AddAnotherAttendee":  "Weiteren Teilnehmer hinzufügen",
                   "CancelPayment":  "Zahlung stornieren",
                   "AttendeeAutoRegistrationInfo":  "Dieser Teilnehmer wird automatisch registriert, sobald die Kapazität verfügbar ist.",
                   "CancelRegistration":  "Registrierung abbrechen",
                   "Korean":  "Koreanisch",
                   "Turkish":  "Türkisch",
                   "FrenchFrance":  "Französisch (Frankreich)",
                   "AdditionalInformationAvailable":  "Weitere Informationen verfügbar",
                   "DiscardChanges":  "Änderungen verwerfen",
                   "MaximumSessionCapacityReached":  "Diese Sitzung ist ausverkauft.",
                   "MyWaitlistItems":  "Meine Wartelistenelemente",
                   "Slovak":  "Slowakisch",
                   "AttendeeDetails":  "Teilnehmerdetails",
                   "Polish":  "Polnisch",
                   "StartTime":  "Startzeit",
                   "EmailInvalid":  "Geben Sie eine gültige E-Mail-Adresse ein.",
                   "DisableAutoRegisterRadioButtonText":  "Benachrichtigen, aber nicht automatisch registrieren, sobald Platz verfügbar ist",
                   "PaymentDetails":  "Zahlungsdetails",
                   "EnterEmailAddress":  "Geben Sie Ihre E-Mail-Adresse ein",
                   "RegisteredSince":  "Registriert seit",
                   "MultiAttendeeRegistrationNotEnabled":  "Für dieses Ereignis ist die Registrierung mehrerer Teilnehmer nicht möglich.",
                   "ChineseTaiwan":  "Chinesisch (Taiwan)",
                   "Oldest":  "Älteste",
                   "Home":  "Start",
                   "Latvian":  "Lettisch",
                   "SessionName":  "Sitzungsname",
                   "NoChoice":  "Keine Auswahl",
                   "Events":  "Ereignisse",
                   "Russian":  "Russisch",
                   "No":  "Nein",
                   "RemoveAttendee":  "Teilnehmer entfernen",
                   "Estonian":  "Estnisch",
                   "WaitlistRegistrationNotAllowedErrorMessage":  "Für dieses Ereignis oder diese Sitzung ist keine Warteliste verfügbar.",
                   "Event":  "Ereignis",
                   "Copyright":  "Copyright © 2018. Alle Rechte vorbehalten.",
                   "OrderSummary":  "Auftragszusammenfassung",
                   "NoSessionsTrack":  "Dieser Veranstaltungsthemenbereich hat keine Sitzungen.",
                   "FinalizationNotEnabled":  "Sie müssen die Demozahlungsbestätigung aktivieren, um diese Funktion nutzen zu können.",
                   "AlreadyRegistered":  "Bereits registriert",
                   "RegistrationFailed":  "Fehler bei der Registrierung",
                   "SessionNotLive":  "Die Sitzung, für die Sie sich gerade registrieren möchten, nimmt keine neuen Registrierungen an.",
                   "Danish":  "Dänisch",
                   "Vietnamese":  "Vietnamesisch",
                   "FirstNameRequired":  "Der Vorname muss angegeben werden.",
                   "EditingWaitlistedAttendee":  "Teilnehmer auf der Warteliste bearbeiten",
                   "EnterFirstName":  "Geben Sie Ihren Vornamen ein",
                   "LastName":  "Nachname",
                   "NoWaitlistItemsFound":  "Keine Wartelistenelemente gefunden",
                   "Yes":  "Ja",
                   "Greek":  "Griechisch",
                   "SaveChanges":  "Änderungen speichern",
                   "EditAttendee":  "Teilnehmer bearbeiten",
                   "EmailRequired":  "Die E-Mail-Adresse muss angegeben werden.",
                   "NoSessionsEvent":  "Dieses Ereignis hat keine Sitzungen.",
                   "ShowSessions":  "Sitzungen anzeigen",
                   "PassInformation":  "Ausweisinformationen",
                   "EventNotFound":  "Das Ereignis, für das Sie sich registrieren möchten, ist nicht vorhanden.",
                   "AddedSince":  "Hinzugefügt seit",
                   "Finnish":  "Finnisch",
                   "Chinese":  "Chinesisch (China)",
                   "Profile":  "Profil",
                   "NorwegianBokml":  "Norwegisch",
                   "ChineseHongKong":  "Chinesisch (Hongkong)",
                   "PortuguesePortugal":  "Portugiesisch (Portugal)"
               },
    "isJapanese":  false
}
