﻿{
    "labels":  {
                   "NoSpeakersEvent":  "Αυτή η εκδήλωση δεν έχει αντιστοιχισμένους ομιλητές.",
                   "EnglishAustralia":  "Αγγλικά (Αυστραλίας)",
                   "Building":  "Κτίριο",
                   "SignIn":  "Σύνδεση",
                   "CardHolder":  "Κάτοχος κάρτας:",
                   "Lithuanian":  "Λιθουανικά",
                   "InvalidValueForRequiredRegistrationField":  "Η εγγραφή σας περιλαμβάνει μια μη έγκυρη τιμή για ένα απαιτούμενο πεδίο.",
                   "EnglishGB":  "Αγγλικά (ΗΒ)",
                   "Tuesday":  "Τρίτη",
                   "RegisterAttendees":  "Καταχώρηση συμμετεχόντων",
                   "GermanGermany":  "Γερμανικά",
                   "Submit":  "Υποβολή",
                   "SessionTracks":  "Τμήματα συνεδρίας",
                   "CancelRegistrationError":  "Παρουσιάστηκε πρόβλημα κατά την ακύρωση της εγγραφής.",
                   "EventRegistrationTitle":  "Εγγραφή σε εκδήλωση",
                   "SerbianCyrillic":  "Σερβικά (Κυριλλικά)",
                   "FrenchCanada":  "Γαλλικά (Καναδά)",
                   "Basque":  "Βασκικά",
                   "SessionsIncludedInPass":  "Συνεδρίες που περιλαμβάνονται στο δελτό συμμετοχής",
                   "Indonesian":  "Ινδονησιακά",
                   "SelectAPass":  "Επιλέξτε ένα δελτίο συμμετοχής",
                   "Galician":  "Γαλικιακά",
                   "RegistrationConfirmation":  "Επιβεβαίωση εγγραφής",
                   "Croatian":  "Κροατικά",
                   "Thai":  "Ταϊλανδικά",
                   "FinalizationNotAllowed":  "Η τιμή CAPTCHA που παρείχατε δεν ταιριάζει. Δοκιμάστε ξανά.",
                   "MaximumNoAttendeesReached":  "Αυτή η εκδήλωση έχει εξαντληθεί.",
                   "WebsiteColon":  "Τοποθεσία Web:",
                   "Friday":  "Παρασκευή",
                   "OnlyWaitlistRegistrationPossibleText":  "Οι νέοι εγγεγραμμένοι θα προστεθούν στη λίστα αναμονής για αυτήν τη συνεδρία.",
                   "EditingAttendee":  "Επεξεργασία συμμετέχοντος",
                   "Register":  "Εγγραφή",
                   "ArabicSaudiArabia":  "Αραβικά",
                   "WaitForRegistrationsToAppear":  "Λάβετε υπόψη ότι μπορεί να υπάρξει καθυστέρηση στην επεξεργασία των εγγραφών σας.",
                   "EndTime":  "Ώρα λήξης",
                   "MyAccount":  "Ο λογαριασμός μου",
                   "RequestTimedOut":  "Η επεξεργασία της εγγραφής σας διήρκεσε υπερβολικά πολύ. Δοκιμάστε ξανά.",
                   "Hungarian":  "Ουγγρικά",
                   "NoSponsorshipsEvent":  "Αυτή η εκδήλωση δεν έχει χορηγούς.",
                   "AvailableEvents":  "Διαθέσιμες εκδηλώσεις",
                   "Wednesday":  "Τετάρτη",
                   "EventName":  "Όνομα εκδήλωσης",
                   "Sunday":  "Κυριακή",
                   "LastNameRequired":  "Απαιτείται το επίθετο.",
                   "RemoveMessage":  "Είστε βέβαιοι ότι θέλετε να καταργήσετε το {0} {1};",
                   "Japanese":  "Ιαπωνικά",
                   "AttendeeSessionIdNotValid":  "Ένας από τους συμμετέχοντες έχει ένα μη έγκυρο δελτίο συμμετοχής",
                   "Email":  "Email",
                   "NoSessionTracksEvent":  "Αυτή η εκδήλωση δεν έχει τμήματα συνεδρίας.",
                   "AZ":  "Α-Ω",
                   "AnonymousAccessNotAllowedError":  "Πρέπει να συνδεθείτε για να συνεχίσετε.",
                   "EventCapacityExceeding":  "Δεν μπορείτε να εγγράψετε αυτόν τον αριθμό συμμετεχόντων επειδή υπερβαίνει τη μέγιστη χωρητικότητα της εκδήλωσης.",
                   "PassPrice":  "Τιμή δελτίου συμμετοχής",
                   "ZA":  "Ω-Α",
                   "PortugueseBrazil":  "Πορτογαλικά (Βραζιλίας)",
                   "AttendeeInformation":  "Πληροφορίες συμμετέχοντος",
                   "EmulatePayment":  "Προσομοίωση πληρωμής",
                   "Session":  "Συνεδρία",
                   "Speakers":  "Ομιλητές",
                   "EnglishUS":  "Αγγλικά (ΗΠΑ)",
                   "Processing":  "Γίνεται επεξεργασία",
                   "BlogColon":  "Ιστολόγιο:",
                   "TooManyAttendees":  "Μπορείτε να εγγράψετε μόνο έως 50 συμμετέχοντες κάθε φορά. Δημιουργήστε πρόσθετες εγγραφές, εάν πρέπει να εγγράψετε περισσότερους συμμετέχοντες από αυτόν.",
                   "RemoveSession":  "Κατάργηση περιόδου λειτουργίας",
                   "SerbianLatin":  "Σερβικά (Λατινικά)",
                   "Catalan":  "Καταλανικά",
                   "EventNotLive":  "Η εκδήλωση που επιχειρείτε να καταχωρήσετε δεν δέχεται νέες καταχωρήσεις.",
                   "Ukrainian":  "Ουκρανικά",
                   "Slovenian":  "Σλοβενικά",
                   "Saturday":  "Σάββατο",
                   "SignInForEditingAttendee":  "Σύνδεση για εγγραφή σε εκδήλωση",
                   "Checkout":  "Ολοκλήρωση αγοράς",
                   "Registration":  "Δήλωση",
                   "Czech":  "Τσέχικα",
                   "FinishRegistration":  "Ολοκλήρωση εγγραφής",
                   "SpanishSpain":  "Ισπανικά (Ισπανίας)",
                   "EndDate":  "Ημερομηνία λήξης",
                   "WaitlistedAttendees":  "Συμμετέχοντες σε λίστα αναμονής",
                   "Description":  "Περιγραφή:",
                   "ItalianItaly":  "Ιταλικά",
                   "DemoPaymentGatewayPageTitle":  "Πύλη πληρωμής έκδοσης επίδειξης",
                   "BroughtToYouBy":  "Χορηγός",
                   "DutchNetherlands":  "Ολλανδικά",
                   "EnableAutoRegisterRadioButtonText":  "Να γίνει αυτόματη εγγραφή και να αποσταλεί ειδοποίηση, όταν υπάρξουν διαθέσιμες θέσεις",
                   "Hebrew":  "Εβραϊκά",
                   "Amount":  "Ποσό:",
                   "CommunicationError":  "Αντιμετωπίζουμε πρόβλημα επικοινωνίας με τον διακομιστή.",
                   "AddAttendeeToWaitlist":  "Προσθήκη συμμετέχοντος σε λίστα αναμονής",
                   "InsufficentNumberOfPasses":  "Δεν υπάρχουν αρκετά δελτία συμμετοχής για την ολοκλήρωση της αγοράς σας.",
                   "Monday":  "Δευτέρα",
                   "NoPassesEvent":  "Αυτή η εκδήλωση δεν έχει δελτία συμμετοχής.",
                   "Thursday":  "Πέμπτη",
                   "EnterLastName":  "Εισαγάγετε το επώνυμό σας",
                   "ThankYouForRegistering":  "Σας ευχαριστούμε για την εγγραφή σας στην εκδήλωση!",
                   "RequiredRegistrationFieldMissing":  "Η εγγραφή σας δεν διαθέτει τις απαιτούμενες πληροφορίες για τουλάχιστον έναν συμμετέχοντα.",
                   "Sessions":  "Συνεδρίες",
                   "AssignedAttendees":  "Εγγραφές",
                   "StartDate":  "Ημερομηνία έναρξης",
                   "AddSessionToCart":  "Προσθήκη περιόδου λειτουργίας",
                   "AddAttendee":  "Προσθήκη συμμετέχοντος",
                   "ChangeLanguage":  "Αλλαγή γλώσσας",
                   "EmailAddress":  "Διεύθυνση ηλεκτρονικού ταχυδρομείου",
                   "AttendeePassIdNotValid":  "Ένας από τους συμμετέχοντες έχει ένα μη έγκυρο δελτίο συμμετοχής ",
                   "FirstName":  "Όνομα",
                   "FinalizationAfterTimeLimit":  "Η αγορά δεν ολοκληρώθηκε εγκαίρως.",
                   "CopyrightWithParam":  "Πνευματικά δικαιώματα © {0}. Με επιφύλαξη κάθε νόμιμου δικαιώματος.",
                   "RefreshPage":  "Η περίοδος λειτουργίας έληξε. Ανανεώστε τη σελίδα για να συνεχίσετε.",
                   "WaitlistedSessions":  "συνεδρίες με λίστα αναμονής",
                   "EventCapacityReached":  "Η μέγιστη χωρητικότητα της εκδήλωσης εξαντλήθηκε.",
                   "CardNumber":  "Αριθμός κάρτας:",
                   "MaximumCapacityReached":  "Αυτή η εκδήλωση έχει εξαντληθεί, αλλά μπορείτε ακόμα να εγγραφείτε στη λίστα αναμονής. ",
                   "AutoRegister":  "Αυτόματη καταχώρηση",
                   "AttendeeHasWaitlistRegistrationsInfo":  "Αυτός ο εγγραφόμενος είναι στη λίστα αναμονής για μία ή περισσότερες συνεδρίες.",
                   "Attendees":  "Συμμετέχοντες",
                   "EnglishCanada":  "Αγγλικά (Καναδά)",
                   "RegisterNow":  "Εγγραφείτε τώρα",
                   "Newest":  "Νεότερο",
                   "SoldOut":  "Εξαντλήθηκε",
                   "SessionCartHeader":  "Καλάθι αγορών συνεδρίας",
                   "SwedishSweden":  "Σουηδικά",
                   "Pass":  "Δελτίο συμμετοχής",
                   "SelectedSessions":  "Επιλεγμένες συνεδρίες",
                   "Waitlist":  "Λίστα αναμονής",
                   "Name":  "Όνομα",
                   "Bulgarian":  "Βουλγαρικά",
                   "Remove":  "Κατάργηση",
                   "SponsorName":  "Όνομα χορηγού",
                   "NoRegistrationsFound":  "Δεν βρέθηκαν εγγραφές",
                   "SessionFullyBooked":  "Πλήρης κράτηση",
                   "CancelRegistrationEventMessage":  "Θέλετε οπωσδήποτε να ακυρώσετε την εγγραφή για {0};",
                   "NoSessionsAssociated":  "Δεν υπάρχουν συνεδρίες που συσχετίζονται με αυτό το δελτίο συμμετοχής.",
                   "RomanianRomania":  "Ρουμανικά",
                   "AnonymousRegistrationNotAllowed":  "Πρέπει να δημιουργήσετε έναν λογαριασμό και να συνδεθείτε για να μπορείτε να εγγραφείτε για αυτήν την εκδήλωση.",
                   "Search":  "Αναζήτηση",
                   "SignOut":  "Έξοδος",
                   "NoSessionsAssigned":  "Δεν έχουν ανατεθεί συνεδρίες.",
                   "MyRegistrations":  "Οι εγγραφές μου",
                   "Cancel":  "Άκυρο",
                   "SortBy":  "Ταξινόμηση κατά",
                   "AddAnotherAttendee":  "Προσθήκη κι άλλου συμμετέχοντος",
                   "CancelPayment":  "Ακύρωση πληρωμής",
                   "AttendeeAutoRegistrationInfo":  "Αυτός ο συμμετέχων θα εγγραφεί αυτόματα αμέσως μόλις γίνει διαθέσιμη η χωρητικότητα.",
                   "CancelRegistration":  "Ακύρωση εγγραφής",
                   "Korean":  "Κορεατικά",
                   "Turkish":  "Τουρκικά",
                   "FrenchFrance":  "Γαλλικά (Γαλλίας)",
                   "AdditionalInformationAvailable":  "Διατίθενται πρόσθετες πληροφορίες",
                   "DiscardChanges":  "Απόρριψη αλλαγών",
                   "MaximumSessionCapacityReached":  "Αυτή η περίοδος λειτουργίας έχει εξαντληθεί.",
                   "MyWaitlistItems":  "Τα στοιχεία της waitlist μου",
                   "Slovak":  "Σλοβακικά",
                   "AttendeeDetails":  "Λεπτομέρειες συμμετέχοντος",
                   "Polish":  "Πολωνικά",
                   "StartTime":  "Ώρα έναρξης",
                   "EmailInvalid":  "Εισαγάγετε μια έγκυρη διεύθυνση ηλεκτρονικού ταχυδρομείου.",
                   "DisableAutoRegisterRadioButtonText":  "Να αποσταλεί ειδοποίηση, αλλά να μη γίνει αυτόματη εγγραφή, όταν υπάρξουν διαθέσιμες θέσεις",
                   "PaymentDetails":  "Λεπτομέρειες πληρωμής",
                   "EnterEmailAddress":  "Πληκτρολογήστε τη διεύθυνση ηλεκτρονικού ταχυδρομείου σας",
                   "RegisteredSince":  "Εγγραφή από",
                   "MultiAttendeeRegistrationNotEnabled":  "Δεν επιτρέπεται η εγγραφή πολλών συμμετεχόντων σε αυτήν την εκδήλωση.",
                   "ChineseTaiwan":  "Κινεζικά (Ταϊβάν)",
                   "Oldest":  "Παλαιότερο",
                   "Home":  "Αρχική",
                   "Latvian":  "Λετονικά",
                   "SessionName":  "Όνομα περιόδου λειτουργίας",
                   "NoChoice":  "Χωρίς επιλογή",
                   "Events":  "Εκδηλώσεις",
                   "Russian":  "Ρωσικά",
                   "No":  "Όχι",
                   "RemoveAttendee":  "Κατάργηση συμμετέχοντος",
                   "Estonian":  "Εσθονικά",
                   "WaitlistRegistrationNotAllowedErrorMessage":  "Δεν διατίθεται καμία λίστα αναμονής για αυτήν την εκδήλωση ή περίοδο λειτουργίας.",
                   "Event":  "Εκδήλωση",
                   "Copyright":  "Πνευματικά δικαιώματα © 2018. Με επιφύλαξη κάθε νόμιμου δικαιώματος.",
                   "OrderSummary":  "Σύνοψη παραγγελίας",
                   "NoSessionsTrack":  "Αυτό το τμήμα συνεδρίας δεν έχει συνεδρίες.",
                   "FinalizationNotEnabled":  "Πρέπει να ενεργοποιήσετε την επιβεβαίωση πληρωμής επίδειξης για να χρησιμοποιήσετε αυτήν τη δυνατότητα.",
                   "AlreadyRegistered":  "Έχει ήδη εγγραφεί",
                   "RegistrationFailed":  "Παρουσιάστηκε πρόβλημα με την εγγραφή",
                   "SessionNotLive":  "Η περίοδος λειτουργίας που επιχειρείτε να εγγράψετε δεν δέχεται νέες εγγραφές.",
                   "Danish":  "Δανικά",
                   "Vietnamese":  "Βιετναμικά",
                   "FirstNameRequired":  "Απαιτείται το όνομα.",
                   "EditingWaitlistedAttendee":  "Επεξεργασία συμμετέχοντος σε λίστα αναμονής",
                   "EnterFirstName":  "Εισαγάγετε το όνομά σας",
                   "LastName":  "Επώνυμο",
                   "NoWaitlistItemsFound":  "Δεν βρέθηκαν στοιχεία waitlist",
                   "Yes":  "Ναι",
                   "Greek":  "Ελληνικά",
                   "SaveChanges":  "Αποθήκευση αλλαγών",
                   "EditAttendee":  "Επεξεργασία συμμετέχοντος",
                   "EmailRequired":  "Απαιτείται η διεύθυνση ηλεκτρονικού ταχυδρομείου.",
                   "NoSessionsEvent":  "Αυτή η εκδήλωση δεν έχει συνεδρίες.",
                   "ShowSessions":  "εμφάνιση συνεδριών",
                   "PassInformation":  "Πληροφορίες δελτίου συμμετοχής",
                   "EventNotFound":  "Το συμβάν στο οποίο επιχειρείτε να εγγραφείτε δεν υπάρχει.",
                   "AddedSince":  "Προστέθηκε από",
                   "Finnish":  "Φινλανδικά",
                   "Chinese":  "Κινέζικα (Κίνα)",
                   "Profile":  "Προφίλ",
                   "NorwegianBokml":  "Νορβηγικά",
                   "ChineseHongKong":  "Κινεζικά (Χονγκ Κονγκ)",
                   "PortuguesePortugal":  "Πορτογαλικά (Πορτογαλίας)"
               },
    "isJapanese":  false
}
