﻿{
    "labels":  {
                   "NoSpeakersEvent":  "Tähän tapahtumaan ei ole delegoitu puhujia.",
                   "EnglishAustralia":  "englanti (Australia)",
                   "Building":  "Rakennus",
                   "SignIn":  "Kirjaudu sisään",
                   "CardHolder":  "Kortinhaltija:",
                   "Lithuanian":  "liettua",
                   "InvalidValueForRequiredRegistrationField":  "Rekisteröinnissä on virheellinen arvo pakollisessa kentässä.",
                   "EnglishGB":  "englanti (Iso-Britannia)",
                   "Tuesday":  "Tiistai",
                   "RegisterAttendees":  "Rekisteröi osallistujia",
                   "GermanGermany":  "saksa",
                   "Submit":  "Lähetä",
                   "SessionTracks":  "Istuntojen seuranta",
                   "CancelRegistrationError":  "Rekisteröinnin peruuttamisessa ilmeni ongelma.",
                   "EventRegistrationTitle":  "Tapahtumaan rekisteröityminen",
                   "SerbianCyrillic":  "serbia (kyrillinen)",
                   "FrenchCanada":  "ranska (Kanada)",
                   "Basque":  "baski",
                   "SessionsIncludedInPass":  "Passiin sisältyvät istunnot",
                   "Indonesian":  "indonesia",
                   "SelectAPass":  "Valitse passi",
                   "Galician":  "galicia",
                   "RegistrationConfirmation":  "Rekisteröitymisen vahvistus",
                   "Croatian":  "kroatia",
                   "Thai":  "thai",
                   "FinalizationNotAllowed":  "Annettu CAPTCHA-arvo ei täsmää. Yritä uudelleen.",
                   "MaximumNoAttendeesReached":  "Tämä tapahtuma on loppuunmyyty.",
                   "WebsiteColon":  "Verkkosivusto:",
                   "Friday":  "Perjantai",
                   "OnlyWaitlistRegistrationPossibleText":  "Uudet rekisteröityneet lisätään tämän istunnon odotuslistalle.",
                   "EditingAttendee":  "Osallistujaa muokataan",
                   "Register":  "Rekisteröidy",
                   "ArabicSaudiArabia":  "arabia",
                   "WaitForRegistrationsToAppear":  "Huomaa, että rekisteröintien käsittelyssä voi ilmetä viive.",
                   "EndTime":  "Päättymisaika",
                   "MyAccount":  "Oma tili",
                   "RequestTimedOut":  "Rekisteröintisi käsittely kesti liian kauan. Yritä uudelleen.",
                   "Hungarian":  "unkari",
                   "NoSponsorshipsEvent":  "Tällä tapahtumalla ei ole sponsoreita.",
                   "AvailableEvents":  "Käytettävissä olevat tapahtumat",
                   "Wednesday":  "Keskiviikko",
                   "EventName":  "Tapahtuman nimi",
                   "Sunday":  "Sunnuntai",
                   "LastNameRequired":  "Sukunimi on pakollinen.",
                   "RemoveMessage":  "Haluatko varmasti poistaa {0} {1}?",
                   "Japanese":  "japani",
                   "AttendeeSessionIdNotValid":  "Yhdellä osallistujista on virheellinen passitunnus",
                   "Email":  "Sähköposti",
                   "NoSessionTracksEvent":  "Tämä tapahtuma ei sisällä istuntojen seurantaa.",
                   "AZ":  "A-Ö",
                   "AnonymousAccessNotAllowedError":  "Sinun on kirjauduttava jatkaaksesi.",
                   "EventCapacityExceeding":  "Et voi rekisteröidä näin monta osallistujaa, koska se ylittää tapahtuman maksimikapasiteetin.",
                   "PassPrice":  "Passin hinta",
                   "ZA":  "Ö-A",
                   "PortugueseBrazil":  "portugali (Brasilia)",
                   "AttendeeInformation":  "Osallistujan tiedot",
                   "EmulatePayment":  "Emuloi maksu",
                   "Session":  "Istunto",
                   "Speakers":  "Esiintyjät",
                   "EnglishUS":  "English (US)",
                   "Processing":  "Käsitellään",
                   "BlogColon":  "Blogi:",
                   "TooManyAttendees":  "Voit rekisteröidä enintään 50 osallistujaa kerrallaan. Luo lisärekisteröintejä, jos sinun on rekisteröitävä tätä enemmän osallistujia.",
                   "RemoveSession":  "Poista istunto",
                   "SerbianLatin":  "serbia (latinalainen)",
                   "Catalan":  "katalaani",
                   "EventNotLive":  "Tapahtuma, johon yrität rekisteröityä, ei hyväksy uusia rekisteröintejä.",
                   "Ukrainian":  "ukraina",
                   "Slovenian":  "sloveeni",
                   "Saturday":  "Lauantai",
                   "SignInForEditingAttendee":  "Kirjautuminen tapahtumaan rekisteröitymiseen",
                   "Checkout":  "Uloskuittaus",
                   "Registration":  "Rekisteröityminen",
                   "Czech":  "tšekki",
                   "FinishRegistration":  "Suorita rekisteröinti loppuun",
                   "SpanishSpain":  "espanja (Espanja)",
                   "EndDate":  "Päättymispäivä",
                   "WaitlistedAttendees":  "Odotuslistalla olevat osallistujat",
                   "Description":  "Kuvaus:",
                   "ItalianItaly":  "italia",
                   "DemoPaymentGatewayPageTitle":  "Esittelymaksupalvelu",
                   "BroughtToYouBy":  "Kehittänyt",
                   "DutchNetherlands":  "hollanti",
                   "EnableAutoRegisterRadioButtonText":  "Rekisteröi automaattisesti ja ilmoita vapautuneesta tilasta",
                   "Hebrew":  "heprea",
                   "Amount":  "Summa:",
                   "CommunicationError":  "Ongelmia palvelinyhteydessä.",
                   "AddAttendeeToWaitlist":  "Lisää osallistuja odotuslistalle",
                   "InsufficentNumberOfPasses":  "Oston viimeistelyä varten ei ole riittävästi passeja.",
                   "Monday":  "Maanantai",
                   "NoPassesEvent":  "Tällä tapahtumalla ei ole passeja.",
                   "Thursday":  "Torstai",
                   "EnterLastName":  "Syötä sukunimesi",
                   "ThankYouForRegistering":  "Kiitos rekisteröitymisestä tapahtumaan!",
                   "RequiredRegistrationFieldMissing":  "Rekisteröinnistä puuttuu vähintään yhden osallistujan pakollisia tietoja.",
                   "Sessions":  "Istunnot",
                   "AssignedAttendees":  "Rekisteröinnit",
                   "StartDate":  "Aloituspäivä",
                   "AddSessionToCart":  "Lisää istunto",
                   "AddAttendee":  "Lisää osallistuja",
                   "ChangeLanguage":  "Vaihda kieli",
                   "EmailAddress":  "Sähköpostiosoite",
                   "AttendeePassIdNotValid":  "Yhdellä osallistujista on virheellinen passitunnus. ",
                   "FirstName":  "Etunimi",
                   "FinalizationAfterTimeLimit":  "Ostoa ei suoritettu loppuun ajoissa.",
                   "CopyrightWithParam":  "Copyright © {0}. Kaikki oikeudet pidätetään.",
                   "RefreshPage":  "Istunto on vanhentunut. Jatka päivittämällä sivu.",
                   "WaitlistedSessions":  "istuntoa odotustilalla",
                   "EventCapacityReached":  "Tapahtuman enimmäiskapasiteetti on saavutettu.",
                   "CardNumber":  "Kortin numero:",
                   "MaximumCapacityReached":  "Tämä tapahtuma on loppuunmyyty, mutta voit yhä rekisteröityä odotuslistalle. ",
                   "AutoRegister":  "Automaattinen rekisteröityminen",
                   "AttendeeHasWaitlistRegistrationsInfo":  "Tämä rekisteröitynyt on ainakin yhden istunnon odotuslistalla.",
                   "Attendees":  "Osallistujat",
                   "EnglishCanada":  "englanti (Kanada)",
                   "RegisterNow":  "Rekisteröidy nyt",
                   "Newest":  "Uusimmat",
                   "SoldOut":  "Loppuunmyyty",
                   "SessionCartHeader":  "Istunnon ostoskori",
                   "SwedishSweden":  "ruotsi",
                   "Pass":  "Passi",
                   "SelectedSessions":  "Valitut istunnot",
                   "Waitlist":  "Odotuslista",
                   "Name":  "Nimi",
                   "Bulgarian":  "bulgaria",
                   "Remove":  "Poista",
                   "SponsorName":  "Sponsorin nimi",
                   "NoRegistrationsFound":  "Rekisteröitymisiä ei löytynyt",
                   "SessionFullyBooked":  "Kokonaan varattu",
                   "CancelRegistrationEventMessage":  "Haluatko varmasti peruuttaa rekisteröinnin ({0})?",
                   "NoSessionsAssociated":  "Tähän passiin liittyviä istuntoja ei ole saatavilla.",
                   "RomanianRomania":  "romania",
                   "AnonymousRegistrationNotAllowed":  "Sinun on luotava tili ja kirjauduttava sisään, ennen kuin voit rekisteröityä tähän tapahtumaan.",
                   "Search":  "Haku",
                   "SignOut":  "Kirjaudu ulos",
                   "NoSessionsAssigned":  "Yhtään istuntoa ei ole määritetty.",
                   "MyRegistrations":  "Omat rekisteröitymiset",
                   "Cancel":  "Peruuta",
                   "SortBy":  "Lajitteluperuste:",
                   "AddAnotherAttendee":  "Lisää toinen osallistuja",
                   "CancelPayment":  "Peruuta maksu",
                   "AttendeeAutoRegistrationInfo":  "Tämä osallistuja rekisteröidään automaattisesti heti, kun kapasiteettia vapautuu.",
                   "CancelRegistration":  "Peruuta rekisteröinti",
                   "Korean":  "korea",
                   "Turkish":  "turkki",
                   "FrenchFrance":  "ranska (Ranska)",
                   "AdditionalInformationAvailable":  "Lisätietoja käytettävissä",
                   "DiscardChanges":  "Hylkää muutokset",
                   "MaximumSessionCapacityReached":  "Tämä istunto on loppuunmyyty.",
                   "MyWaitlistItems":  "Omat odotuslistan kohteet",
                   "Slovak":  "slovakki",
                   "AttendeeDetails":  "Osallistujan tiedot",
                   "Polish":  "puola",
                   "StartTime":  "Aloitusaika",
                   "EmailInvalid":  "Anna kelvollinen sähköpostiosoite.",
                   "DisableAutoRegisterRadioButtonText":  "Ilmoita vapautuneesta tilasta mutta älä rekisteröi automaattisesti",
                   "PaymentDetails":  "Maksutiedot",
                   "EnterEmailAddress":  "Syötä sähköpostiosoitteesi",
                   "RegisteredSince":  "Rekisteröitynyt jälkeen",
                   "MultiAttendeeRegistrationNotEnabled":  "Tämä tapahtuma ei salli usean osallistujan rekisteröintiä.",
                   "ChineseTaiwan":  "kiina (Taiwan)",
                   "Oldest":  "Vanhimmat",
                   "Home":  "Koti",
                   "Latvian":  "latvia",
                   "SessionName":  "Istunnon nimi",
                   "NoChoice":  "Ei valintaa",
                   "Events":  "Tapahtumat",
                   "Russian":  "venäjä",
                   "No":  "Ei",
                   "RemoveAttendee":  "Poista osallistuja",
                   "Estonian":  "viro",
                   "WaitlistRegistrationNotAllowedErrorMessage":  "Tälle tapahtumalle tai istunnolle ei ole käytettävissä odotuslistaa.",
                   "Event":  "Tapahtuma",
                   "Copyright":  "Copyright © 2018. Kaikki oikeudet pidätetään.",
                   "OrderSummary":  "Tilauksen yhteenveto",
                   "NoSessionsTrack":  "Tämä istunnon seuranta ei sisällä istuntoja.",
                   "FinalizationNotEnabled":  "Esittelymaksuvahvistus on otettava käyttöön, jotta tämä toiminto on käytössä.",
                   "AlreadyRegistered":  "Jo rekisteröity",
                   "RegistrationFailed":  "Rekisteröinnissä ilmeni ongelma",
                   "SessionNotLive":  "Istunto, johon yrität rekisteröityä, ei hyväksy uusia rekisteröintejä.",
                   "Danish":  "tanska",
                   "Vietnamese":  "vietnam",
                   "FirstNameRequired":  "Etunimi on pakollinen.",
                   "EditingWaitlistedAttendee":  "Odotuslistalla olevaa osallistujaa muokataan",
                   "EnterFirstName":  "Syötä etunimesi",
                   "LastName":  "Sukunimi",
                   "NoWaitlistItemsFound":  "Odotuslistan kohteita ei löydy",
                   "Yes":  "Kyllä",
                   "Greek":  "kreikka",
                   "SaveChanges":  "Tallenna muutokset",
                   "EditAttendee":  "Muokkaa osallistujaa",
                   "EmailRequired":  "Sähköpostiosoite on pakollinen.",
                   "NoSessionsEvent":  "Tämä tapahtuma ei sisällä istuntoja.",
                   "ShowSessions":  "näytä istunnot",
                   "PassInformation":  "Passin tiedot",
                   "EventNotFound":  "Tapahtumaa, johon yrität rekisteröityä, ei ole.",
                   "AddedSince":  "Lisätty jälkeen",
                   "Finnish":  "suomi",
                   "Chinese":  "kiina (Kiina)",
                   "Profile":  "Profiili",
                   "NorwegianBokml":  "norja",
                   "ChineseHongKong":  "kiina (Hongkong, erityishallintoalue)",
                   "PortuguesePortugal":  "portugali (Portugali)"
               },
    "isJapanese":  false
}
