﻿{
    "labels":  {
                   "NoSpeakersEvent":  "Aucun intervenant n’est attribué à cet événement.",
                   "EnglishAustralia":  "Anglais (Australie)",
                   "Building":  "Bâtiment",
                   "SignIn":  "Se connecter",
                   "CardHolder":  "Détenteur de la carte :",
                   "Lithuanian":  "Lituanien",
                   "InvalidValueForRequiredRegistrationField":  "Votre inscription contient une valeur non valide pour un champ obligatoire.",
                   "EnglishGB":  "Anglais (GB)",
                   "Tuesday":  "Mardi",
                   "RegisterAttendees":  "Inscrire les participants",
                   "GermanGermany":  "Allemand",
                   "Submit":  "Envoyer",
                   "SessionTracks":  "Suivis de session",
                   "CancelRegistrationError":  "Un problème s’est produit lors de l\u0027annulation de l’inscription.",
                   "EventRegistrationTitle":  "Inscription à un événement",
                   "SerbianCyrillic":  "Serbe (cyrillique)",
                   "FrenchCanada":  "Français (Canada)",
                   "Basque":  "Basque",
                   "SessionsIncludedInPass":  "Sessions incluses dans le pass",
                   "Indonesian":  "Indonésien",
                   "SelectAPass":  "Sélectionner un pass",
                   "Galician":  "Galicien",
                   "RegistrationConfirmation":  "Confirmation de l’inscription",
                   "Croatian":  "Croate",
                   "Thai":  "Thaï",
                   "FinalizationNotAllowed":  "La valeur CAPTCHA fournie ne correspond pas. Veuillez réessayer.",
                   "MaximumNoAttendeesReached":  "L’événement est complet",
                   "WebsiteColon":  "Site Web :",
                   "Friday":  "Vendredi",
                   "OnlyWaitlistRegistrationPossibleText":  "Les nouveaux inscrits seront ajoutés à la liste d’attente pour cette session.",
                   "EditingAttendee":  "Modification du participant",
                   "Register":  "S’inscrire",
                   "ArabicSaudiArabia":  "Arabe",
                   "WaitForRegistrationsToAppear":  "Veuillez noter que le traitement de vos inscriptions peut prendre un certain retard.",
                   "EndTime":  "Heure de fin",
                   "MyAccount":  "Mon compte",
                   "RequestTimedOut":  "Le traitement de votre inscription a pris trop de temps. Veuillez réessayer.",
                   "Hungarian":  "Hongrois",
                   "NoSponsorshipsEvent":  "Il n’existe aucun partenaire pour cet événement.",
                   "AvailableEvents":  "Événements disponibles",
                   "Wednesday":  "Mercredi",
                   "EventName":  "Nom de l’événement",
                   "Sunday":  "Dimanche",
                   "LastNameRequired":  "Le nom est nécessaire.",
                   "RemoveMessage":  "Êtes-vous sûr de vouloir supprimer {0} {1} ?",
                   "Japanese":  "Japonais",
                   "AttendeeSessionIdNotValid":  "L’un des participants a un ID de pass non valide",
                   "Email":  "Courrier électronique",
                   "NoSessionTracksEvent":  "Il n’existe aucun suivi de session pour cet événement.",
                   "AZ":  "De A à Z",
                   "AnonymousAccessNotAllowedError":  "Vous devez vous connecter pour continuer.",
                   "EventCapacityExceeding":  "Impossible d’inscrire autant de participants, car la capacité maximale de l’événement serait dépassée.",
                   "PassPrice":  "Prix du pass",
                   "ZA":  "De Z à A",
                   "PortugueseBrazil":  "Portugais (Brésil)",
                   "AttendeeInformation":  "Informations sur le participant",
                   "EmulatePayment":  "Émuler le paiement",
                   "Session":  "Session",
                   "Speakers":  "Intervenants",
                   "EnglishUS":  "Anglais (États-Unis)",
                   "Processing":  "Traitement en cours",
                   "BlogColon":  "Blog :",
                   "TooManyAttendees":  "Vous ne pouvez enregistrer que jusqu’à 50 participants à la fois. Créez d’autres enregistrements si vous devez enregistrer plus de participants que ce qui est nécessaire.",
                   "RemoveSession":  "Supprimer une session",
                   "SerbianLatin":  "Serbe (latin)",
                   "Catalan":  "Catalan",
                   "EventNotLive":  "L’événement auquel vous tentez de vous inscrire n’accepte pas de nouvelles inscriptions.",
                   "Ukrainian":  "Ukrainien",
                   "Slovenian":  "Slovène",
                   "Saturday":  "Samedi",
                   "SignInForEditingAttendee":  "Se connecter pour l’inscription à l’événement",
                   "Checkout":  "Règlement",
                   "Registration":  "Inscription",
                   "Czech":  "Tchèque",
                   "FinishRegistration":  "Terminer l’inscription",
                   "SpanishSpain":  "Espagnol (Espagne)",
                   "EndDate":  "Date de fin",
                   "WaitlistedAttendees":  "Participants sur liste d’attente",
                   "Description":  "Description :",
                   "ItalianItaly":  "Italien",
                   "DemoPaymentGatewayPageTitle":  "Passerelle de paiement de démonstration",
                   "BroughtToYouBy":  "Élaboré pour vous par",
                   "DutchNetherlands":  "Néerlandais",
                   "EnableAutoRegisterRadioButtonText":  "Inscrire automatiquement et notifier quand des places se libèrent",
                   "Hebrew":  "Hébreu",
                   "Amount":  "Montant :",
                   "CommunicationError":  "Problème de communication avec le serveur.",
                   "AddAttendeeToWaitlist":  "Ajouter un participant à la liste d’attente",
                   "InsufficentNumberOfPasses":  "Il n’y a pas assez de pass disponibles pour finaliser votre achat.",
                   "Monday":  "Lundi",
                   "NoPassesEvent":  "Il n’existe aucun pass pour cet événement.",
                   "Thursday":  "Jeudi",
                   "EnterLastName":  "Entrez votre nom",
                   "ThankYouForRegistering":  "Merci pour votre inscription à l’événement !",
                   "RequiredRegistrationFieldMissing":  "Une information obligatoire est manquante pour au moins un participant dans votre inscription.",
                   "Sessions":  "Sessions",
                   "AssignedAttendees":  "Inscriptions",
                   "StartDate":  "Date de début",
                   "AddSessionToCart":  "Ajouter une session",
                   "AddAttendee":  "Ajouter un participant",
                   "ChangeLanguage":  "Changer la langue",
                   "EmailAddress":  "Adresse de messagerie",
                   "AttendeePassIdNotValid":  "L’un des participants a un ID de pass non valide ",
                   "FirstName":  "Prénom",
                   "FinalizationAfterTimeLimit":  "L’achat n’a pas été effectué à temps.",
                   "CopyrightWithParam":  "Copyright © {0}. Tous droits réservés.",
                   "RefreshPage":  "La session a expiré. Actualisez la page pour continuer.",
                   "WaitlistedSessions":  "session(s) en liste d’attente",
                   "EventCapacityReached":  "La capacité maximale de l’événement a été atteinte.",
                   "CardNumber":  "Numéro de carte :",
                   "MaximumCapacityReached":  "L’événement est complet, mais vous pouvez toujours vous inscrire sur la liste d’attente. ",
                   "AutoRegister":  "Inscription automatique",
                   "AttendeeHasWaitlistRegistrationsInfo":  "Cet abonné est en liste d’attente pour une ou plusieurs sessions.",
                   "Attendees":  "Participants",
                   "EnglishCanada":  "Anglais (Canada)",
                   "RegisterNow":  "S’inscrire maintenant",
                   "Newest":  "La plus récente",
                   "SoldOut":  "Épuisé",
                   "SessionCartHeader":  "Panier de la session",
                   "SwedishSweden":  "Suédois",
                   "Pass":  "Pass",
                   "SelectedSessions":  "Sessions sélectionnées",
                   "Waitlist":  "Liste d’attente",
                   "Name":  "Nom",
                   "Bulgarian":  "Bulgare",
                   "Remove":  "Supprimer",
                   "SponsorName":  "Nom du partenaire",
                   "NoRegistrationsFound":  "Aucun enregistrement trouvé",
                   "SessionFullyBooked":  "Entièrement réservé",
                   "CancelRegistrationEventMessage":  "Êtes-vous sûr de vouloir annuler l\u0027inscription pour {0} ?",
                   "NoSessionsAssociated":  "Aucune session n’est associée à ce pass.",
                   "RomanianRomania":  "Roumain",
                   "AnonymousRegistrationNotAllowed":  "Vous devez créer un compte et vous connecter pour pouvoir vous inscrire à cet événement.",
                   "Search":  "Rechercher",
                   "SignOut":  "Se déconnecter",
                   "NoSessionsAssigned":  "Aucune session n’est attribuée.",
                   "MyRegistrations":  "Mes inscriptions",
                   "Cancel":  "Annuler",
                   "SortBy":  "Trier par",
                   "AddAnotherAttendee":  "Ajouter un autre participant",
                   "CancelPayment":  "Annuler le paiement",
                   "AttendeeAutoRegistrationInfo":  "Ce participant sera inscrit automatiquement dès que de la capacité sera disponible.",
                   "CancelRegistration":  "Annuler une inscription",
                   "Korean":  "Coréen",
                   "Turkish":  "Turc",
                   "FrenchFrance":  "Français (France)",
                   "AdditionalInformationAvailable":  "Informations supplémentaires disponibles",
                   "DiscardChanges":  "Ignorer les modifications",
                   "MaximumSessionCapacityReached":  "Cette session est complète.",
                   "MyWaitlistItems":  "Mes éléments de liste d’attente",
                   "Slovak":  "Slovaque",
                   "AttendeeDetails":  "Détails des participants",
                   "Polish":  "Polonais",
                   "StartTime":  "Heure de début",
                   "EmailInvalid":  "Veuillez entrer une adresse électronique valide.",
                   "DisableAutoRegisterRadioButtonText":  "Notifier, mais ne pas inscrire automatiquement, quand des places se libèrent",
                   "PaymentDetails":  "Informations sur le paiement",
                   "EnterEmailAddress":  "Entrez votre adresse de messagerie",
                   "RegisteredSince":  "Inscrit depuis",
                   "MultiAttendeeRegistrationNotEnabled":  "Cet événement n’autorise pas l’inscription de plusieurs participants.",
                   "ChineseTaiwan":  "Chinois (Taïwan)",
                   "Oldest":  "La plus ancienne",
                   "Home":  "Accueil",
                   "Latvian":  "Letton",
                   "SessionName":  "Nom de la session",
                   "NoChoice":  "Aucun choix",
                   "Events":  "Événements",
                   "Russian":  "Russe",
                   "No":  "Non",
                   "RemoveAttendee":  "Supprimer le participant",
                   "Estonian":  "Estonien",
                   "WaitlistRegistrationNotAllowedErrorMessage":  "Aucune liste d’attente n’est disponible pour cet événement ou cette session.",
                   "Event":  "Événement",
                   "Copyright":  "Copyright © 2018. Tous droits réservés.",
                   "OrderSummary":  "Résumé de la commande",
                   "NoSessionsTrack":  "Il n’existe aucune session pour ce suivi de session.",
                   "FinalizationNotEnabled":  "Vous devez activer la confirmation de paiement de la démonstration pour utiliser cette fonctionnalité.",
                   "AlreadyRegistered":  "Déjà inscrit",
                   "RegistrationFailed":  "Un problème s’est produit avec l’inscription",
                   "SessionNotLive":  "La session à laquelle vous tentez de vous inscrire n’accepte pas de nouvelles inscriptions.",
                   "Danish":  "Danois",
                   "Vietnamese":  "Vietnamien",
                   "FirstNameRequired":  "Le prénom est nécessaire.",
                   "EditingWaitlistedAttendee":  "Modification du participant sur liste d’attente",
                   "EnterFirstName":  "Entrez votre prénom",
                   "LastName":  "Nom",
                   "NoWaitlistItemsFound":  "Aucun élément de liste d’attente trouvé",
                   "Yes":  "Oui",
                   "Greek":  "Grec",
                   "SaveChanges":  "Enregistrer les modifications",
                   "EditAttendee":  "Modifier le participant",
                   "EmailRequired":  "Une adresse de messagerie est nécessaire.",
                   "NoSessionsEvent":  "Il n’existe aucune session pour cet événement.",
                   "ShowSessions":  "afficher les sessions",
                   "PassInformation":  "Informations sur le pass",
                   "EventNotFound":  "L’événement pour lequel vous essayez de vous inscrire n’existe pas",
                   "AddedSince":  "Ajouté depuis",
                   "Finnish":  "Finnois",
                   "Chinese":  "Chinois (Chine)",
                   "Profile":  "Profil",
                   "NorwegianBokml":  "Norvégien",
                   "ChineseHongKong":  "Chinois (Hong-Kong)",
                   "PortuguesePortugal":  "Portugais (Portugal)"
               },
    "isJapanese":  false
}
