﻿{
    "labels":  {
                   "NoSpeakersEvent":  "לאירוע זה אין דוברים שהוקצו לו.",
                   "EnglishAustralia":  "אנגלית (אוסטרליה)",
                   "Building":  "בניין",
                   "SignIn":  "כניסה",
                   "CardHolder":  "מחזיק הכרטיס:",
                   "Lithuanian":  "ליטאית",
                   "InvalidValueForRequiredRegistrationField":  "ההרשמה כוללת ערך לא חוקי בשדה שהוא שדה חובה.",
                   "EnglishGB":  "אנגלית (בריטניה)",
                   "Tuesday":  "שלישי",
                   "RegisterAttendees":  "רשום משתתפים",
                   "GermanGermany":  "גרמנית",
                   "Submit":  "שלח",
                   "SessionTracks":  "מסלולי מפגשים",
                   "CancelRegistrationError":  "אירעה בעיה בביטול ההרשמה.",
                   "EventRegistrationTitle":  "הרשמה לאירוע",
                   "SerbianCyrillic":  "סרבית (קירילית)",
                   "FrenchCanada":  "צרפתית (קנדה)",
                   "Basque":  "בסקית",
                   "SessionsIncludedInPass":  "הפעלות הנכללות באישור כניסה",
                   "Indonesian":  "אינדונזית",
                   "SelectAPass":  "‏‏בחר אישור כניסה",
                   "Galician":  "גליציאנית",
                   "RegistrationConfirmation":  "אישור הרשמה",
                   "Croatian":  "קרואטית",
                   "Thai":  "תאילנדית",
                   "FinalizationNotAllowed":  "ערך CAPTCHA שסיפקת אינו תואם. נסה שוב.",
                   "MaximumNoAttendeesReached":  "לא נשארו מקומות לאירוע.",
                   "WebsiteColon":  "אתר אינטרנט:",
                   "Friday":  "שישי",
                   "OnlyWaitlistRegistrationPossibleText":  "נרשמים חדשים יתווספו לרשימת ההמתנה של המפגש.",
                   "EditingAttendee":  "עריכת משתתף",
                   "Register":  "הירשם",
                   "ArabicSaudiArabia":  "ערבית",
                   "WaitForRegistrationsToAppear":  "שים לב שייתכן שיהיה עיכוב בעיבוד ההרשמות שלך.",
                   "EndTime":  "שעת סיום",
                   "MyAccount":  "תיק הלקוח שלי",
                   "RequestTimedOut":  "ההרשמה נמשכת זמן רב מדי. נסה שוב.",
                   "Hungarian":  "הונגרית",
                   "NoSponsorshipsEvent":  "לאירוע זה אין חסויות.",
                   "AvailableEvents":  "אירועים זמינים",
                   "Wednesday":  "רביעי",
                   "EventName":  "שם אירוע",
                   "Sunday":  "ראשון",
                   "LastNameRequired":  "שם המשפחה נדרש.",
                   "RemoveMessage":  "האם אתה בטוח שברצונך להסיר את {0} {1}?",
                   "Japanese":  "יפנית",
                   "AttendeeSessionIdNotValid":  "מזהה אישור הכניסה של אחד המשתתפים אינו חוקי",
                   "Email":  "דואר אלקטרוני",
                   "NoSessionTracksEvent":  "לאירוע זה אין מסלולי מפגשים.",
                   "AZ":  "סדר עולה",
                   "AnonymousAccessNotAllowedError":  "עליך להיכנס כדי להמשיך.",
                   "EventCapacityExceeding":  "אין באפשרותך לרשום מספר משתתפים גבוה כזה משום שהוא יחרוג מקיבולת האירוע המקסימלית.",
                   "PassPrice":  "מחיר אישור כניסה",
                   "ZA":  "סדר יורד",
                   "PortugueseBrazil":  "פורטוגזית (ברזיל)",
                   "AttendeeInformation":  "פרטי משתתף",
                   "EmulatePayment":  "הדמיה של תשלום",
                   "Session":  "מפגש",
                   "Speakers":  "דוברים",
                   "EnglishUS":  "אנגלית (ארה\"ב)",
                   "Processing":  "מעבד",
                   "BlogColon":  "בלוג:",
                   "TooManyAttendees":  "באפשרותך לרשום רק עד 50 משתתפים בכל פעם. צור הרשמות נוספות אם עליך לרשום מספר גבוה יותר של משתתפים.",
                   "RemoveSession":  "הסר הפעלה",
                   "SerbianLatin":  "סרבית (לטינית)",
                   "Catalan":  "קטלונית",
                   "EventNotLive":  "האירוע שאתה מנסה להירשם אליו לא מקבל הרשמות חדשות.",
                   "Ukrainian":  "אוקראינית",
                   "Slovenian":  "סלובנית",
                   "Saturday":  "שבת",
                   "SignInForEditingAttendee":  "היכנס להרשמה לאירוע",
                   "Checkout":  "קופה",
                   "Registration":  "הרשמה",
                   "Czech":  "צ\u0027כית",
                   "FinishRegistration":  "סיים את ההרשמה",
                   "SpanishSpain":  "ספרדית (ספרד)",
                   "EndDate":  "תאריך סיום",
                   "WaitlistedAttendees":  "משתתפים ברשימת המתנה",
                   "Description":  "תיאור:",
                   "ItalianItaly":  "איטלקית",
                   "DemoPaymentGatewayPageTitle":  "ערוץ תשלום להדגמה",
                   "BroughtToYouBy":  "בחסות",
                   "DutchNetherlands":  "הולנדית",
                   "EnableAutoRegisterRadioButtonText":  "רשום באופן אוטומטי והודע כשיתפנה מקום",
                   "Hebrew":  "עברית",
                   "Amount":  "סכום:",
                   "CommunicationError":  "‏‏אנחנו נתקלים בבעיה ביצירת תקשורת עם השרת.",
                   "AddAttendeeToWaitlist":  "הוסף משתתף לרשימת המתנה",
                   "InsufficentNumberOfPasses":  "לא נשארו מספיק ‏‫אישורי כניסה לצורך השלמת הרכישה.",
                   "Monday":  "שני",
                   "NoPassesEvent":  "לאירוע זה אין אישורי כניסה.",
                   "Thursday":  "חמישי",
                   "EnterLastName":  "הזן את שם המשפחה שלך",
                   "ThankYouForRegistering":  "תודה על ההרשמה לאירוע!",
                   "RequiredRegistrationFieldMissing":  "בהרשמה חסר מידע נדרש עבור משתתף אחד לפחות.",
                   "Sessions":  "מפגשים",
                   "AssignedAttendees":  "הרשמות",
                   "StartDate":  "תאריך התחלה",
                   "AddSessionToCart":  "הוסף מפגש",
                   "AddAttendee":  "הוסף משתתף",
                   "ChangeLanguage":  "שנה שפה",
                   "EmailAddress":  "כתובת דואר אלקטרוני",
                   "AttendeePassIdNotValid":  "מזהה אישור הכניסה של אחד המשתתפים אינו חוקי ",
                   "FirstName":  "שם פרטי",
                   "FinalizationAfterTimeLimit":  "הרכישה לא הושלמה בזמן.",
                   "CopyrightWithParam":  "‎Copyright © {0}‎. כל הזכויות שמורות.",
                   "RefreshPage":  "‏‏תוקף ההפעלה פג. היכנס שוב כדי להמשיך לעבוד.",
                   "WaitlistedSessions":  "מפגשים ברשימת המתנה",
                   "EventCapacityReached":  "האירוע הגיע לקיבולת המקסימלית שלו.",
                   "CardNumber":  "מספר כרטיס:",
                   "MaximumCapacityReached":  "כל המקומות לאירוע זה אזלו, אך עדיין תוכל להירשם לרשימת המתנה. ",
                   "AutoRegister":  "רישום אוטומטי",
                   "AttendeeHasWaitlistRegistrationsInfo":  "נרשם זה נמצא ברשימת ההמתנה של מפגש אחד או יותר.",
                   "Attendees":  "משתתפים",
                   "EnglishCanada":  "אנגלית (קנדה)",
                   "RegisterNow":  "הירשם עכשיו",
                   "Newest":  "החדש ביותר",
                   "SoldOut":  "הכל נמכר",
                   "SessionCartHeader":  "עגלה של הפעלות",
                   "SwedishSweden":  "שוודית",
                   "Pass":  "אישור כניסה",
                   "SelectedSessions":  "הפעלות שנבחרו",
                   "Waitlist":  "רשימת המתנה",
                   "Name":  "שם",
                   "Bulgarian":  "בולגרית",
                   "Remove":  "הסר",
                   "SponsorName":  "שם נותן החסות",
                   "NoRegistrationsFound":  "לא נמצאו הרשמות",
                   "SessionFullyBooked":  "כל המקומות מלאים",
                   "CancelRegistrationEventMessage":  "‏‏האם אתה בטוח שברצונך לבטל את ההרשמה עבור {0}?",
                   "NoSessionsAssociated":  "אין הפעלות המשויכות לאישור כניסה זה.",
                   "RomanianRomania":  "רומנית",
                   "AnonymousRegistrationNotAllowed":  "‏‏עליך ליצור חשבון ולהיכנס אליו לפני שתוכל להירשם לאירוע הזה.",
                   "Search":  "חיפוש",
                   "SignOut":  "יציאה",
                   "NoSessionsAssigned":  "אין מפגשים מוקצים.",
                   "MyRegistrations":  "ההרשמות שלי",
                   "Cancel":  "ביטול",
                   "SortBy":  "מיין לפי",
                   "AddAnotherAttendee":  "הוסף משתתף נוסף",
                   "CancelPayment":  "בטל תשלום",
                   "AttendeeAutoRegistrationInfo":  "משתתף זה יירשם באופן אוטומטי ברגע שקיבולת תתפנה.",
                   "CancelRegistration":  "‏‏בטל הרשמה",
                   "Korean":  "קוריאנית",
                   "Turkish":  "טורקית",
                   "FrenchFrance":  "צרפתית (צרפת)",
                   "AdditionalInformationAvailable":  "מידע נוסף זמין",
                   "DiscardChanges":  "בטל שינויים",
                   "MaximumSessionCapacityReached":  "לא נשארו מקומות למפגש.",
                   "MyWaitlistItems":  "הפריטים שלי ברשימת המתנה",
                   "Slovak":  "סלובקית",
                   "AttendeeDetails":  "פרטי משתתף",
                   "Polish":  "פולנית",
                   "StartTime":  "שעת התחלה",
                   "EmailInvalid":  "‏‏הזן כתובת דואר אלקטרוני חוקית.",
                   "DisableAutoRegisterRadioButtonText":  "הודע, אך אל תרשום באופן אוטומטי, כשיתפנה מקום",
                   "PaymentDetails":  "פרטי תשלום",
                   "EnterEmailAddress":  "‏‏הזן את כתובת הדואר האלקטרוני שלך",
                   "RegisteredSince":  "רשום מאז",
                   "MultiAttendeeRegistrationNotEnabled":  "האירוע הזה אינו מתיר הרשמה של משתתפים מרובים.",
                   "ChineseTaiwan":  "סינית (טייוואן)",
                   "Oldest":  "הישן ביותר",
                   "Home":  "בית",
                   "Latvian":  "לטבית",
                   "SessionName":  "שם מפגש",
                   "NoChoice":  "אין ברירה",
                   "Events":  "אירועים",
                   "Russian":  "רוסית",
                   "No":  "לא",
                   "RemoveAttendee":  "הסר משתתף",
                   "Estonian":  "אסטונית",
                   "WaitlistRegistrationNotAllowedErrorMessage":  "אין רשימת המתנה זמינה עבור אירוע או מפגש זה.",
                   "Event":  "אירוע",
                   "Copyright":  "Copyright © 2018. כל הזכויות שמורות.",
                   "OrderSummary":  "סיכום הזמנה",
                   "NoSessionsTrack":  "למסלול מפגשים זה אין מפגשים.",
                   "FinalizationNotEnabled":  "עליך להפעיל תצורה של תשלום לדוגמה כדי להשתמש בתכונה זו.",
                   "AlreadyRegistered":  "כבר רשום",
                   "RegistrationFailed":  "אירעה בעיה בהרשמה",
                   "SessionNotLive":  "המפגש שאתה מנסה להירשם אליו לא מקבל הרשמות חדשות.",
                   "Danish":  "דנית",
                   "Vietnamese":  "וייטנאמית",
                   "FirstNameRequired":  "השם הפרטי נדרש.",
                   "EditingWaitlistedAttendee":  "עריכת משתתף ברשימת המתנה",
                   "EnterFirstName":  "הזן את השם הפרטי שלך",
                   "LastName":  "שם משפחה",
                   "NoWaitlistItemsFound":  "לא נמצאו פריטי רשימת המתנה",
                   "Yes":  "כן",
                   "Greek":  "יוונית",
                   "SaveChanges":  "שמור שינויים",
                   "EditAttendee":  "ערוך משתתף",
                   "EmailRequired":  "‏‏נדרש דואר אלקטרוני.",
                   "NoSessionsEvent":  "לאירוע זה אין מפגשים.",
                   "ShowSessions":  "הצג מפגשים",
                   "PassInformation":  "פרטי אישור כניסה",
                   "EventNotFound":  "האירוע שאתה מנסה להירשם אליו לא קיים.",
                   "AddedSince":  "נוסף מאז",
                   "Finnish":  "פינית",
                   "Chinese":  "סינית (סין)",
                   "Profile":  "פרופיל",
                   "NorwegianBokml":  "נורווגית",
                   "ChineseHongKong":  "סינית (הונג קונג)",
                   "PortuguesePortugal":  "פורטוגזית (פורטוגל)"
               },
    "isJapanese":  false
}
