﻿{
    "labels":  {
                   "NoSpeakersEvent":  "Az eseményhez nincsenek előadók hozzárendelve.",
                   "EnglishAustralia":  "angol (Ausztrália)",
                   "Building":  "Épület",
                   "SignIn":  "Bejelentkezés",
                   "CardHolder":  "Kártyatulajdonos:",
                   "Lithuanian":  "litván",
                   "InvalidValueForRequiredRegistrationField":  "A regisztrációjában érvénytelen érték szerepel egy kötelező mezőben.",
                   "EnglishGB":  "angol (Egyesült Királyság)",
                   "Tuesday":  "kedd",
                   "RegisterAttendees":  "Résztvevők regisztrálása",
                   "GermanGermany":  "német",
                   "Submit":  "Küldés",
                   "SessionTracks":  "Ülésszakok",
                   "CancelRegistrationError":  "Probléma merült fel a regisztráció törlése során.",
                   "EventRegistrationTitle":  "Eseményregisztráció",
                   "SerbianCyrillic":  "szerb (cirill)",
                   "FrenchCanada":  "francia (Kanada)",
                   "Basque":  "baszk",
                   "SessionsIncludedInPass":  "Az előadásokat a belépő tartalmazza",
                   "Indonesian":  "indonéz",
                   "SelectAPass":  "Belépő választása",
                   "Galician":  "galíciai",
                   "RegistrationConfirmation":  "Regisztráció megerősítése",
                   "Croatian":  "horvát",
                   "Thai":  "thai",
                   "FinalizationNotAllowed":  "A megadott érték nem felel meg a képen megjelenített karaktereknek (CAPTCHA). Próbálja meg újból.",
                   "MaximumNoAttendeesReached":  "Az esemény teltházas.",
                   "WebsiteColon":  "Webhely:",
                   "Friday":  "péntek",
                   "OnlyWaitlistRegistrationPossibleText":  "Az új regisztrálókat a rendszer hozzáadja az előadáshoz tartozó várólistához.",
                   "EditingAttendee":  "Résztvevő szerkesztése",
                   "Register":  "Regisztrálás",
                   "ArabicSaudiArabia":  "arab",
                   "WaitForRegistrationsToAppear":  "Felhívjuk figyelmét, hogy a regisztrációk feldolgozása késhet.",
                   "EndTime":  "Befejezési idő",
                   "MyAccount":  "Saját fiók",
                   "RequestTimedOut":  "A regisztráció feldolgozása túl sok ideig tartott. Próbálkozzon újból.",
                   "Hungarian":  "magyar",
                   "NoSponsorshipsEvent":  "Az eseményhez nincsenek szponzorok hozzárendelve.",
                   "AvailableEvents":  "Rendelkezésre álló események",
                   "Wednesday":  "szerda",
                   "EventName":  "Esemény neve",
                   "Sunday":  "vasárnap",
                   "LastNameRequired":  "A Vezetéknév megadása kötelező.",
                   "RemoveMessage":  "Biztosan eltávolítja a következőt: {0} {1}?",
                   "Japanese":  "japán",
                   "AttendeeSessionIdNotValid":  "Az egyik résztvevő érvénytelen belépőazonosítóval rendelkezik",
                   "Email":  "E-mail",
                   "NoSessionTracksEvent":  "Az eseménynek nincsenek ülésszakjai.",
                   "AZ":  "A-tól Z-ig",
                   "AnonymousAccessNotAllowedError":  "A folytatáshoz be kell jelentkeznie.",
                   "EventCapacityExceeding":  "Ilyen számú résztvevőt nem regisztrálhat, mivel ezzel túllépné az esemény maximális kapacitását.",
                   "PassPrice":  "Belépő ára",
                   "ZA":  "Z-től A-ig",
                   "PortugueseBrazil":  "portugál (Brazília)",
                   "AttendeeInformation":  "Résztvevő adatai",
                   "EmulatePayment":  "Fizetés emulálása",
                   "Session":  "Munkamenet",
                   "Speakers":  "Előadók",
                   "EnglishUS":  "angol (USA)",
                   "Processing":  "Feldolgozás alatt",
                   "BlogColon":  "Blog:",
                   "TooManyAttendees":  "Egyszerre legfeljebb 50 résztvevőt regisztrálhat. Hozzon létre további regisztrációkat, ha ennél több résztvevőt szeretne regisztrálni.",
                   "RemoveSession":  "Munkamenet eltávolítása",
                   "SerbianLatin":  "szerb (latin)",
                   "Catalan":  "katalán",
                   "EventNotLive":  "Az esemény, amelyre regisztrálni próbál, már nem fogad újabb regisztrációkat.",
                   "Ukrainian":  "ukrán",
                   "Slovenian":  "szlovén",
                   "Saturday":  "szombat",
                   "SignInForEditingAttendee":  "Bejelentkezés eseményregisztrációra",
                   "Checkout":  "Megrendelés",
                   "Registration":  "Regisztráció",
                   "Czech":  "cseh",
                   "FinishRegistration":  "Regisztráció befejezése",
                   "SpanishSpain":  "spanyol (Spanyolország)",
                   "EndDate":  "Befejezési dátum",
                   "WaitlistedAttendees":  "Várólistán levő résztvevők",
                   "Description":  "Leírás:",
                   "ItalianItaly":  "olasz",
                   "DemoPaymentGatewayPageTitle":  "Demó fizetési átjáró",
                   "BroughtToYouBy":  "Fejlesztő:",
                   "DutchNetherlands":  "holland",
                   "EnableAutoRegisterRadioButtonText":  "Automatikusan regisztráljon és értesítsen, ha felszabadul egy hely",
                   "Hebrew":  "héber",
                   "Amount":  "Összeg:",
                   "CommunicationError":  "Probléma merült fel a kiszolgálóval való kommunikáció során.",
                   "AddAttendeeToWaitlist":  "Résztvevő hozzáadása várólistához",
                   "InsufficentNumberOfPasses":  "Nem áll rendelkezésre elegendő belépő a vásárlás véglegesítéséhez.",
                   "Monday":  "hétfő",
                   "NoPassesEvent":  "Az eseményre nincsenek belépők.",
                   "Thursday":  "csütörtök",
                   "EnterLastName":  "Adja meg a vezetéknevét",
                   "ThankYouForRegistering":  "Köszönjük, hogy regisztrált az eseményre!",
                   "RequiredRegistrationFieldMissing":  "A regisztrációban hiányzik az egyik kötelező adat legalább egy résztvevőnél.",
                   "Sessions":  "Munkamenetek",
                   "AssignedAttendees":  "Regisztrációk",
                   "StartDate":  "Kezdési dátum",
                   "AddSessionToCart":  "Előadás hozzáadása",
                   "AddAttendee":  "Résztvevő hozzáadása",
                   "ChangeLanguage":  "Nyelv módosítása",
                   "EmailAddress":  "E-mail-cím",
                   "AttendeePassIdNotValid":  "Az egyik résztvevő érvénytelen belépőazonosítóval rendelkezik ",
                   "FirstName":  "Utónév",
                   "FinalizationAfterTimeLimit":  "A vásárlást nem sikerült időben befejezni.",
                   "CopyrightWithParam":  "Copyright © {0}. Minden jog fenntartva.",
                   "RefreshPage":  "A munkamenet lejárt. Kérjük, frissítse az oldalt a folytatáshoz.",
                   "WaitlistedSessions":  "várólistás előadás(ok)",
                   "EventCapacityReached":  "Az esemény elérte a maximális kapacitás határát.",
                   "CardNumber":  "Kártyaszám:",
                   "MaximumCapacityReached":  "Az esemény teltházas, de regisztrálhat a várólistára. ",
                   "AutoRegister":  "Automatikus regisztráció",
                   "AttendeeHasWaitlistRegistrationsInfo":  "Az adott regisztráló egy vagy több előadás várólistáján szerepel.",
                   "Attendees":  "Résztvevők",
                   "EnglishCanada":  "angol (Kanada)",
                   "RegisterNow":  "Regisztráljon most",
                   "Newest":  "Legújabb",
                   "SoldOut":  "Elfogyott",
                   "SessionCartHeader":  "Munkamenet kosara",
                   "SwedishSweden":  "svéd",
                   "Pass":  "Belépő",
                   "SelectedSessions":  "Kiválasztott munkamenetek",
                   "Waitlist":  "Várólista",
                   "Name":  "Név",
                   "Bulgarian":  "bolgár",
                   "Remove":  "Törlés",
                   "SponsorName":  "Szponzor neve",
                   "NoRegistrationsFound":  "Nem található regisztráció",
                   "SessionFullyBooked":  "Teltház",
                   "CancelRegistrationEventMessage":  "Biztosan törli a(z) {0} regisztrációját?",
                   "NoSessionsAssociated":  "A belépőhöz nincsenek előadások társítva.",
                   "RomanianRomania":  "román",
                   "AnonymousRegistrationNotAllowed":  "Létre kell hoznia egy fiókot és be kell jelentkeznie, mielőtt regisztrálni tudna erre az eseményre.",
                   "Search":  "Keresés",
                   "SignOut":  "Kijelentkezés",
                   "NoSessionsAssigned":  "Nincsenek hozzárendelt előadások.",
                   "MyRegistrations":  "Saját regisztrációk",
                   "Cancel":  "Mégse",
                   "SortBy":  "Rendezési szempont",
                   "AddAnotherAttendee":  "További résztvevő hozzáadása",
                   "CancelPayment":  "Fizetés visszavonása",
                   "AttendeeAutoRegistrationInfo":  "Ez a résztvevőt a rendszer automatikusan regisztrálja, amint felszabadul elegendő kapacitás.",
                   "CancelRegistration":  "Regisztráció törlése",
                   "Korean":  "koreai",
                   "Turkish":  "török",
                   "FrenchFrance":  "francia (Franciaország)",
                   "AdditionalInformationAvailable":  "További rendelkezésre álló információk",
                   "DiscardChanges":  "Módosítások elvetése",
                   "MaximumSessionCapacityReached":  "Az előadás teltházas.",
                   "MyWaitlistItems":  "Saját várólistaelemek",
                   "Slovak":  "szlovák",
                   "AttendeeDetails":  "Résztvevő adatai",
                   "Polish":  "lengyel",
                   "StartTime":  "Kezdési idő",
                   "EmailInvalid":  "Adjon meg egy érvényes e-mail-címet.",
                   "DisableAutoRegisterRadioButtonText":  "Értesítsen, de ne regisztráljon automatikusan, ha felszabadul egy hely",
                   "PaymentDetails":  "Fizetés részletei",
                   "EnterEmailAddress":  "Adja meg az e-mail-címét",
                   "RegisteredSince":  "Regisztráció kezdete",
                   "MultiAttendeeRegistrationNotEnabled":  "Ez az esemény nem engedélyezi a több résztvevős regisztrációt.",
                   "ChineseTaiwan":  "kínai (Tajvan)",
                   "Oldest":  "Legrégebbi",
                   "Home":  "Kezdőlap",
                   "Latvian":  "lett",
                   "SessionName":  "Munkamenet neve",
                   "NoChoice":  "Nincs választási lehetőség",
                   "Events":  "Események",
                   "Russian":  "orosz",
                   "No":  "Nem",
                   "RemoveAttendee":  "Résztvevő eltávolítása",
                   "Estonian":  "észt",
                   "WaitlistRegistrationNotAllowedErrorMessage":  "Nem áll rendelkezésre várólista ehhez az eseményhez/előadáshoz.",
                   "Event":  "Esemény",
                   "Copyright":  "Copyright © 2018. Minden jog fenntartva.",
                   "OrderSummary":  "Megrendelés összegzése",
                   "NoSessionsTrack":  "Az ülésszaknak nincsenek munkamenetei.",
                   "FinalizationNotEnabled":  "A funkció használatához engedélyeznie kell a bemutató célú fizetési megerősítést.",
                   "AlreadyRegistered":  "Már regisztrált",
                   "RegistrationFailed":  "Probléma merült fel a regisztráció során",
                   "SessionNotLive":  "Az előadás, amelyre regisztrálni próbál, már nem fogad újabb regisztrációkat.",
                   "Danish":  "dán",
                   "Vietnamese":  "vietnami",
                   "FirstNameRequired":  "Az Utónév megadása kötelező.",
                   "EditingWaitlistedAttendee":  "Várólistán levő résztvevő szerkesztése",
                   "EnterFirstName":  "Adja meg az utónevét",
                   "LastName":  "Vezetéknév",
                   "NoWaitlistItemsFound":  "Nem találhatók várólistaelemek",
                   "Yes":  "Igen",
                   "Greek":  "görög",
                   "SaveChanges":  "Módosítások mentése",
                   "EditAttendee":  "Résztvevő szerkesztése",
                   "EmailRequired":  "Az e-mail-cím megadása kötelező.",
                   "NoSessionsEvent":  "Az eseménynek nincsenek munkamenetei.",
                   "ShowSessions":  "előadások megjelenítése",
                   "PassInformation":  "Belépőadatok",
                   "EventNotFound":  "Az esemény, amelyre regisztrálni próbál, nem létezik.",
                   "AddedSince":  "Hozzáadva a következő óta:",
                   "Finnish":  "finn",
                   "Chinese":  "kínai (Kína)",
                   "Profile":  "Profil",
                   "NorwegianBokml":  "norvég",
                   "ChineseHongKong":  "kínai (Hongkong KKT)",
                   "PortuguesePortugal":  "portugál (Portugália)"
               },
    "isJapanese":  false
}
