﻿{
    "labels":  {
                   "NoSpeakersEvent":  "Questo evento non ha relatori assegnati.",
                   "EnglishAustralia":  "Inglese (Australia)",
                   "Building":  "Edificio",
                   "SignIn":  "Accedi",
                   "CardHolder":  "Titolare carta:",
                   "Lithuanian":  "Lituano",
                   "InvalidValueForRequiredRegistrationField":  "La registrazione include un valore non valido per un campo obbligatorio.",
                   "EnglishGB":  "Inglese (GB)",
                   "Tuesday":  "Martedì",
                   "RegisterAttendees":  "Registra partecipanti",
                   "GermanGermany":  "Tedesco",
                   "Submit":  "Invia",
                   "SessionTracks":  "Programmi della sessione",
                   "CancelRegistrationError":  "Si è verificato un problema durante l\u0027annullamento della registrazione.",
                   "EventRegistrationTitle":  "Registrazione evento",
                   "SerbianCyrillic":  "Serbo (alfabeto cirillico)",
                   "FrenchCanada":  "Francese (Canada)",
                   "Basque":  "Basco",
                   "SessionsIncludedInPass":  "Sessioni incluse nel pass",
                   "Indonesian":  "Indonesiano",
                   "SelectAPass":  "Seleziona un pass",
                   "Galician":  "Gallego",
                   "RegistrationConfirmation":  "Conferma registrazione",
                   "Croatian":  "Croato",
                   "Thai":  "Thai",
                   "FinalizationNotAllowed":  "Il valore CAPTCHA specificato non corrisponde. Riprova.",
                   "MaximumNoAttendeesReached":  "Questo evento è tutto esaurito.",
                   "WebsiteColon":  "Sito Web:",
                   "Friday":  "Venerdì",
                   "OnlyWaitlistRegistrationPossibleText":  "I nuovi utenti che si registrano verranno aggiunti alla lista di attesa per questa sessione.",
                   "EditingAttendee":  "Modifica partecipante in corso",
                   "Register":  "Registrati",
                   "ArabicSaudiArabia":  "Arabo",
                   "WaitForRegistrationsToAppear":  "Potrebbe esserci un ritardo nell\u0027elaborazione delle registrazioni.",
                   "EndTime":  "Ora di fine",
                   "MyAccount":  "Account personale",
                   "RequestTimedOut":  "L\u0027elaborazione della registrazione è durata troppo tempo. Riprova.",
                   "Hungarian":  "Ungherese",
                   "NoSponsorshipsEvent":  "Questo evento non ha sponsor.",
                   "AvailableEvents":  "Eventi disponibili",
                   "Wednesday":  "Mercoledì",
                   "EventName":  "Nome evento",
                   "Sunday":  "Domenica",
                   "LastNameRequired":  "Il cognome è obbligatorio.",
                   "RemoveMessage":  "Rimuovere {0} {1}?",
                   "Japanese":  "Giapponese",
                   "AttendeeSessionIdNotValid":  "Uno dei partecipanti ha un ID pass non valido",
                   "Email":  "E-mail",
                   "NoSessionTracksEvent":  "Questo evento non include programmi della sessione.",
                   "AZ":  "A-Z",
                   "AnonymousAccessNotAllowedError":  "Devi accedere per continuare.",
                   "EventCapacityExceeding":  "Impossibile registrare un numero tale di partecipanti perché comporterebbe il superamento della capacità massima dell\u0027evento.",
                   "PassPrice":  "Prezzo del pass",
                   "ZA":  "Z-A",
                   "PortugueseBrazil":  "Portoghese (Brasile)",
                   "AttendeeInformation":  "Informazioni sul partecipante",
                   "EmulatePayment":  "Emula pagamento",
                   "Session":  "Sessione",
                   "Speakers":  "Relatori",
                   "EnglishUS":  "Inglese (US)",
                   "Processing":  "In elaborazione",
                   "BlogColon":  "Blog:",
                   "TooManyAttendees":  "Puoi registrare solo massimo 50 partecipanti alla volta. Crea altre registrazioni se devi registrare un numero maggiore di partecipanti.",
                   "RemoveSession":  "Rimuovi sessione",
                   "SerbianLatin":  "Serbo (alfabeto latino)",
                   "Catalan":  "Catalano",
                   "EventNotLive":  "L\u0027evento per cui stai tentando di registrarti non accetta nuove registrazioni.",
                   "Ukrainian":  "Ucraino",
                   "Slovenian":  "Sloveno",
                   "Saturday":  "Sabato",
                   "SignInForEditingAttendee":  "Accedi per la registrazione all\u0027evento",
                   "Checkout":  "Checkout",
                   "Registration":  "Registrazione",
                   "Czech":  "Ceco",
                   "FinishRegistration":  "Completa registrazione",
                   "SpanishSpain":  "Spagnolo (Spagna)",
                   "EndDate":  "Data di fine",
                   "WaitlistedAttendees":  "Partecipanti in lista di attesa",
                   "Description":  "Descrizione:",
                   "ItalianItaly":  "Italiano",
                   "DemoPaymentGatewayPageTitle":  "Gateway di pagamento demo",
                   "BroughtToYouBy":  "Offerto da",
                   "DutchNetherlands":  "Olandese",
                   "EnableAutoRegisterRadioButtonText":  "Effettua la registrazione automatica e notifica quando lo spazio diventa disponibile",
                   "Hebrew":  "Ebraico",
                   "Amount":  "Importo:",
                   "CommunicationError":  "Si stanno verificando problemi di comunicazione con il server.",
                   "AddAttendeeToWaitlist":  "Aggiungi partecipante a lista di attesa",
                   "InsufficentNumberOfPasses":  "Non è rimasto un numero sufficiente di pass per completare l\u0027acquisto.",
                   "Monday":  "Lunedì",
                   "NoPassesEvent":  "Questo evento non include pass.",
                   "Thursday":  "Giovedì",
                   "EnterLastName":  "Immetti il tuo cognome",
                   "ThankYouForRegistering":  "Grazie per la registrazione all\u0027evento.",
                   "RequiredRegistrationFieldMissing":  "Nella registrazione mancano le info obbligatorie per almeno un partecipante.",
                   "Sessions":  "Sessioni",
                   "AssignedAttendees":  "Registrazioni",
                   "StartDate":  "Data di inizio",
                   "AddSessionToCart":  "Aggiungi sessione",
                   "AddAttendee":  "Aggiungi partecipante",
                   "ChangeLanguage":  "Modifica la lingua",
                   "EmailAddress":  "Indirizzo e-mail",
                   "AttendeePassIdNotValid":  "Uno dei partecipanti ha un ID pass non valido ",
                   "FirstName":  "Nome",
                   "FinalizationAfterTimeLimit":  "L\u0027acquisto non è stato completato in tempo.",
                   "CopyrightWithParam":  "Copyright © {0}. Tutti i diritti sono riservati.",
                   "RefreshPage":  "La sessione è scaduta. Aggiorna la pagina per continuare.",
                   "WaitlistedSessions":  "sessioni in lista di attesa",
                   "EventCapacityReached":  "La capacità massima dell\u0027evento è stata raggiunta.",
                   "CardNumber":  "Numero di carta:",
                   "MaximumCapacityReached":  "Questo evento è tutto esaurito, ma puoi comunque registrarti per la lista di attesa. ",
                   "AutoRegister":  "Registra automaticamente",
                   "AttendeeHasWaitlistRegistrationsInfo":  "Questo registrante è in lista d\u0027attesa per una o più sessioni.",
                   "Attendees":  "Partecipanti",
                   "EnglishCanada":  "Inglese (Canada)",
                   "RegisterNow":  "Registrati ora",
                   "Newest":  "Più recente",
                   "SoldOut":  "Esauriti",
                   "SessionCartHeader":  "Carrello sessione",
                   "SwedishSweden":  "Svedese",
                   "Pass":  "Pass",
                   "SelectedSessions":  "Sessioni selezionate",
                   "Waitlist":  "Lista di attesa",
                   "Name":  "Nome",
                   "Bulgarian":  "Bulgaro",
                   "Remove":  "Rimuovi",
                   "SponsorName":  "Nome sponsor",
                   "NoRegistrationsFound":  "Nessuna registrazione trovata",
                   "SessionFullyBooked":  "Prenotazioni al completo",
                   "CancelRegistrationEventMessage":  "Annullare la registrazione per {0}?",
                   "NoSessionsAssociated":  "Non sono presenti sessioni associate a questo pass.",
                   "RomanianRomania":  "Romeno",
                   "AnonymousRegistrationNotAllowed":  "Devi creare un account e accedere prima di poterti registrare per questo evento.",
                   "Search":  "Cerca",
                   "SignOut":  "Disconnetti",
                   "NoSessionsAssigned":  "Nessuna sessione assegnata.",
                   "MyRegistrations":  "Registrazioni personali",
                   "Cancel":  "Annulla",
                   "SortBy":  "Ordina per",
                   "AddAnotherAttendee":  "Aggiungi un altro partecipante",
                   "CancelPayment":  "Annulla pagamento",
                   "AttendeeAutoRegistrationInfo":  "Questo partecipante verrà registrato automaticamente non appena la capacità diventa disponibile.",
                   "CancelRegistration":  "Annulla registrazione",
                   "Korean":  "Coreano",
                   "Turkish":  "Turco",
                   "FrenchFrance":  "Francese (Francia)",
                   "AdditionalInformationAvailable":  "Informazioni aggiuntive disponibili",
                   "DiscardChanges":  "Annulla le modifiche",
                   "MaximumSessionCapacityReached":  "Questa sessione è tutta esaurita.",
                   "MyWaitlistItems":  "Elementi lista di attesa personali",
                   "Slovak":  "Slovacco",
                   "AttendeeDetails":  "Dettagli partecipanti",
                   "Polish":  "Polacco",
                   "StartTime":  "Ora di inizio",
                   "EmailInvalid":  "Immetti un indirizzo e-mail valido.",
                   "DisableAutoRegisterRadioButtonText":  "Notifica, ma non effettuare la registrazione automatica, quando lo spazio diventa disponibile",
                   "PaymentDetails":  "Dettagli pagamento",
                   "EnterEmailAddress":  "Immetti il tuo indirizzo e-mail",
                   "RegisteredSince":  "Data di registrazione",
                   "MultiAttendeeRegistrationNotEnabled":  "Questo evento non consente la registrazione di più partecipanti.",
                   "ChineseTaiwan":  "Cinese (Taiwan)",
                   "Oldest":  "Meno recente",
                   "Home":  "Home",
                   "Latvian":  "Lettone",
                   "SessionName":  "Nome sessione",
                   "NoChoice":  "Nessuna scelta",
                   "Events":  "Eventi",
                   "Russian":  "Russo",
                   "No":  "No",
                   "RemoveAttendee":  "Rimuovi partecipante",
                   "Estonian":  "Estone",
                   "WaitlistRegistrationNotAllowedErrorMessage":  "Nessuna lista di attesa disponibile per questo evento o sessione.",
                   "Event":  "Evento",
                   "Copyright":  "Copyright © 2018. Tutti i diritti sono riservati.",
                   "OrderSummary":  "Riepilogo ordine",
                   "NoSessionsTrack":  "Questo programma della sessione non include sessioni.",
                   "FinalizationNotEnabled":  "Per utilizzare questa funzionalità, devi abilitare la conferma del pagamento demo.",
                   "AlreadyRegistered":  "Già registrato",
                   "RegistrationFailed":  "Si è verificato un problema durante la registrazione",
                   "SessionNotLive":  "La sessione per cui stai tentando di registrarti non accetta nuove registrazioni.",
                   "Danish":  "Danese",
                   "Vietnamese":  "Vietnamita",
                   "FirstNameRequired":  "Il nome è obbligatorio.",
                   "EditingWaitlistedAttendee":  "Modifica partecipante in lista di attesa in corso",
                   "EnterFirstName":  "Immetti il tuo nome",
                   "LastName":  "Cognome",
                   "NoWaitlistItemsFound":  "Nessun elemento lista di attesa trovato",
                   "Yes":  "Sì",
                   "Greek":  "Greco",
                   "SaveChanges":  "Salva modifiche",
                   "EditAttendee":  "Modifica partecipante",
                   "EmailRequired":  "Indirizzo e-mail obbligatorio.",
                   "NoSessionsEvent":  "Questo evento non include sessioni.",
                   "ShowSessions":  "mostra sessioni",
                   "PassInformation":  "Informazioni sul pass",
                   "EventNotFound":  "L\u0027evento per cui stai tentando di registrarti non esiste.",
                   "AddedSince":  "Aggiunti dopo",
                   "Finnish":  "Finlandese",
                   "Chinese":  "Cinese (Cina)",
                   "Profile":  "Profilo",
                   "NorwegianBokml":  "Norvegese",
                   "ChineseHongKong":  "Cinese (Hong Kong)",
                   "PortuguesePortugal":  "Portoghese (Portogallo)"
               },
    "isJapanese":  false
}
