﻿{
    "labels":  {
                   "NoSpeakersEvent":  "このイベントには、スピーカーが割り当てられていません。",
                   "EnglishAustralia":  "英語 (オーストラリア)",
                   "Building":  "建物",
                   "SignIn":  "サインイン",
                   "CardHolder":  "カードの所有者:",
                   "Lithuanian":  "リトアニア語",
                   "InvalidValueForRequiredRegistrationField":  "登録に必要なフィールドに無効な値が含まれています。",
                   "EnglishGB":  "英語 (英国)",
                   "Tuesday":  "火曜日",
                   "RegisterAttendees":  "出席者の登録",
                   "GermanGermany":  "ドイツ語",
                   "Submit":  "送信",
                   "SessionTracks":  "セッション トラック",
                   "CancelRegistrationError":  "登録の取消中に問題が発生しました。",
                   "EventRegistrationTitle":  "イベント登録",
                   "SerbianCyrillic":  "セルビア語 (キリル)",
                   "FrenchCanada":  "フランス語 (カナダ)",
                   "Basque":  "バスク語",
                   "SessionsIncludedInPass":  "パスに含まれているセッション",
                   "Indonesian":  "インドネシア語",
                   "SelectAPass":  "パスの選択",
                   "Galician":  "ガリシア語",
                   "RegistrationConfirmation":  "登録の確認",
                   "Croatian":  "クロアチア語",
                   "Thai":  "タイ語",
                   "FinalizationNotAllowed":  "入力した CAPTCHA 値が一致しません。もう一度やり直してください。",
                   "MaximumNoAttendeesReached":  "このイベントは完売しました。",
                   "WebsiteColon":  "Web サイト:",
                   "Friday":  "金曜日",
                   "OnlyWaitlistRegistrationPossibleText":  "このセッションの順番待ちリストに新しい登録者が追加されます。",
                   "EditingAttendee":  "出席者を編集中",
                   "Register":  "登録",
                   "ArabicSaudiArabia":  "アラビア語",
                   "WaitForRegistrationsToAppear":  "登録の処理中に遅延が発生することがあります。",
                   "EndTime":  "終了時刻",
                   "MyAccount":  "自分の取引先企業",
                   "RequestTimedOut":  "登録の処理に時間がかかっています。やり直してください。",
                   "Hungarian":  "ハンガリー語",
                   "NoSponsorshipsEvent":  "このイベントには、スポンサーが存在しません。",
                   "AvailableEvents":  "可能なイベント",
                   "Wednesday":  "水曜日",
                   "EventName":  "イベント名",
                   "Sunday":  "日曜日",
                   "LastNameRequired":  "姓が必要です。",
                   "RemoveMessage":  "{0} {1} を削除しますか?",
                   "Japanese":  "日本語",
                   "AttendeeSessionIdNotValid":  "いずれかの出席者のパス ID が無効です",
                   "Email":  "電子メール",
                   "NoSessionTracksEvent":  "このイベントには、セッション トラックがありません。",
                   "AZ":  "A-Z",
                   "AnonymousAccessNotAllowedError":  "続行するには、サインインする必要があります。",
                   "EventCapacityExceeding":  "イベントの最大キャパシティを超えるため、これだけ多数の出席者を登録することはできません。",
                   "PassPrice":  "パス価格",
                   "ZA":  "Z-A",
                   "PortugueseBrazil":  "ポルトガル語 (ブラジル)",
                   "AttendeeInformation":  "出席者の情報",
                   "EmulatePayment":  "支払いのエミュレーション",
                   "Session":  "セッション",
                   "Speakers":  "スピーカー",
                   "EnglishUS":  "英語 (米国)",
                   "Processing":  "処理中",
                   "BlogColon":  "ブログ:",
                   "TooManyAttendees":  "一度に登録できる出席者は最大 50 名の出席者のみです。これより多くの出席者を登録する必要がある場合は、追加の登録を作成してください。",
                   "RemoveSession":  "セッションの削除",
                   "SerbianLatin":  "セルビア語 (ラテン)",
                   "Catalan":  "カタルニア語",
                   "EventNotLive":  "登録しようとしているイベントは、新しい登録を受け付けていません。",
                   "Ukrainian":  "ウクライナ語",
                   "Slovenian":  "スロベニア語",
                   "Saturday":  "土曜日",
                   "SignInForEditingAttendee":  "イベント登録のためにサインイン",
                   "Checkout":  "チェックアウト",
                   "Registration":  "登録",
                   "Czech":  "チェコ語",
                   "FinishRegistration":  "登録の完了",
                   "SpanishSpain":  "スペイン語 (スペイン)",
                   "EndDate":  "終了日",
                   "WaitlistedAttendees":  "待機リストの出席者",
                   "Description":  "説明:",
                   "ItalianItaly":  "イタリア語",
                   "DemoPaymentGatewayPageTitle":  "デモ支払いゲートウェイ",
                   "BroughtToYouBy":  "提供元",
                   "DutchNetherlands":  "オランダ語",
                   "EnableAutoRegisterRadioButtonText":  "空きが出たときに自動登録し通知します",
                   "Hebrew":  "ヘブライ語",
                   "Amount":  "金額:",
                   "CommunicationError":  "サーバーとの通信で問題が発生しています。",
                   "AddAttendeeToWaitlist":  "出席者を待機リストに追加",
                   "InsufficentNumberOfPasses":  "購入手続きを完了するための十分なパスが残っていません。",
                   "Monday":  "月曜日",
                   "NoPassesEvent":  "このイベントには、パスがありません。",
                   "Thursday":  "木曜日",
                   "EnterLastName":  "姓を入力してください",
                   "ThankYouForRegistering":  "イベントにご登録いただき、ありがとうございます!",
                   "RequiredRegistrationFieldMissing":  "少なくとも 1 人の出席者の必須情報がありません。",
                   "Sessions":  "セッション",
                   "AssignedAttendees":  "登録",
                   "StartDate":  "開始日",
                   "AddSessionToCart":  "セッションを追加",
                   "AddAttendee":  "出席者の追加",
                   "ChangeLanguage":  "言語の変更",
                   "EmailAddress":  "電子メール アドレス",
                   "AttendeePassIdNotValid":  "いずれかの出席者のパス ID が無効です ",
                   "FirstName":  "名",
                   "FinalizationAfterTimeLimit":  "購入は時間内に完了しませんでした。",
                   "CopyrightWithParam":  "Copyright © {0}. All rights reserved.",
                   "RefreshPage":  "セッションが期限切れになりました。続行するには、ページを更新してください。",
                   "WaitlistedSessions":  "順番待ちリスト セッション",
                   "EventCapacityReached":  "イベントの最大キャパシティに達しました。",
                   "CardNumber":  "カード番号:",
                   "MaximumCapacityReached":  "このイベントは完売ですが、まだ待機リストに登録することができます。",
                   "AutoRegister":  "自動登録",
                   "AttendeeHasWaitlistRegistrationsInfo":  "この登録者は 1 つまたは複数のセッションの順番待ちリストに記載があります。",
                   "Attendees":  "出席者",
                   "EnglishCanada":  "英語 (カナダ)",
                   "RegisterNow":  "今すぐ登録",
                   "Newest":  "最新",
                   "SoldOut":  "完売",
                   "SessionCartHeader":  "セッション カート",
                   "SwedishSweden":  "スウェーデン語",
                   "Pass":  "パス",
                   "SelectedSessions":  "選択されたセッション",
                   "Waitlist":  "待機リスト",
                   "Name":  "名前",
                   "Bulgarian":  "ブルガリア語",
                   "Remove":  "削除",
                   "SponsorName":  "スポンサー名",
                   "NoRegistrationsFound":  "登録が見つかりませんでした",
                   "SessionFullyBooked":  "完全に予約済み",
                   "CancelRegistrationEventMessage":  "{0} の登録を取り消しますか?",
                   "NoSessionsAssociated":  "このパスに関連付けられているセッションはありません。",
                   "RomanianRomania":  "ルーマニア語",
                   "AnonymousRegistrationNotAllowed":  "このイベントに登録するには、取引先企業を作成してサインインする必要があります。",
                   "Search":  "検索",
                   "SignOut":  "サインアウト",
                   "NoSessionsAssigned":  "割り当てられたセッションがありません。",
                   "MyRegistrations":  "自分の登録",
                   "Cancel":  "キャンセル",
                   "SortBy":  "並べ替えの基準",
                   "AddAnotherAttendee":  "別の出席者を追加",
                   "CancelPayment":  "支払いのキャンセル",
                   "AttendeeAutoRegistrationInfo":  "この出席者は、キャパシティが可能になるとすぐに自動登録されます。",
                   "CancelRegistration":  "登録のキャンセル",
                   "Korean":  "韓国語",
                   "Turkish":  "トルコ語",
                   "FrenchFrance":  "フランス語 (フランス)",
                   "AdditionalInformationAvailable":  "追加情報あり",
                   "DiscardChanges":  "変更の破棄",
                   "MaximumSessionCapacityReached":  "このセッションは完売しました。",
                   "MyWaitlistItems":  "自分の待機リスト項目",
                   "Slovak":  "スロバキア語",
                   "AttendeeDetails":  "出席者の詳細",
                   "Polish":  "ポーランド語",
                   "StartTime":  "開始時刻",
                   "EmailInvalid":  "有効な電子メール アドレスを入力してください。",
                   "DisableAutoRegisterRadioButtonText":  "空きが出たときに通知しますが、自動登録はしません",
                   "PaymentDetails":  "支払いの詳細",
                   "EnterEmailAddress":  "電子メール アドレスを入力してください",
                   "RegisteredSince":  "これ以降の登録",
                   "MultiAttendeeRegistrationNotEnabled":  "このイベントには複数の出席者を登録できません。",
                   "ChineseTaiwan":  "中国語 (台湾)",
                   "Oldest":  "最も古い",
                   "Home":  "ホーム",
                   "Latvian":  "ラトビア語",
                   "SessionName":  "セッション名",
                   "NoChoice":  "選択肢なし",
                   "Events":  "イベント",
                   "Russian":  "ロシア語",
                   "No":  "いいえ",
                   "RemoveAttendee":  "出席者の削除",
                   "Estonian":  "エストニア語",
                   "WaitlistRegistrationNotAllowedErrorMessage":  "このイベントやセッションで利用できる待機リストはありません。",
                   "Event":  "イベント",
                   "Copyright":  "Copyright © 2018. All rights reserved.",
                   "OrderSummary":  "受注の概要",
                   "NoSessionsTrack":  "このセッション トラックには、セッションがありません。",
                   "FinalizationNotEnabled":  "この機能を使用するには、デモ支払の確認を有効にする必要があります。",
                   "AlreadyRegistered":  "登録済み",
                   "RegistrationFailed":  "登録で問題が発生しました",
                   "SessionNotLive":  "登録しようとしているセッションは、新しい登録を受け付けていません。",
                   "Danish":  "デンマーク語",
                   "Vietnamese":  "ベトナム語",
                   "FirstNameRequired":  "名が必要です。",
                   "EditingWaitlistedAttendee":  "待機リストの出席者を編集中",
                   "EnterFirstName":  "名を入力してください",
                   "LastName":  "姓",
                   "NoWaitlistItemsFound":  "待機リスト項目がありません",
                   "Yes":  "はい",
                   "Greek":  "ギリシャ語",
                   "SaveChanges":  "変更の保存",
                   "EditAttendee":  "出席者の編集",
                   "EmailRequired":  "電子メールが必要です。",
                   "NoSessionsEvent":  "このイベントには、セッションがありません。",
                   "ShowSessions":  "セッションの表示",
                   "PassInformation":  "パス情報",
                   "EventNotFound":  "登録しようとしているイベントは存在しません。",
                   "AddedSince":  "次の時点以降に追加",
                   "Finnish":  "フィンランド語",
                   "Chinese":  "中国語 (中国)",
                   "Profile":  "プロファイル",
                   "NorwegianBokml":  "ノルウェー語",
                   "ChineseHongKong":  "中国語 (香港)",
                   "PortuguesePortugal":  "ポルトガル語 (ポルトガル)"
               },
    "isJapanese":  true
}
