﻿{
    "labels":  {
                   "NoSpeakersEvent":  "이 이벤트에는 배정된 연사가 없습니다.",
                   "EnglishAustralia":  "영어(호주)",
                   "Building":  "건물",
                   "SignIn":  "로그인",
                   "CardHolder":  "카드 소지자:",
                   "Lithuanian":  "리투아니아어",
                   "InvalidValueForRequiredRegistrationField":  "등록의 필수 필드에 잘못된 값이 포함되어 있습니다.",
                   "EnglishGB":  "영어(영국)",
                   "Tuesday":  "화요일",
                   "RegisterAttendees":  "참석자 등록",
                   "GermanGermany":  "독일어",
                   "Submit":  "제출",
                   "SessionTracks":  "세션 추적",
                   "CancelRegistrationError":  "등록을 취소하는 데 문제가 발생했습니다.",
                   "EventRegistrationTitle":  "이벤트 등록",
                   "SerbianCyrillic":  "세르비아어(키릴 자모)",
                   "FrenchCanada":  "프랑스어(캐나다)",
                   "Basque":  "바스크어",
                   "SessionsIncludedInPass":  "패스에 포함된 세션",
                   "Indonesian":  "인도네시아어",
                   "SelectAPass":  "패스 선택",
                   "Galician":  "갈리시아어",
                   "RegistrationConfirmation":  "등록 확인",
                   "Croatian":  "크로아티아어",
                   "Thai":  "태국어",
                   "FinalizationNotAllowed":  "입력한 이미지 문자 값이 일치하지 않습니다. 다시 시도하십시오.",
                   "MaximumNoAttendeesReached":  "이 이벤트는 매진되었습니다.",
                   "WebsiteColon":  "웹사이트: ",
                   "Friday":  "금요일",
                   "OnlyWaitlistRegistrationPossibleText":  "새 등록자가 이 세션의 대기 목록에 추가됩니다.",
                   "EditingAttendee":  "참석자 편집",
                   "Register":  "등록",
                   "ArabicSaudiArabia":  "아랍어",
                   "WaitForRegistrationsToAppear":  "등록 처리가 지연될 수 있습니다.",
                   "EndTime":  "끝 시간",
                   "MyAccount":  "내 거래처",
                   "RequestTimedOut":  "등록을 처리하는 데 시간이 너무 오래 걸립니다. 다시 시도하십시오.",
                   "Hungarian":  "헝가리어",
                   "NoSponsorshipsEvent":  "이 이벤트에는 스폰서가 없습니다.",
                   "AvailableEvents":  "참석 가능한 이벤트",
                   "Wednesday":  "수요일",
                   "EventName":  "이벤트 명칭",
                   "Sunday":  "일요일",
                   "LastNameRequired":  "성은 필수입니다.",
                   "RemoveMessage":  "{0} {1}을(를) 제거하시겠습니까?",
                   "Japanese":  "일본어",
                   "AttendeeSessionIdNotValid":  "한 참석자의 패스 ID가 잘못되었습니다.",
                   "Email":  "이메일",
                   "NoSessionTracksEvent":  "이 이벤트에는 세션 추적이 없습니다.",
                   "AZ":  "A-Z",
                   "AnonymousAccessNotAllowedError":  "계속하려면 로그인해야 합니다.",
                   "EventCapacityExceeding":  "이벤트 최대 수용 인원을 초과하기 때문에 그만큼 많은 참석자를 등록할 수 없습니다.",
                   "PassPrice":  "패스 가격",
                   "ZA":  "Z-A",
                   "PortugueseBrazil":  "포르투갈어(브라질)",
                   "AttendeeInformation":  "참석자 정보",
                   "EmulatePayment":  "결제 에뮬레이션",
                   "Session":  "세션",
                   "Speakers":  "연사",
                   "EnglishUS":  "영어(미국)",
                   "Processing":  "처리 중",
                   "BlogColon":  "블로그:",
                   "TooManyAttendees":  "한 번에 최대 50명의 참석자만 등록할 수 있습니다. 이보다 더 많은 참석자를 등록해야 하는 경우 추가 등록을 생성하십시오.",
                   "RemoveSession":  "세션 제거",
                   "SerbianLatin":  "세르비아어(라틴 문자)",
                   "Catalan":  "카탈로니아어",
                   "EventNotLive":  "등록하려는 이벤트에서 신규 등록을 받지 않습니다.",
                   "Ukrainian":  "우크라이나어",
                   "Slovenian":  "슬로베니아어",
                   "Saturday":  "토요일",
                   "SignInForEditingAttendee":  "이벤트 등록을 위한 로그인",
                   "Checkout":  "확인",
                   "Registration":  "등록",
                   "Czech":  "체코어",
                   "FinishRegistration":  "등록 완료",
                   "SpanishSpain":  "스페인어(스페인)",
                   "EndDate":  "끝 날짜",
                   "WaitlistedAttendees":  "대기자 목록에 등재된 참석자",
                   "Description":  "설명:",
                   "ItalianItaly":  "이탈리아어",
                   "DemoPaymentGatewayPageTitle":  "데모 결제 게이트웨이",
                   "BroughtToYouBy":  "협찬",
                   "DutchNetherlands":  "네덜란드어",
                   "EnableAutoRegisterRadioButtonText":  "자리가 날 때 자동으로 등록하고 나에게 알림",
                   "Hebrew":  "히브리어",
                   "Amount":  "금액:",
                   "CommunicationError":  "서버와 통신하는 데 문제가 있습니다.",
                   "AddAttendeeToWaitlist":  "대기 목록에 참석자 추가",
                   "InsufficentNumberOfPasses":  "구매를 완결하기 위하여 남겨둔 패스가 충분하지 않습니다.",
                   "Monday":  "월요일",
                   "NoPassesEvent":  "이 이벤트에는 패스가 없습니다.",
                   "Thursday":  "목요일",
                   "EnterLastName":  "성 입력",
                   "ThankYouForRegistering":  "이벤트에 등록해 주셔서 감사합니다!",
                   "RequiredRegistrationFieldMissing":  "등록에 한 명 이상의 참석자에 대한 필수 정보가 누락되었습니다.",
                   "Sessions":  "세션",
                   "AssignedAttendees":  "등록",
                   "StartDate":  "시작 날짜",
                   "AddSessionToCart":  "세션 추가",
                   "AddAttendee":  "참석자 추가",
                   "ChangeLanguage":  "언어 변경",
                   "EmailAddress":  "이메일 주소",
                   "AttendeePassIdNotValid":  "한 참석자의 패스 ID가 잘못되었습니다. ",
                   "FirstName":  "명칭",
                   "FinalizationAfterTimeLimit":  "구매가 제 시간에 완료되지 않았습니다.",
                   "CopyrightWithParam":  "Copyright © {0}. All rights reserved.",
                   "RefreshPage":  "세션이 만료되었습니다. 계속하려면 페이지를 새로 고침하십시오.",
                   "WaitlistedSessions":  "대기 목록 세션",
                   "EventCapacityReached":  "이벤트의 최대 수용 인원에 도달했습니다.",
                   "CardNumber":  "카드 번호:",
                   "MaximumCapacityReached":  "이 이벤트는 매진되지만 대기 목록에 등록할 수 있습니다.",
                   "AutoRegister":  "자동 등록",
                   "AttendeeHasWaitlistRegistrationsInfo":  "이 등록자는 하나 이상의 세션에 대한 대기자입니다.",
                   "Attendees":  "참석자 수",
                   "EnglishCanada":  "영어(캐나다)",
                   "RegisterNow":  "지금 등록",
                   "Newest":  "가장 최신임",
                   "SoldOut":  "매진",
                   "SessionCartHeader":  "세션 카트",
                   "SwedishSweden":  "스웨덴어",
                   "Pass":  "패스",
                   "SelectedSessions":  "선택한 세션",
                   "Waitlist":  "대기 목록",
                   "Name":  "명칭",
                   "Bulgarian":  "불가리아어",
                   "Remove":  "제거",
                   "SponsorName":  "스폰서 명칭",
                   "NoRegistrationsFound":  "등록을 찾을 수 없음",
                   "SessionFullyBooked":  "완전 예약됨",
                   "CancelRegistrationEventMessage":  "{0} 등록을 취소하시겠습니까?",
                   "NoSessionsAssociated":  "이 패스와 연결된 세션이 없습니다.",
                   "RomanianRomania":  "루마니아어",
                   "AnonymousRegistrationNotAllowed":  "먼저 계정을 만들어 로그인해야 이 이벤트를 위해 등록할 수 있습니다.",
                   "Search":  "검색",
                   "SignOut":  "로그아웃",
                   "NoSessionsAssigned":  "할당된 세션이 없습니다.",
                   "MyRegistrations":  "내 등록",
                   "Cancel":  "취소",
                   "SortBy":  "정렬 기준",
                   "AddAnotherAttendee":  "다른 참석자 추가",
                   "CancelPayment":  "결제 취소",
                   "AttendeeAutoRegistrationInfo":  "수용할 수 있게 되는 즉시 이 참석자가 자동으로 등록됩니다.",
                   "CancelRegistration":  "등록 취소",
                   "Korean":  "한국어",
                   "Turkish":  "터키어",
                   "FrenchFrance":  "프랑스어(프랑스)",
                   "AdditionalInformationAvailable":  "추가 가용 정보",
                   "DiscardChanges":  "변경 폐기",
                   "MaximumSessionCapacityReached":  "이 세션은 매진되었습니다.",
                   "MyWaitlistItems":  "내 대기 목록 항목",
                   "Slovak":  "슬로바키아어",
                   "AttendeeDetails":  "참석자 세부 정보",
                   "Polish":  "폴란드어",
                   "StartTime":  "시작 시간",
                   "EmailInvalid":  "올바른 전자 메일 주소를 입력하십시오.",
                   "DisableAutoRegisterRadioButtonText":  "자리가 날 때 나에게 알리지만 자동으로 등록하지는 않음",
                   "PaymentDetails":  "결제 내역",
                   "EnterEmailAddress":  "이메일 주소 입력",
                   "RegisteredSince":  "등록 시점",
                   "MultiAttendeeRegistrationNotEnabled":  "이 이벤트는 다중 참석자 등록을 허용하지 않습니다.",
                   "ChineseTaiwan":  "중국어(대만)",
                   "Oldest":  "가장 오래됨",
                   "Home":  "홈",
                   "Latvian":  "라트비아어",
                   "SessionName":  "세션 명칭",
                   "NoChoice":  "선택 항목 없음",
                   "Events":  "이벤트",
                   "Russian":  "러시아어",
                   "No":  "아니요",
                   "RemoveAttendee":  "참석자 제거",
                   "Estonian":  "에스토니아어",
                   "WaitlistRegistrationNotAllowedErrorMessage":  "이 이벤트 또는 세션에 대기 목록은 허용되지 않습니다.",
                   "Event":  "이벤트",
                   "Copyright":  "Copyright © 2018. All rights reserved.",
                   "OrderSummary":  "주문 요약",
                   "NoSessionsTrack":  "이 세션 추적에는 세션이 없습니다.",
                   "FinalizationNotEnabled":  "이 기능을 사용하려면 데모 지불 확인을 활성화해야 합니다.",
                   "AlreadyRegistered":  "이미 등록됨",
                   "RegistrationFailed":  "등록에 문제가 발생했습니다.",
                   "SessionNotLive":  "등록하려는 세션에서 신규 등록을 받지 않습니다.",
                   "Danish":  "덴마크어",
                   "Vietnamese":  "베트남어",
                   "FirstNameRequired":  "이름은 필수입니다.",
                   "EditingWaitlistedAttendee":  "대기 목록의 참석자 편집",
                   "EnterFirstName":  "이름 입력",
                   "LastName":  "성",
                   "NoWaitlistItemsFound":  "대기 목록 항목 없음",
                   "Yes":  "예",
                   "Greek":  "그리스어",
                   "SaveChanges":  "변경 내용 저장",
                   "EditAttendee":  "참석자 편집",
                   "EmailRequired":  "전자 메일은 필수입니다.",
                   "NoSessionsEvent":  "이 이벤트에는 세션이 없습니다.",
                   "ShowSessions":  "세션 표시",
                   "PassInformation":  "패스 정보",
                   "EventNotFound":  "등록하려는 이벤트가 존재하지 않습니다.",
                   "AddedSince":  "추가 시점",
                   "Finnish":  "핀란드어",
                   "Chinese":  "중국어(중국)",
                   "Profile":  "프로필",
                   "NorwegianBokml":  "노르웨이어",
                   "ChineseHongKong":  "중국어(홍콩)",
                   "PortuguesePortugal":  "포르투갈어(포르투갈)"
               },
    "isJapanese":  false
}
