﻿{
    "labels":  {
                   "NoSpeakersEvent":  "Aan deze gebeurtenis zijn geen sprekers toegewezen.",
                   "EnglishAustralia":  "Engels (Australië)",
                   "Building":  "Gebouw",
                   "SignIn":  "Aanmelden",
                   "CardHolder":  "Kaarthouder:",
                   "Lithuanian":  "Litouws",
                   "InvalidValueForRequiredRegistrationField":  "Uw registratie bevat een ongeldige waarde voor een vereist veld.",
                   "EnglishGB":  "Engels (GB)",
                   "Tuesday":  "Dinsdag",
                   "RegisterAttendees":  "Deelnemers registreren",
                   "GermanGermany":  "Duits",
                   "Submit":  "Indienen",
                   "SessionTracks":  "Sessietracks",
                   "CancelRegistrationError":  "Er was een probleem bij het annuleren van de registratie.",
                   "EventRegistrationTitle":  "Gebeurtenisregistratie",
                   "SerbianCyrillic":  "Servisch (Cyrillisch)",
                   "FrenchCanada":  "Frans (Canada)",
                   "Basque":  "Baskisch",
                   "SessionsIncludedInPass":  "Sessies die zijn opgenomen in pas",
                   "Indonesian":  "Indonesisch",
                   "SelectAPass":  "Selecteer een pas",
                   "Galician":  "Galicisch",
                   "RegistrationConfirmation":  "Bevestiging van registratie",
                   "Croatian":  "Kroatisch",
                   "Thai":  "Thai",
                   "FinalizationNotAllowed":  "De door u verstrekte CAPTCHA-waarde komt niet overeen. Probeer het opnieuw.",
                   "MaximumNoAttendeesReached":  "Deze gebeurtenis is uitverkocht.",
                   "WebsiteColon":  "Website:",
                   "Friday":  "Vrijdag",
                   "OnlyWaitlistRegistrationPossibleText":  "Nieuwe registranten worden aan de wachtlijst toegevoegd voor deze sessie.",
                   "EditingAttendee":  "Deelnemer bewerken",
                   "Register":  "Registreren",
                   "ArabicSaudiArabia":  "Arabisch",
                   "WaitForRegistrationsToAppear":  "Houd er rekening mee dat er een vertraging kan optreden bij het verwerken van uw registraties.",
                   "EndTime":  "Eindtijd",
                   "MyAccount":  "Mijn account",
                   "RequestTimedOut":  "Uw registratie duurde te lang om te verwerken. Probeer het opnieuw.",
                   "Hungarian":  "Hongaars",
                   "NoSponsorshipsEvent":  "Deze gebeurtenis heeft geen sponsors.",
                   "AvailableEvents":  "Beschikbare gebeurtenissen",
                   "Wednesday":  "Woensdag",
                   "EventName":  "Gebeurtenisnaam",
                   "Sunday":  "Zondag",
                   "LastNameRequired":  "Achternaam is vereist.",
                   "RemoveMessage":  "Weet u zeker dat u {0} {1} wilt verwijderen?",
                   "Japanese":  "Japans",
                   "AttendeeSessionIdNotValid":  "Een van de deelnemers heeft een ongeldige pas-id",
                   "Email":  "E-mail",
                   "NoSessionTracksEvent":  "Deze gebeurtenis heeft geen sessietracks.",
                   "AZ":  "A-Z",
                   "AnonymousAccessNotAllowedError":  "U moet zich aanmelden om door te gaan.",
                   "EventCapacityExceeding":  "U kunt zoveel deelnemers niet registreren omdat hiermee de maximumcapaciteit voor de gebeurtenis wordt overschreden.",
                   "PassPrice":  "Pasprijs",
                   "ZA":  "Z-A",
                   "PortugueseBrazil":  "Portugees (Brazilië)",
                   "AttendeeInformation":  "Informatie over deelnemers",
                   "EmulatePayment":  "Betaling emuleren",
                   "Session":  "Sessie",
                   "Speakers":  "Sprekers",
                   "EnglishUS":  "Engels (VS)",
                   "Processing":  "Bezig met verwerken",
                   "BlogColon":  "Blog:",
                   "TooManyAttendees":  "U kunt maximaal 50 deelnemers tegelijk registreren. Maak extra registraties als u meer deelnemers dan dit moet registreren.",
                   "RemoveSession":  "Sessie verwijderen",
                   "SerbianLatin":  "Servisch (Latijns)",
                   "Catalan":  "Catalaans",
                   "EventNotLive":  "Voor de gebeurtenis waarvoor u zich probeert te registreren, worden geen nieuwe registraties geaccepteerd.",
                   "Ukrainian":  "Oekraïens",
                   "Slovenian":  "Sloveens",
                   "Saturday":  "Zaterdag",
                   "SignInForEditingAttendee":  "Aanmelding voor gebeurtenisregistratie",
                   "Checkout":  "Uitchecken",
                   "Registration":  "Registratie",
                   "Czech":  "Tsjechisch",
                   "FinishRegistration":  "Registratie voltooien",
                   "SpanishSpain":  "Spaans (Spanje)",
                   "EndDate":  "Einddatum",
                   "WaitlistedAttendees":  "Deelnemers op wachtlijst",
                   "Description":  "Beschrijving:",
                   "ItalianItaly":  "Italiaans",
                   "DemoPaymentGatewayPageTitle":  "Demo van betalingsgateway",
                   "BroughtToYouBy":  "Gemaakt door",
                   "DutchNetherlands":  "Nederlands",
                   "EnableAutoRegisterRadioButtonText":  "Automatisch registreren en informeren zodra er ruimte beschikbaar is",
                   "Hebrew":  "Hebreeuws",
                   "Amount":  "Bedrag:",
                   "CommunicationError":  "Er is een probleem opgetreden bij het communiceren met de server.",
                   "AddAttendeeToWaitlist":  "Deelnemer toevoegen aan wachtlijst",
                   "InsufficentNumberOfPasses":  "Er zijn niet genoeg passen over om uw aankoop te voltooien.",
                   "Monday":  "Maandag",
                   "NoPassesEvent":  "Deze gebeurtenis heeft geen passen.",
                   "Thursday":  "Donderdag",
                   "EnterLastName":  "Voer uw achternaam in",
                   "ThankYouForRegistering":  "Bedankt dat u zich voor de gebeurtenis hebt geregistreerd.",
                   "RequiredRegistrationFieldMissing":  "In uw registratie ontbreekt vereiste informatie voor ten minste één deelnemer.",
                   "Sessions":  "Sessies",
                   "AssignedAttendees":  "Registraties",
                   "StartDate":  "Begindatum",
                   "AddSessionToCart":  "Sessie toevoegen",
                   "AddAttendee":  "Deelnemer toevoegen",
                   "ChangeLanguage":  "Taal wijzigen",
                   "EmailAddress":  "E-mailadres",
                   "AttendeePassIdNotValid":  "Een van de deelnemers heeft een ongeldige pas-id ",
                   "FirstName":  "Voornaam",
                   "FinalizationAfterTimeLimit":  "De aankoop is niet tijdig voltooid.",
                   "CopyrightWithParam":  "Copyright © {0}. Alle rechten voorbehouden.",
                   "RefreshPage":  "De sessie is verlopen. Vernieuw de pagina om door te gaan.",
                   "WaitlistedSessions":  "wachtlijstsessie(s)",
                   "EventCapacityReached":  "De maximumcapaciteit voor de gebeurtenis is bereikt.",
                   "CardNumber":  "Kaartnummer:",
                   "MaximumCapacityReached":  "Deze gebeurtenis is uitverkocht, maar u kunt zich nog steeds registreren voor de wachtlijst. ",
                   "AutoRegister":  "Automatisch registreren",
                   "AttendeeHasWaitlistRegistrationsInfo":  "Deze registrant staat op de wachtlijst voor een of meer sessies.",
                   "Attendees":  "Deelnemers",
                   "EnglishCanada":  "Engels (Canada)",
                   "RegisterNow":  "Nu registreren",
                   "Newest":  "Nieuwste",
                   "SoldOut":  "Uitverkocht",
                   "SessionCartHeader":  "Winkelwagentje voor sessie",
                   "SwedishSweden":  "Zweeds",
                   "Pass":  "Pas",
                   "SelectedSessions":  "Geselecteerde sessies",
                   "Waitlist":  "Wachtlijst",
                   "Name":  "Naam",
                   "Bulgarian":  "Bulgaars",
                   "Remove":  "Verwijderen",
                   "SponsorName":  "Sponsornaam",
                   "NoRegistrationsFound":  "Geen registraties gevonden",
                   "SessionFullyBooked":  "Volledig volgeboekt",
                   "CancelRegistrationEventMessage":  "Weet u zeker dat u de registratie voor {0} wilt annuleren?",
                   "NoSessionsAssociated":  "Er zijn geen sessies gekoppeld aan deze pas.",
                   "RomanianRomania":  "Roemeens",
                   "AnonymousRegistrationNotAllowed":  "U moet een account maken en zich aanmelden voordat u zich voor deze gebeurtenis kunt registreren.",
                   "Search":  "Zoeken",
                   "SignOut":  "Afmelden",
                   "NoSessionsAssigned":  "Er zijn geen sessies toegewezen.",
                   "MyRegistrations":  "Mijn registraties",
                   "Cancel":  "Annuleren",
                   "SortBy":  "Sorteren op",
                   "AddAnotherAttendee":  "Een andere deelnemer toevoegen",
                   "CancelPayment":  "Betaling annuleren",
                   "AttendeeAutoRegistrationInfo":  "Deze deelnemer wordt automatisch geregistreerd zodra er capaciteit beschikbaar is.",
                   "CancelRegistration":  "Registratie annuleren",
                   "Korean":  "Koreaans",
                   "Turkish":  "Turks",
                   "FrenchFrance":  "Frans (Frankrijk)",
                   "AdditionalInformationAvailable":  "Aanvullende informatie beschikbaar",
                   "DiscardChanges":  "Wijzigingen negeren",
                   "MaximumSessionCapacityReached":  "Deze sessie is uitverkocht.",
                   "MyWaitlistItems":  "Mijn wachtlijstitems",
                   "Slovak":  "Slowaaks",
                   "AttendeeDetails":  "Details deelnemer",
                   "Polish":  "Pools",
                   "StartTime":  "Begintijd",
                   "EmailInvalid":  "Voer een geldig e-mailadres in.",
                   "DisableAutoRegisterRadioButtonText":  "Informeren, maar niet automatisch registreren, zodra er ruimte beschikbaar is",
                   "PaymentDetails":  "Betalingsdetails",
                   "EnterEmailAddress":  "Voer uw e-mailadres in",
                   "RegisteredSince":  "Geregistreerd sinds",
                   "MultiAttendeeRegistrationNotEnabled":  "Voor deze gebeurtenis is het niet mogelijk om meerdere deelnemers te registreren.",
                   "ChineseTaiwan":  "Chinees (Taiwan)",
                   "Oldest":  "Oudste",
                   "Home":  "Start",
                   "Latvian":  "Lets",
                   "SessionName":  "Sessienaam",
                   "NoChoice":  "Geen keuze",
                   "Events":  "Gebeurtenissen",
                   "Russian":  "Russisch",
                   "No":  "Nee",
                   "RemoveAttendee":  "Deelnemer verwijderen",
                   "Estonian":  "Ests",
                   "WaitlistRegistrationNotAllowedErrorMessage":  "Er is geen wachtlijst beschikbaar voor deze gebeurtenis of sessie.",
                   "Event":  "Gebeurtenis",
                   "Copyright":  "Copyright © 2018. Alle rechten voorbehouden.",
                   "OrderSummary":  "Orderoverzicht",
                   "NoSessionsTrack":  "Deze sessietrack heeft geen sessies.",
                   "FinalizationNotEnabled":  "U moet bevestiging van demobetaling inschakelen om deze functie te gebruiken.",
                   "AlreadyRegistered":  "Al geregistreerd",
                   "RegistrationFailed":  "Er was een probleem met registratie",
                   "SessionNotLive":  "Voor de sessie waarvoor u zich probeert te registreren, worden geen nieuwe registraties geaccepteerd.",
                   "Danish":  "Deens",
                   "Vietnamese":  "Vietnamees",
                   "FirstNameRequired":  "Voornaam is vereist.",
                   "EditingWaitlistedAttendee":  "Deelnemer op wachtlijst bewerken",
                   "EnterFirstName":  "Voer uw voornaam in",
                   "LastName":  "Achternaam",
                   "NoWaitlistItemsFound":  "Geen wachtlijstitems gevonden",
                   "Yes":  "Ja",
                   "Greek":  "Grieks",
                   "SaveChanges":  "Wijzigingen opslaan",
                   "EditAttendee":  "Deelnemer bewerken",
                   "EmailRequired":  "E-mailadres is vereist.",
                   "NoSessionsEvent":  "Deze gebeurtenis heeft geen sessies.",
                   "ShowSessions":  "sessies weergeven",
                   "PassInformation":  "Pasgegevens",
                   "EventNotFound":  "De gebeurtenis waarvoor u zich probeert te registreren bestaat niet.",
                   "AddedSince":  "Toegevoegd sinds",
                   "Finnish":  "Fins",
                   "Chinese":  "Chinees (China)",
                   "Profile":  "Profiel",
                   "NorwegianBokml":  "Noors",
                   "ChineseHongKong":  "Chinees (Hongkong)",
                   "PortuguesePortugal":  "Portugees (Portugal)"
               },
    "isJapanese":  false
}
