﻿{
    "labels":  {
                   "NoSpeakersEvent":  "Dette arrangementet har ingen talere tilordnet.",
                   "EnglishAustralia":  "Engelsk (Australia)",
                   "Building":  "Bygger",
                   "SignIn":  "Logg på",
                   "CardHolder":  "Kortinnehaver:",
                   "Lithuanian":  "Litauisk",
                   "InvalidValueForRequiredRegistrationField":  "Registreringen inkluderer en ugyldig verdi for et obligatorisk felt.",
                   "EnglishGB":  "Engelsk (Storbritannia)",
                   "Tuesday":  "Tirsdag",
                   "RegisterAttendees":  "Registrer deltakere",
                   "GermanGermany":  "Tysk",
                   "Submit":  "Send inn",
                   "SessionTracks":  "Delmøtesporinger",
                   "CancelRegistrationError":  "Det oppstod et problem under annullering av registreringen.",
                   "EventRegistrationTitle":  "Arrangementsregistrering",
                   "SerbianCyrillic":  "Serbisk (kyrillisk)",
                   "FrenchCanada":  "Fransk (Canada)",
                   "Basque":  "Baskisk",
                   "SessionsIncludedInPass":  "Delmøter inkludert i adgangstegn",
                   "Indonesian":  "Indonesisk",
                   "SelectAPass":  "Velg et adgangstegn",
                   "Galician":  "Galisisk",
                   "RegistrationConfirmation":  "Bekreftelse på registrering",
                   "Croatian":  "Kroatisk",
                   "Thai":  "Thai",
                   "FinalizationNotAllowed":  "Den angitte CAPTCHA-verdien samsvarer ikke. Prøv på nytt.",
                   "MaximumNoAttendeesReached":  "Dette arrangementet er fullt.",
                   "WebsiteColon":  "Nettsted:",
                   "Friday":  "Fredag",
                   "OnlyWaitlistRegistrationPossibleText":  "Nyregistrerte blir lagt til i ventelisten for denne økten.",
                   "EditingAttendee":  "Redigering av deltaker",
                   "Register":  "Registrer",
                   "ArabicSaudiArabia":  "Arabisk",
                   "WaitForRegistrationsToAppear":  "Vær oppmerksom på at det kan være en forsinkelse i behandlingen av registreringene dine.",
                   "EndTime":  "Sluttidspunkt",
                   "MyAccount":  "Min konto",
                   "RequestTimedOut":  "Det tok for lang tid å behandle registreringen. Prøv på nytt.",
                   "Hungarian":  "Ungarsk",
                   "NoSponsorshipsEvent":  "Dette arrangementet har ingen sponsorer.",
                   "AvailableEvents":  "Tilgjengelige arrangementer",
                   "Wednesday":  "Onsdag",
                   "EventName":  "Navn på arrangement",
                   "Sunday":  "Søndag",
                   "LastNameRequired":  "Etternavn er obligatorisk.",
                   "RemoveMessage":  "Er du sikker på at du vil fjerne {0} {1}?",
                   "Japanese":  "Japansk",
                   "AttendeeSessionIdNotValid":  "En av deltakerne har en ugyldig adgangs-ID",
                   "Email":  "E-post",
                   "NoSessionTracksEvent":  "Dette arrangementet har ingen delmøtesporinger.",
                   "AZ":  "A–Å",
                   "AnonymousAccessNotAllowedError":  "Du må logge på for å fortsette.",
                   "EventCapacityExceeding":  "Du kan ikke registrere så mange deltakere, fordi det ville overskride den maksimale arrangementskapasiteten.",
                   "PassPrice":  "Pris på adgangstegn",
                   "ZA":  "Å–A",
                   "PortugueseBrazil":  "Portugisisk (Brasil)",
                   "AttendeeInformation":  "Deltakerinformasjon",
                   "EmulatePayment":  "Emuler betaling",
                   "Session":  "Delmøte",
                   "Speakers":  "Talere",
                   "EnglishUS":  "Engelsk (USA)",
                   "Processing":  "Behandler",
                   "BlogColon":  "Blogg:",
                   "TooManyAttendees":  "Du kan bare registrere opptil 50 deltakere om gangen. Opprett flere registreringer hvis du må registrere flere deltakere enn dette.",
                   "RemoveSession":  "Fjern økten",
                   "SerbianLatin":  "Serbisk (latinsk)",
                   "Catalan":  "Katalansk",
                   "EventNotLive":  "Arrangementet du prøver å registrere deg for, godtar ikke nye registreringer.",
                   "Ukrainian":  "Ukrainsk",
                   "Slovenian":  "Slovensk",
                   "Saturday":  "Lørdag",
                   "SignInForEditingAttendee":  "Pålogging for arrangementsregistrering",
                   "Checkout":  "Utsjekking",
                   "Registration":  "Registrering",
                   "Czech":  "Tsjekkisk",
                   "FinishRegistration":  "Fullfør registrering",
                   "SpanishSpain":  "Spansk (Spania)",
                   "EndDate":  "Sluttdato",
                   "WaitlistedAttendees":  "Deltakere på venteliste",
                   "Description":  "Beskrivelse:",
                   "ItalianItaly":  "Italiensk",
                   "DemoPaymentGatewayPageTitle":  "Demobetalingsgateway",
                   "BroughtToYouBy":  "Utviklet av",
                   "DutchNetherlands":  "Nederlandsk",
                   "EnableAutoRegisterRadioButtonText":  "Registrer automatisk og varsle når plass blir ledig",
                   "Hebrew":  "Hebraisk",
                   "Amount":  "Beløp:",
                   "CommunicationError":  "Problemer under kommunikasjon med serveren.",
                   "AddAttendeeToWaitlist":  "Legg til deltaker i venteliste",
                   "InsufficentNumberOfPasses":  "Det er ikke nok adgangstegn igjen til å fullføre kjøpet.",
                   "Monday":  "Mandag",
                   "NoPassesEvent":  "Dette arrangementet har ingen adgangstegn.",
                   "Thursday":  "Torsdag",
                   "EnterLastName":  "Angi etternavn",
                   "ThankYouForRegistering":  "Takk for at du registrerer deg for arrangementet!",
                   "RequiredRegistrationFieldMissing":  "Registreringen mangler obligatorisk informasjon for minst én deltaker.",
                   "Sessions":  "Delmøter",
                   "AssignedAttendees":  "Registreringer",
                   "StartDate":  "Startdato",
                   "AddSessionToCart":  "Legg til delmøte",
                   "AddAttendee":  "Legg til deltaker",
                   "ChangeLanguage":  "Endre språk",
                   "EmailAddress":  "E-postadresse",
                   "AttendeePassIdNotValid":  "En av deltakerne har en ugyldig adgangs-ID ",
                   "FirstName":  "Fornavn",
                   "FinalizationAfterTimeLimit":  "Kjøpet ble ikke fullført i tide.",
                   "CopyrightWithParam":  "Copyright © {0}. Med enerett.",
                   "RefreshPage":  "Økten har utløpt. Oppdater siden for å fortsette.",
                   "WaitlistedSessions":  "delmøte(r) med venteliste",
                   "EventCapacityReached":  "Arrangementet har nådd maksimal kapasitet.",
                   "CardNumber":  "Kortnummer:",
                   "MaximumCapacityReached":  "Dette arrangementet er fullt, men du kan fremdeles registrere deg på ventelisten. ",
                   "AutoRegister":  "Registrer automatisk",
                   "AttendeeHasWaitlistRegistrationsInfo":  "Denne registranten er på ventelisten for ett eller flere delmøter.",
                   "Attendees":  "Deltakere",
                   "EnglishCanada":  "Engelsk (Canada)",
                   "RegisterNow":  "Registrer deg nå",
                   "Newest":  "Nyeste",
                   "SoldOut":  "Utsolgt",
                   "SessionCartHeader":  "Delmøtekurv",
                   "SwedishSweden":  "Svensk",
                   "Pass":  "Adgangstegn",
                   "SelectedSessions":  "Valgte delmøter",
                   "Waitlist":  "Venteliste",
                   "Name":  "Navn",
                   "Bulgarian":  "Bulgarsk",
                   "Remove":  "Fjern",
                   "SponsorName":  "Navn på sponsor",
                   "NoRegistrationsFound":  "Finner ingen registreringer",
                   "SessionFullyBooked":  "Bortbestilt",
                   "CancelRegistrationEventMessage":  "Er du sikker på at du vil avbryte registreringen av {0}?",
                   "NoSessionsAssociated":  "Ingen delmøter er knyttet til dette adgangstegnet.",
                   "RomanianRomania":  "Rumensk",
                   "AnonymousRegistrationNotAllowed":  "Du må opprette en konto og logge på før du kan registrere deg for dette arrangementet.",
                   "Search":  "Søk",
                   "SignOut":  "Logg av",
                   "NoSessionsAssigned":  "Ingen delmøter er tilordnet.",
                   "MyRegistrations":  "Mine registreringer",
                   "Cancel":  "Avbryt",
                   "SortBy":  "Sorter etter",
                   "AddAnotherAttendee":  "Legg til en ny deltaker",
                   "CancelPayment":  "Avbryt betaling",
                   "AttendeeAutoRegistrationInfo":  "Denne deltakeren blir automatisk registrert så snart kapasiteten blir tilgjengelig.",
                   "CancelRegistration":  "Annuller registrering",
                   "Korean":  "Koreansk",
                   "Turkish":  "Tyrkisk",
                   "FrenchFrance":  "Fransk (Frankrike)",
                   "AdditionalInformationAvailable":  "Tilgjengelig tilleggsinformasjon",
                   "DiscardChanges":  "Forkast endringer",
                   "MaximumSessionCapacityReached":  "Dette delmøtet er fullt.",
                   "MyWaitlistItems":  "Mine ventelisteelementer",
                   "Slovak":  "Slovakisk",
                   "AttendeeDetails":  "Detaljer for deltaker",
                   "Polish":  "Polsk",
                   "StartTime":  "Starttidspunkt",
                   "EmailInvalid":  "Angi en gyldig e-postadresse.",
                   "DisableAutoRegisterRadioButtonText":  "Varsle, men ikke registrer automatisk når plass blir ledig",
                   "PaymentDetails":  "Betalingsdetaljer",
                   "EnterEmailAddress":  "Angi e-postadressen din",
                   "RegisteredSince":  "Registrert siden",
                   "MultiAttendeeRegistrationNotEnabled":  "Dette arrangementet tillater ikke registrering av flere deltakere.",
                   "ChineseTaiwan":  "Kinesisk (Taiwan)",
                   "Oldest":  "Eldste",
                   "Home":  "Home",
                   "Latvian":  "Latvisk",
                   "SessionName":  "Navn på delmøte",
                   "NoChoice":  "Ikke noe valg",
                   "Events":  "Arrangementer",
                   "Russian":  "Russisk",
                   "No":  "Nei",
                   "RemoveAttendee":  "Fjern deltaker",
                   "Estonian":  "Estisk",
                   "WaitlistRegistrationNotAllowedErrorMessage":  "Ingen venteliste er tilgjengelig for dette arrangementet eller delmøtet.",
                   "Event":  "Arrangement",
                   "Copyright":  "Copyright © 2018. Med enerett.",
                   "OrderSummary":  "Ordresammendrag",
                   "NoSessionsTrack":  "Denne delmøtesporingen har ingen delmøter.",
                   "FinalizationNotEnabled":  "Du må aktivere bekreftelse på betaling av demo for å kunne bruke denne funksjonen.",
                   "AlreadyRegistered":  "Allerede registrert",
                   "RegistrationFailed":  "Det oppstod et problem med registreringen",
                   "SessionNotLive":  "Delmøtet du prøver å registrere deg for, godtar ikke nye registreringer.",
                   "Danish":  "Dansk",
                   "Vietnamese":  "Vietnamesisk",
                   "FirstNameRequired":  "Fornavn er obligatorisk.",
                   "EditingWaitlistedAttendee":  "Redigering av deltaker på venteliste",
                   "EnterFirstName":  "Angi fornavnet ditt",
                   "LastName":  "Etternavn",
                   "NoWaitlistItemsFound":  "Finner ingen ventelisteelementer",
                   "Yes":  "Ja",
                   "Greek":  "Gresk",
                   "SaveChanges":  "Lagre endringer",
                   "EditAttendee":  "Rediger deltaker",
                   "EmailRequired":  "E-post er obligatorisk.",
                   "NoSessionsEvent":  "Dette arrangementet har ingen delmøter.",
                   "ShowSessions":  "vis delmøter",
                   "PassInformation":  "Informasjon om adgangstegn",
                   "EventNotFound":  "Du prøver å registrere deg for et arrangement som ikke finnes.",
                   "AddedSince":  "Lagt til siden",
                   "Finnish":  "Finsk",
                   "Chinese":  "Kinesisk (Kina)",
                   "Profile":  "Profil",
                   "NorwegianBokml":  "Norsk",
                   "ChineseHongKong":  "Kinesisk (Hongkong)",
                   "PortuguesePortugal":  "Portugisisk (Portugal)"
               },
    "isJapanese":  false
}
