﻿{
    "labels":  {
                   "NoSpeakersEvent":  "Do tego wydarzenia nie jest przypisany żaden prelegent.",
                   "EnglishAustralia":  "Angielski (Australia)",
                   "Building":  "Budynek",
                   "SignIn":  "Zaloguj",
                   "CardHolder":  "Właściciel karty:",
                   "Lithuanian":  "Litewski",
                   "InvalidValueForRequiredRegistrationField":  "Twoja rejestracja zawiera nieprawidłową wartość wymaganego pola.",
                   "EnglishGB":  "Angielski (Wielka Brytania)",
                   "Tuesday":  "Wtorek",
                   "RegisterAttendees":  "Zarejestruj uczestników",
                   "GermanGermany":  "Niemiecki",
                   "Submit":  "Prześlij",
                   "SessionTracks":  "Ścieżki sesji",
                   "CancelRegistrationError":  "Wystąpił problem z anulowaniem rejestracji.",
                   "EventRegistrationTitle":  "Rejestracja na wydarzenie",
                   "SerbianCyrillic":  "Serbski (cyrylica)",
                   "FrenchCanada":  "Francuski (Kanada)",
                   "Basque":  "Baskijski",
                   "SessionsIncludedInPass":  "Sesje objęte przepustką",
                   "Indonesian":  "Indonezyjski",
                   "SelectAPass":  "Wybierz przepustkę",
                   "Galician":  "Galicyjski",
                   "RegistrationConfirmation":  "Potwierdzenie rejestracji",
                   "Croatian":  "Chorwacki",
                   "Thai":  "Tajski",
                   "FinalizationNotAllowed":  "Podana przez Ciebie wartość CAPTCHA nie pasuje. Spróbuj ponownie.",
                   "MaximumNoAttendeesReached":  "To wydarzenie jest wyprzedane.",
                   "WebsiteColon":  "Witryna internetowa:",
                   "Friday":  "Piątek",
                   "OnlyWaitlistRegistrationPossibleText":  "Nowe osoby rejestrujące zostaną dodane do listy oczekujących na tę sesję.",
                   "EditingAttendee":  "Edytowanie uczestnika",
                   "Register":  "Zarejestruj",
                   "ArabicSaudiArabia":  "Arabski",
                   "WaitForRegistrationsToAppear":  "Pamiętaj o możliwym opóźnieniu w przetwarzaniu rejestracji.",
                   "EndTime":  "Godzina zakończenia",
                   "MyAccount":  "Moje konto",
                   "RequestTimedOut":  "Proces rejestracji trwał zbyt długo. Spróbuj ponownie.",
                   "Hungarian":  "Węgierski",
                   "NoSponsorshipsEvent":  "To wydarzenie nie ma sponsorów.",
                   "AvailableEvents":  "Dostępne wydarzenia",
                   "Wednesday":  "Środa",
                   "EventName":  "Nazwa wydarzenia",
                   "Sunday":  "Niedziela",
                   "LastNameRequired":  "Nazwisko jest wymagane.",
                   "RemoveMessage":  "Czy na pewno chcesz usunąć {0} {1}?",
                   "Japanese":  "Japoński",
                   "AttendeeSessionIdNotValid":  "Jeden z uczestników ma nieprawidłowy identyfikator przepustki",
                   "Email":  "E-mail",
                   "NoSessionTracksEvent":  "To wydarzenie nie ma ścieżek sesji.",
                   "AZ":  "A-Z",
                   "AnonymousAccessNotAllowedError":  "Aby kontynuować, musisz się zalogować.",
                   "EventCapacityExceeding":  "Nie można zarejestrować tak wielu uczestników, ponieważ jego przekroczyłaby to maksymalna pojemność wydarzenia.",
                   "PassPrice":  "Cena przepustki",
                   "ZA":  "Z-A",
                   "PortugueseBrazil":  "Portugalski (Brazylia)",
                   "AttendeeInformation":  "Informacje o uczestniku",
                   "EmulatePayment":  "Emuluj płatność",
                   "Session":  "Sesja",
                   "Speakers":  "Prelegenci",
                   "EnglishUS":  "English (Stany Zjednoczone)",
                   "Processing":  "Przetwarzanie",
                   "BlogColon":  "Blog:",
                   "TooManyAttendees":  "Można zarejestrować maksymalnie 50 uczestników naraz. Należy utworzyć dodatkowe rejestracje, jeśli trzeba zarejestrować więcej uczestników.",
                   "RemoveSession":  "Usuń sesję",
                   "SerbianLatin":  "Serbski (łaciński)",
                   "Catalan":  "Kataloński",
                   "EventNotLive":  "Wydarzenie, na które chcesz się zarejestrować, nie przyjmuje nowych rejestracji.",
                   "Ukrainian":  "Ukraiński",
                   "Slovenian":  "Słoweński",
                   "Saturday":  "Sobota",
                   "SignInForEditingAttendee":  "Zaloguj się w celu rejestracji zdarzenia",
                   "Checkout":  "Finalizuj",
                   "Registration":  "Rejestracja",
                   "Czech":  "Czeski",
                   "FinishRegistration":  "Zakończ rejestrację",
                   "SpanishSpain":  "Hiszpański (Hiszpania)",
                   "EndDate":  "Data zakończenia",
                   "WaitlistedAttendees":  "Uczestnicy na liście oczekiwania",
                   "Description":  "Opis:",
                   "ItalianItaly":  "Włoski",
                   "DemoPaymentGatewayPageTitle":  "Demonstracyjna brama płatności",
                   "BroughtToYouBy":  "Wprowadzone przez",
                   "DutchNetherlands":  "Holenderski",
                   "EnableAutoRegisterRadioButtonText":  "Automatycznie zarejestruj i powiadom, kiedy zwolni się miejsce",
                   "Hebrew":  "Hebrajski",
                   "Amount":  "Liczba:",
                   "CommunicationError":  "Występują problemy z komunikacją z serwerem.",
                   "AddAttendeeToWaitlist":  "Dodaj uczestnika do listy oczekiwania",
                   "InsufficentNumberOfPasses":  "Pozostało za mało przepustek, aby można było sfinalizować Twój zakup.",
                   "Monday":  "Poniedziałek",
                   "NoPassesEvent":  "To wydarzenie nie ma przepustek.",
                   "Thursday":  "Czwartek",
                   "EnterLastName":  "Wprowadź swoje nazwisko",
                   "ThankYouForRegistering":  "Dziękujemy za rejestrowanie się na wydarzenie!",
                   "RequiredRegistrationFieldMissing":  "W rejestracji brakuje wymaganych informacji dla co najmniej jednego uczestnika.",
                   "Sessions":  "Sesje",
                   "AssignedAttendees":  "Rejestracje",
                   "StartDate":  "Data rozpoczęcia",
                   "AddSessionToCart":  "Dodaj sesję",
                   "AddAttendee":  "Dodaj uczestnika",
                   "ChangeLanguage":  "Zmień język",
                   "EmailAddress":  "E-mail",
                   "AttendeePassIdNotValid":  "Jeden z uczestników ma nieprawidłowy identyfikator przepustki ",
                   "FirstName":  "Imię",
                   "FinalizationAfterTimeLimit":  "Zakup nie został ukończony w czasie.",
                   "CopyrightWithParam":  "Copyright © {0}. Wszelkie prawa zastrzeżone.",
                   "RefreshPage":  "Sesja wygasła. Odśwież stronę, aby kontynuować.",
                   "WaitlistedSessions":  "sesje na liście oczekujących",
                   "EventCapacityReached":  "Osiągnięto maksymalną pojemność wydarzenia.",
                   "CardNumber":  "Numer karty:",
                   "MaximumCapacityReached":  "To wydarzenie jest wyprzedane, ale nadal możesz zarejestrować się na liście oczekujących. ",
                   "AutoRegister":  "Zarejestruj automatycznie",
                   "AttendeeHasWaitlistRegistrationsInfo":  "Ta osoba jest na liście oczekujących na jedną lub więcej sesji.",
                   "Attendees":  "Uczestnicy",
                   "EnglishCanada":  "Angielski (Kanada)",
                   "RegisterNow":  "Zarejestruj się teraz",
                   "Newest":  "Najnowsze",
                   "SoldOut":  "Wyprzedane",
                   "SessionCartHeader":  "Koszyk sesji",
                   "SwedishSweden":  "Szwedzki",
                   "Pass":  "Przepustka",
                   "SelectedSessions":  "Wybrane sesje",
                   "Waitlist":  "Lista oczekujących",
                   "Name":  "Nazwa",
                   "Bulgarian":  "Bułgarski",
                   "Remove":  "Usuń",
                   "SponsorName":  "Nazwa sponsora",
                   "NoRegistrationsFound":  "Nie znaleziono rejestracji",
                   "SessionFullyBooked":  "Zarezerwowano w pełni",
                   "CancelRegistrationEventMessage":  "Czy na pewno chcesz anulować rejestrację na wydarzenie {0}?",
                   "NoSessionsAssociated":  "Nie ma żadnych sesji skojarzonych z tą przepustką.",
                   "RomanianRomania":  "Rumuński",
                   "AnonymousRegistrationNotAllowed":  "Musisz utworzyć konto i zalogować się, aby móc zarejestrować się na to wydarzenie.",
                   "Search":  "Wyszukaj",
                   "SignOut":  "Wyloguj",
                   "NoSessionsAssigned":  "Nie ma przypisanych sesji.",
                   "MyRegistrations":  "Moje rejestracje",
                   "Cancel":  "Anuluj",
                   "SortBy":  "Sortuj według",
                   "AddAnotherAttendee":  "Dodaj następnego uczestnika",
                   "CancelPayment":  "Anuluj płatność",
                   "AttendeeAutoRegistrationInfo":  "Ten uczestnik zostanie automatycznie zarejestrowany, gdy tylko zwolni się miejsce.",
                   "CancelRegistration":  "Anuluj rejestrację",
                   "Korean":  "Koreański",
                   "Turkish":  "Turecki",
                   "FrenchFrance":  "Francuski (Francja)",
                   "AdditionalInformationAvailable":  "Dostępne są dodatkowe informacje",
                   "DiscardChanges":  "Odrzuć zmiany",
                   "MaximumSessionCapacityReached":  "Ta sesja jest wyprzedana.",
                   "MyWaitlistItems":  "Moje elementy listy oczekujących",
                   "Slovak":  "Słowacki",
                   "AttendeeDetails":  "Szczegóły uczestnika",
                   "Polish":  "Polski",
                   "StartTime":  "Godzina rozpoczęcia",
                   "EmailInvalid":  "Wprowadź prawidłowy adres e-mail.",
                   "DisableAutoRegisterRadioButtonText":  "Powiadom, ale nie rejestruj automatycznie, kiedy zwolni się miejsce",
                   "PaymentDetails":  "Szczegóły płatności",
                   "EnterEmailAddress":  "Wprowadź adres e-mail",
                   "RegisteredSince":  "Zarejestrowano od",
                   "MultiAttendeeRegistrationNotEnabled":  "To wydarzenie nie przyjmuje rejestracji wielu uczestników.",
                   "ChineseTaiwan":  "Chiński (Tajwan)",
                   "Oldest":  "Najstarsze",
                   "Home":  "Strona główna",
                   "Latvian":  "Łotewski",
                   "SessionName":  "Nazwa sesji",
                   "NoChoice":  "Brak wyboru",
                   "Events":  "Wydarzenia",
                   "Russian":  "Rosyjski",
                   "No":  "Nie",
                   "RemoveAttendee":  "Usuń uczestnika",
                   "Estonian":  "Estoński",
                   "WaitlistRegistrationNotAllowedErrorMessage":  "Lista oczekujących nie jest dostępna dla tego zdarzenia lub sesji.",
                   "Event":  "Wydarzenie",
                   "Copyright":  "Copyright © 2018. Wszelkie prawa zastrzeżone.",
                   "OrderSummary":  "Podsumowanie zamówienia",
                   "NoSessionsTrack":  "Ta ścieżka sesji nie ma sesji.",
                   "FinalizationNotEnabled":  "Aby korzystać z tej funkcji, musisz włączyć obsługę dowodów wpłat w wersji demo.",
                   "AlreadyRegistered":  "Już zarejestrowany",
                   "RegistrationFailed":  "Wystąpił problem z rejestracją",
                   "SessionNotLive":  "Sesja, na którą chcesz się zarejestrować, nie przyjmuje nowych rejestracji.",
                   "Danish":  "Duński",
                   "Vietnamese":  "Wietnamski",
                   "FirstNameRequired":  "Imię jest wymagane.",
                   "EditingWaitlistedAttendee":  "Edytowanie uczestnika na liście oczekiwania",
                   "EnterFirstName":  "Wprowadź swoje imię",
                   "LastName":  "Nazwisko",
                   "NoWaitlistItemsFound":  "Nie znaleziono żadnych elementów na liście oczekujących",
                   "Yes":  "Tak",
                   "Greek":  "Grecki",
                   "SaveChanges":  "Zapisz zmiany",
                   "EditAttendee":  "Edytuj uczestnika",
                   "EmailRequired":  "Adres e-mail jest wymagany.",
                   "NoSessionsEvent":  "To wydarzenie nie ma sesji.",
                   "ShowSessions":  "pokaż sesje",
                   "PassInformation":  "Informacje o przepustce",
                   "EventNotFound":  "Wydarzenie, na które próbujesz się zarejestrować, nie istnieje.",
                   "AddedSince":  "Dodane po",
                   "Finnish":  "Fiński",
                   "Chinese":  "Chiński (Chiny)",
                   "Profile":  "Profil",
                   "NorwegianBokml":  "Norweski",
                   "ChineseHongKong":  "Chiński (Hongkong)",
                   "PortuguesePortugal":  "Portugalski (Portugalia)"
               },
    "isJapanese":  false
}
