﻿{
    "labels":  {
                   "NoSpeakersEvent":  "Este evento não tem nenhum palestrante atribuído a ele.",
                   "EnglishAustralia":  "Inglês (Austrália)",
                   "Building":  "Edifício",
                   "SignIn":  "Entrar",
                   "CardHolder":  "Titular do cartão:",
                   "Lithuanian":  "Lituano",
                   "InvalidValueForRequiredRegistrationField":  "Seu registro inclui um valor inválido para um campo obrigatório.",
                   "EnglishGB":  "Inglês (GB)",
                   "Tuesday":  "Terça-feira",
                   "RegisterAttendees":  "Registrar participantes",
                   "GermanGermany":  "Alemão",
                   "Submit":  "Enviar",
                   "SessionTracks":  "Acompanhamentos de sessão",
                   "CancelRegistrationError":  "Ocorreu um problema no cancelamento do registro.",
                   "EventRegistrationTitle":  "Registro no evento",
                   "SerbianCyrillic":  "Sérvio (Cirílico)",
                   "FrenchCanada":  "Francês (Canadá)",
                   "Basque":  "Basco",
                   "SessionsIncludedInPass":  "Sessões incluídas no passe",
                   "Indonesian":  "Indonésio",
                   "SelectAPass":  "Selecionar um passe",
                   "Galician":  "Galego",
                   "RegistrationConfirmation":  "Confirmação do registro",
                   "Croatian":  "Croata",
                   "Thai":  "Tailandês",
                   "FinalizationNotAllowed":  "O valor do CAPTCHA fornecido não corresponde. Tente novamente.",
                   "MaximumNoAttendeesReached":  "Este evento está esgotado.",
                   "WebsiteColon":  "Site:",
                   "Friday":  "Sexta-feira",
                   "OnlyWaitlistRegistrationPossibleText":  "Os novos inscritos serão adicionados à lista de espera para esta sessão.",
                   "EditingAttendee":  "Editando participante",
                   "Register":  "Registrar-se",
                   "ArabicSaudiArabia":  "Árabe",
                   "WaitForRegistrationsToAppear":  "Pode haver um atraso no processamento de seus registros.",
                   "EndTime":  "Hora de término",
                   "MyAccount":  "Minha conta",
                   "RequestTimedOut":  "O processamento do registro demorou muito tempo. Tente novamente.",
                   "Hungarian":  "Húngaro",
                   "NoSponsorshipsEvent":  "Este evento não tem nenhuma patrocinador.",
                   "AvailableEvents":  "Eventos disponíveis",
                   "Wednesday":  "Quarta-feira",
                   "EventName":  "Nome do evento",
                   "Sunday":  "Domingo",
                   "LastNameRequired":  "Sobrenome é necessário.",
                   "RemoveMessage":  "Tem certeza de que deseja remover {0} {1}?",
                   "Japanese":  "Japonês",
                   "AttendeeSessionIdNotValid":  "Um dos participantes tem uma ID de passe inválida",
                   "Email":  "Email",
                   "NoSessionTracksEvent":  "Este evento não tem nenhum acompanhamento de sessão.",
                   "AZ":  "A-Z",
                   "AnonymousAccessNotAllowedError":  "Você deve entrar para continuar.",
                   "EventCapacityExceeding":  "Você não pode registrar tantos participantes porque isso excederia a capacidade máxima do evento.",
                   "PassPrice":  "Preço do passe",
                   "ZA":  "Z-A",
                   "PortugueseBrazil":  "Português (Brasil)",
                   "AttendeeInformation":  "Informações do participante",
                   "EmulatePayment":  "Emular pagamento",
                   "Session":  "Sessão",
                   "Speakers":  "Palestrantes",
                   "EnglishUS":  "Inglês (EUA)",
                   "Processing":  "Processando",
                   "BlogColon":  "Blog:",
                   "TooManyAttendees":  "Você só pode registrar até 50 participantes por vez. Crie registros adicionais se precisar registrar mais participantes do que isso.",
                   "RemoveSession":  "Remover sessão",
                   "SerbianLatin":  "Sérvio (Latino)",
                   "Catalan":  "Catalão",
                   "EventNotLive":  "O evento no qual você está tentando se registrar não está aceitando novos registros.",
                   "Ukrainian":  "Ucraniano",
                   "Slovenian":  "Esloveno",
                   "Saturday":  "Sábado",
                   "SignInForEditingAttendee":  "Entrar para o registro do evento",
                   "Checkout":  "Finalizar Compra",
                   "Registration":  "Registro",
                   "Czech":  "Tcheco",
                   "FinishRegistration":  "Concluir registro",
                   "SpanishSpain":  "Espanhol (Espanha)",
                   "EndDate":  "Data de término",
                   "WaitlistedAttendees":  "Participantes na lista de espera",
                   "Description":  "Descrição:",
                   "ItalianItaly":  "Italiano",
                   "DemoPaymentGatewayPageTitle":  "Gateway de pagamento de demonstração",
                   "BroughtToYouBy":  "Criado por",
                   "DutchNetherlands":  "Holandês",
                   "EnableAutoRegisterRadioButtonText":  "Registrar automaticamente e notificar quando o espaço ficar disponível",
                   "Hebrew":  "Hebraico",
                   "Amount":  "Valor:",
                   "CommunicationError":  "Estamos com dificuldades na comunicação com o servidor.",
                   "AddAttendeeToWaitlist":  "Adicionar participante à lista de espera",
                   "InsufficentNumberOfPasses":  "Não há passes restantes suficientes para finalizar a compra.",
                   "Monday":  "Segunda-feira",
                   "NoPassesEvent":  "Este evento não tem nenhum passe.",
                   "Thursday":  "Quinta-feira",
                   "EnterLastName":  "Insira seu sobrenome",
                   "ThankYouForRegistering":  "Obrigado por se registrar no evento!",
                   "RequiredRegistrationFieldMissing":  "Seu registro não tem informações obrigatórias de, pelo menos, um participante.",
                   "Sessions":  "Sessões",
                   "AssignedAttendees":  "Registros",
                   "StartDate":  "Data de início",
                   "AddSessionToCart":  "Adicionar sessão",
                   "AddAttendee":  "Adicionar participante",
                   "ChangeLanguage":  "Alterar idioma",
                   "EmailAddress":  "Endereço de email",
                   "AttendeePassIdNotValid":  "Um dos participantes tem uma ID de passe inválida ",
                   "FirstName":  "Nome",
                   "FinalizationAfterTimeLimit":  "A compra não foi concluída a tempo.",
                   "CopyrightWithParam":  "Copyright © {0}. Todos os direitos reservados.",
                   "RefreshPage":  "A sessão expirou. Atualize a página para continuar.",
                   "WaitlistedSessions":  "sessão(ões) na lista de espera",
                   "EventCapacityReached":  "A capacidade máxima do evento foi atingida.",
                   "CardNumber":  "Número do cartão:",
                   "MaximumCapacityReached":  "Este evento está esgotado, mas você ainda pode se registrar na lista de espera. ",
                   "AutoRegister":  "Registro automático",
                   "AttendeeHasWaitlistRegistrationsInfo":  "Este inscrito está na lista de espera de uma ou mais sessões.",
                   "Attendees":  "Participantes",
                   "EnglishCanada":  "Inglês (Canadá)",
                   "RegisterNow":  "Registre-se já",
                   "Newest":  "Mais Recente",
                   "SoldOut":  "Esgotado",
                   "SessionCartHeader":  "Carrinho da sessão",
                   "SwedishSweden":  "Sueco",
                   "Pass":  "Passe",
                   "SelectedSessions":  "Sessões selecionadas",
                   "Waitlist":  "Lista de espera",
                   "Name":  "Nome",
                   "Bulgarian":  "Búlgaro",
                   "Remove":  "Remover",
                   "SponsorName":  "Nome do patrocinador",
                   "NoRegistrationsFound":  "Nenhum registro encontrado",
                   "SessionFullyBooked":  "Totalmente reservado",
                   "CancelRegistrationEventMessage":  "Tem certeza de que deseja cancelar o registro de {0}?",
                   "NoSessionsAssociated":  "Não há nenhuma sessão associada a este passe.",
                   "RomanianRomania":  "Romeno",
                   "AnonymousRegistrationNotAllowed":  "Você deve criar uma conta e fazer logon antes de poder se registrar para este evento.",
                   "Search":  "Pesquisar",
                   "SignOut":  "Sair",
                   "NoSessionsAssigned":  "Não há sessões atribuídas.",
                   "MyRegistrations":  "Meus registros",
                   "Cancel":  "Cancelar",
                   "SortBy":  "Classificar por",
                   "AddAnotherAttendee":  "Adicionar outro participante",
                   "CancelPayment":  "Cancelar pagamento",
                   "AttendeeAutoRegistrationInfo":  "Este participante será registrado automaticamente assim que a capacidade ficar disponível.",
                   "CancelRegistration":  "Cancelar registro",
                   "Korean":  "Coreano",
                   "Turkish":  "Turco",
                   "FrenchFrance":  "Francês (França)",
                   "AdditionalInformationAvailable":  "Informações adicionais disponíveis",
                   "DiscardChanges":  "Descartar alterações",
                   "MaximumSessionCapacityReached":  "Esta sessão está esgotada.",
                   "MyWaitlistItems":  "Meus itens de lista de espera",
                   "Slovak":  "Eslovaco",
                   "AttendeeDetails":  "Detalhes do participante",
                   "Polish":  "Polonês",
                   "StartTime":  "Hora de início",
                   "EmailInvalid":  "Insira um endereço de email válido.",
                   "DisableAutoRegisterRadioButtonText":  "Notificar, mas não registrar automaticamente, quando o espaço ficar disponível",
                   "PaymentDetails":  "Detalhes do pagamento",
                   "EnterEmailAddress":  "Insira seu endereço de email",
                   "RegisteredSince":  "Registro feito desde",
                   "MultiAttendeeRegistrationNotEnabled":  "Este evento não permite o registro de vários participantes.",
                   "ChineseTaiwan":  "Chinês (Taiwan)",
                   "Oldest":  "Mais Antigo",
                   "Home":  "Início",
                   "Latvian":  "Letão",
                   "SessionName":  "Nome da sessão",
                   "NoChoice":  "Sem opção",
                   "Events":  "Eventos",
                   "Russian":  "Russo",
                   "No":  "Não",
                   "RemoveAttendee":  "Remover participante",
                   "Estonian":  "Estoniano",
                   "WaitlistRegistrationNotAllowedErrorMessage":  "Não existe lista de espera para este evento ou sessão.",
                   "Event":  "Evento",
                   "Copyright":  "Copyright © 2018. Todos os direitos reservados.",
                   "OrderSummary":  "Resumo da ordem",
                   "NoSessionsTrack":  "Este acompanhamento de sessão não tem nenhuma sessão.",
                   "FinalizationNotEnabled":  "Você deve habilitar a confirmação de pagamento da demonstração para usar este recurso.",
                   "AlreadyRegistered":  "Registro já feito",
                   "RegistrationFailed":  "Ocorreu um problema no registro",
                   "SessionNotLive":  "A sessão para a qual você está tentando se registrar não está aceitando novos registros.",
                   "Danish":  "Dinamarquês",
                   "Vietnamese":  "Vietnamita",
                   "FirstNameRequired":  "Nome é necessário.",
                   "EditingWaitlistedAttendee":  "Editando participante na lista de espera",
                   "EnterFirstName":  "Insira seu nome",
                   "LastName":  "Sobrenome",
                   "NoWaitlistItemsFound":  "Nenhum item da lista de espera encontrado",
                   "Yes":  "Sim",
                   "Greek":  "Grego",
                   "SaveChanges":  "Salvar alterações",
                   "EditAttendee":  "Editar participante",
                   "EmailRequired":  "Email é necessário.",
                   "NoSessionsEvent":  "Este evento não tem nenhuma sessão.",
                   "ShowSessions":  "mostrar sessões",
                   "PassInformation":  "Informações do passe",
                   "EventNotFound":  "O evento no qual você está tentando se registrar não existe.",
                   "AddedSince":  "Adicionado desde",
                   "Finnish":  "Finlandês",
                   "Chinese":  "Chinês (China)",
                   "Profile":  "Perfil",
                   "NorwegianBokml":  "Norueguês",
                   "ChineseHongKong":  "Chinês (Hong Kong)",
                   "PortuguesePortugal":  "Português (Portugal)"
               },
    "isJapanese":  false
}
