﻿{
    "labels":  {
                   "NoSpeakersEvent":  "Acest eveniment nu are atribuite difuzoare.",
                   "EnglishAustralia":  "Engleză (Australia)",
                   "Building":  "Clădire",
                   "SignIn":  "Conectați-vă",
                   "CardHolder":  "Deținătorul cardului:",
                   "Lithuanian":  "Lituaniană",
                   "InvalidValueForRequiredRegistrationField":  "Înregistrarea dvs. include o valoare nevalidă pentru un câmp obligatoriu.",
                   "EnglishGB":  "Engleză (Regatul Unit)",
                   "Tuesday":  "marți",
                   "RegisterAttendees":  "Înregistrați participanții",
                   "GermanGermany":  "Germană",
                   "Submit":  "Remitere",
                   "SessionTracks":  "Grupaje de sesiuni",
                   "CancelRegistrationError":  "A existat o problemă la anularea înregistrării.",
                   "EventRegistrationTitle":  "Înregistrare la eveniment",
                   "SerbianCyrillic":  "Sârbă (Chirilic)",
                   "FrenchCanada":  "Franceză (Canada)",
                   "Basque":  "Bască",
                   "SessionsIncludedInPass":  "Sesiunile incluse în permis",
                   "Indonesian":  "Indoneziană",
                   "SelectAPass":  "Selectați un permis",
                   "Galician":  "Galiciană",
                   "RegistrationConfirmation":  "Confirmare înregistrare",
                   "Croatian":  "Croată",
                   "Thai":  "Thai",
                   "FinalizationNotAllowed":  "Valoarea CAPTCHA pe care ați furnizat-o nu se potrivește. Încercați din nou.",
                   "MaximumNoAttendeesReached":  "Acest eveniment este epuizat.",
                   "WebsiteColon":  "Site web:",
                   "Friday":  "vineri",
                   "OnlyWaitlistRegistrationPossibleText":  "Noile persoane înscrise vor fi adăugate la lista de așteptare pentru această sesiune.",
                   "EditingAttendee":  "Se editează participantul",
                   "Register":  "Înregistrare",
                   "ArabicSaudiArabia":  "Arabă",
                   "WaitForRegistrationsToAppear":  "Rețineți că poate exista o întârziere în procesarea înregistrărilor.",
                   "EndTime":  "Ora de sfârșit",
                   "MyAccount":  "Contul meu",
                   "RequestTimedOut":  "Procesarea înregistrării dvs. a durat prea mult. Încercați din nou.",
                   "Hungarian":  "Maghiară",
                   "NoSponsorshipsEvent":  "Acest eveniment nu are sponsori.",
                   "AvailableEvents":  "Evenimente disponibile",
                   "Wednesday":  "miercuri",
                   "EventName":  "Numele evenimentului",
                   "Sunday":  "duminică",
                   "LastNameRequired":  "Numele de familie este obligatoriu.",
                   "RemoveMessage":  "Sigur eliminați {0} {1}?",
                   "Japanese":  "Japoneză",
                   "AttendeeSessionIdNotValid":  "Unul dintre participanți are un ID de participare nevalid",
                   "Email":  "E-mail",
                   "NoSessionTracksEvent":  "Acest eveniment nu are grupaje de sesiuni.",
                   "AZ":  "A-Z",
                   "AnonymousAccessNotAllowedError":  "Trebuie să vă conectați pentru a continua.",
                   "EventCapacityExceeding":  "Nu puteți înregistra atât de mulți participanți, deoarece ar depăși capacitatea maximă a evenimentului.",
                   "PassPrice":  "Prețul permisului",
                   "ZA":  "Z-A",
                   "PortugueseBrazil":  "Portugheză (Brazilia)",
                   "AttendeeInformation":  "Informații despre participant",
                   "EmulatePayment":  "Emulați plata",
                   "Session":  "Sesiune",
                   "Speakers":  "Vorbitori",
                   "EnglishUS":  "Engleză (SUA)",
                   "Processing":  "În curs de procesare",
                   "BlogColon":  "Blog:",
                   "TooManyAttendees":  "Puteți înregistra doar până la 50 de participanți la un moment dat. Creați înregistrări suplimentare dacă trebuie să înregistrați mai mulți participanți.",
                   "RemoveSession":  "Eliminare sesiune",
                   "SerbianLatin":  "Sârbă (Latin)",
                   "Catalan":  "Catalană",
                   "EventNotLive":  "Evenimentul la care încercați să vă înregistrați nu acceptă înregistrări noi.",
                   "Ukrainian":  "Ucraineană",
                   "Slovenian":  "Slovenă",
                   "Saturday":  "sâmbătă",
                   "SignInForEditingAttendee":  "Conectați-vă pentru înregistrarea la eveniment",
                   "Checkout":  "Finalizare achiziție",
                   "Registration":  "Înregistrare",
                   "Czech":  "Cehă",
                   "FinishRegistration":  "Finalizare înregistrare",
                   "SpanishSpain":  "Spaniolă (Spania)",
                   "EndDate":  "Dată de sfârșit",
                   "WaitlistedAttendees":  "Participanți din lista de așteptare",
                   "Description":  "Descriere:",
                   "ItalianItaly":  "Italiană",
                   "DemoPaymentGatewayPageTitle":  "Gateway de plată demonstrativ",
                   "BroughtToYouBy":  "Vă este prezentat de",
                   "DutchNetherlands":  "Neerlandeză",
                   "EnableAutoRegisterRadioButtonText":  "Înregistrați automat și notificați atunci când un spațiu devine disponibil",
                   "Hebrew":  "Ebraică",
                   "Amount":  "Volum:",
                   "CommunicationError":  "Întâmpinăm probleme la comunicarea cu serverul.",
                   "AddAttendeeToWaitlist":  "Adăugați participantul în lista de așteptare",
                   "InsufficentNumberOfPasses":  "Nu există suficiente permise rămase pentru a finaliza achiziția.",
                   "Monday":  "luni",
                   "NoPassesEvent":  "Acest eveniment nu are permise.",
                   "Thursday":  "joi",
                   "EnterLastName":  "Introduceți numele de familie",
                   "ThankYouForRegistering":  "Vă mulțumim pentru înregistrarea la acest eveniment!",
                   "RequiredRegistrationFieldMissing":  "Din înregistrare lipsesc informații obligatorii pentru cel puțin un participant.",
                   "Sessions":  "Sesiuni",
                   "AssignedAttendees":  "Înregistrări",
                   "StartDate":  "Dată de început",
                   "AddSessionToCart":  "Adăugare sesiune",
                   "AddAttendee":  "Adăugare participant",
                   "ChangeLanguage":  "Modificare limbă",
                   "EmailAddress":  "Adresă de e-mail",
                   "AttendeePassIdNotValid":  "Unul dintre participanți are un ID de participare nevalid ",
                   "FirstName":  "Prenume",
                   "FinalizationAfterTimeLimit":  "Achiziția nu a fost finalizată la timp.",
                   "CopyrightWithParam":  "© {0}. Toate drepturile rezervate.",
                   "RefreshPage":  "Sesiunea a expirat. Pentru a continua, reîmprospătați pagina.",
                   "WaitlistedSessions":  "sesiune(i) din lista de așteptare",
                   "EventCapacityReached":  "S-a atins capacitatea maximă a evenimentului.",
                   "CardNumber":  "Numărul cardului:",
                   "MaximumCapacityReached":  "Acest eveniment este epuizat, dar vă puteți înregistra în continuare pentru lista de așteptare. ",
                   "AutoRegister":  "Înregistrare automată",
                   "AttendeeHasWaitlistRegistrationsInfo":  "Înregistratorul se află pe lista de așteptare pentru una sau mai multe sesiuni.",
                   "Attendees":  "Participanți",
                   "EnglishCanada":  "Engleză (Canada)",
                   "RegisterNow":  "Înregistrați-vă acum",
                   "Newest":  "Cele mai noi",
                   "SoldOut":  "Epuizat",
                   "SessionCartHeader":  "Coș sesiune",
                   "SwedishSweden":  "Suedeză",
                   "Pass":  "Permis",
                   "SelectedSessions":  "Sesiuni selectate",
                   "Waitlist":  "Listă de așteptare",
                   "Name":  "Nume",
                   "Bulgarian":  "Bulgară",
                   "Remove":  "Eliminare",
                   "SponsorName":  "Nume sponsor",
                   "NoRegistrationsFound":  "Nu s-au găsit înregistrări",
                   "SessionFullyBooked":  "Rezervat complet",
                   "CancelRegistrationEventMessage":  "Sigur anulați înregistrarea pentru {0}?",
                   "NoSessionsAssociated":  "Acestui permis nu i s-au asociat sesiuni.",
                   "RomanianRomania":  "Română",
                   "AnonymousRegistrationNotAllowed":  "Trebuie să creați un cont și să vă conectați înainte de a vă putea înregistra pentru acest eveniment.",
                   "Search":  "Căutare",
                   "SignOut":  "Deconectați-vă",
                   "NoSessionsAssigned":  "Nu există sesiuni atribuite.",
                   "MyRegistrations":  "Operațiunile mele de înregistrare",
                   "Cancel":  "Anulare",
                   "SortBy":  "Sortare după",
                   "AddAnotherAttendee":  "Adăugați un alt participant",
                   "CancelPayment":  "Anulați plata",
                   "AttendeeAutoRegistrationInfo":  "Acest participant va fi înregistrat automat, de îndată ce devine disponibilă o capacitate.",
                   "CancelRegistration":  "Anulați înregistrarea",
                   "Korean":  "Coreeană",
                   "Turkish":  "Turcă",
                   "FrenchFrance":  "Franceză (Franța)",
                   "AdditionalInformationAvailable":  "Sunt disponibile informații suplimentare",
                   "DiscardChanges":  "Renunțați la modificări",
                   "MaximumSessionCapacityReached":  "Locurile la această sesiune sunt epuizate.",
                   "MyWaitlistItems":  "Elementele mele din lista de așteptare",
                   "Slovak":  "Slovacă",
                   "AttendeeDetails":  "Detalii participant",
                   "Polish":  "Poloneză",
                   "StartTime":  "Ora de început",
                   "EmailInvalid":  "Introduceți o adresă de e-mail validă.",
                   "DisableAutoRegisterRadioButtonText":  "Notificați, dar nu înregistrați automat atunci când un spațiu devine disponibil",
                   "PaymentDetails":  "Detalii plată",
                   "EnterEmailAddress":  "Introduceți adresa dvs. de e-mail",
                   "RegisteredSince":  "Înregistrat din",
                   "MultiAttendeeRegistrationNotEnabled":  "Acest eveniment nu permite înregistrarea mai multor participanți.",
                   "ChineseTaiwan":  "Chineză (Taiwan)",
                   "Oldest":  "Cele mai vechi",
                   "Home":  "Pornire",
                   "Latvian":  "Letonă",
                   "SessionName":  "Nume sesiune",
                   "NoChoice":  "Fără alegere",
                   "Events":  "Evenimente",
                   "Russian":  "Rusă",
                   "No":  "Nu",
                   "RemoveAttendee":  "Eliminați participantul",
                   "Estonian":  "Estonă",
                   "WaitlistRegistrationNotAllowedErrorMessage":  "Nu este disponibilă nicio listă de așteptare pentru acest eveniment sau sesiune.",
                   "Event":  "Eveniment",
                   "Copyright":  "© 2018. Toate drepturile rezervate.",
                   "OrderSummary":  "Rezumat comandă",
                   "NoSessionsTrack":  "Acest grupaj de sesiuni nu are sesiuni.",
                   "FinalizationNotEnabled":  "Trebuie să activați confirmarea de plată demonstrativă pentru a utiliza această caracteristică.",
                   "AlreadyRegistered":  "Deja înregistrat",
                   "RegistrationFailed":  "A existat o problemă cu înregistrarea",
                   "SessionNotLive":  "Sesiunea la care încercați să vă înregistrați nu acceptă înregistrări noi.",
                   "Danish":  "Daneză",
                   "Vietnamese":  "Vietnameză",
                   "FirstNameRequired":  "Prenumele este obligatoriu.",
                   "EditingWaitlistedAttendee":  "Se editează participantul din lista de așteptare",
                   "EnterFirstName":  "Introduceți prenumele dvs.",
                   "LastName":  "Nume de familie",
                   "NoWaitlistItemsFound":  "Nu au fost găsite elemente în lista de așteptare",
                   "Yes":  "Da",
                   "Greek":  "Greacă",
                   "SaveChanges":  "Salvați modificările",
                   "EditAttendee":  "Editați participantul",
                   "EmailRequired":  "E-mailul este obligatoriu.",
                   "NoSessionsEvent":  "Acest eveniment nu are sesiuni.",
                   "ShowSessions":  "afișare sesiuni",
                   "PassInformation":  "Informații despre permis",
                   "EventNotFound":  "Evenimentul la care încercați să vă înregistrați nu există.",
                   "AddedSince":  "Adăugat din",
                   "Finnish":  "Finlandeză",
                   "Chinese":  "Chineză (China)",
                   "Profile":  "Profil",
                   "NorwegianBokml":  "Norvegiană",
                   "ChineseHongKong":  "Chineză (R.A.S. Hong Kong)",
                   "PortuguesePortugal":  "Portugheză (Portugalia)"
               },
    "isJapanese":  false
}
