﻿{
    "labels":  {
                   "NoSpeakersEvent":  "На это событие не назначены докладчики.",
                   "EnglishAustralia":  "Английский (Австралия)",
                   "Building":  "Здание",
                   "SignIn":  "Вход",
                   "CardHolder":  "Владелец карты:",
                   "Lithuanian":  "Литовский",
                   "InvalidValueForRequiredRegistrationField":  "При регистрации вы указали недопустимое значение в одном из обязательных полей.",
                   "EnglishGB":  "Английский (Великобритания)",
                   "Tuesday":  "Вторник",
                   "RegisterAttendees":  "Регистрация участников",
                   "GermanGermany":  "Немецкий",
                   "Submit":  "Отправить",
                   "SessionTracks":  "Секции",
                   "CancelRegistrationError":  "Возникла проблема с отменой регистрации.",
                   "EventRegistrationTitle":  "Регистрация на событие",
                   "SerbianCyrillic":  "Сербский (кириллица)",
                   "FrenchCanada":  "Французский (Канада)",
                   "Basque":  "Баскский",
                   "SessionsIncludedInPass":  "Сеансы, входящие в пропуск",
                   "Indonesian":  "Индонезийский",
                   "SelectAPass":  "Выберите пропуск",
                   "Galician":  "Галисийский",
                   "RegistrationConfirmation":  "Подтверждение регистрации",
                   "Croatian":  "Хорватский",
                   "Thai":  "Тайский",
                   "FinalizationNotAllowed":  "Введено неверное значение CAPTCHA. Повторите попытку.",
                   "MaximumNoAttendeesReached":  "Событие распродано.",
                   "WebsiteColon":  "Веб-сайт:",
                   "Friday":  "Пятница",
                   "OnlyWaitlistRegistrationPossibleText":  "Новые регистранты будут добавляться в список ожидания для этого сеанса.",
                   "EditingAttendee":  "Редактирование участника",
                   "Register":  "Зарегистрировать",
                   "ArabicSaudiArabia":  "Арабский",
                   "WaitForRegistrationsToAppear":  "Обратите внимание, что при обработке регистраций возможна задержка.",
                   "EndTime":  "Время окончания",
                   "MyAccount":  "Моя организация",
                   "RequestTimedOut":  "Обработка вашей регистрации занимает слишком много времени. Попробуйте еще раз.",
                   "Hungarian":  "Венгерский",
                   "NoSponsorshipsEvent":  "У этого события нет спонсоров.",
                   "AvailableEvents":  "Доступные события",
                   "Wednesday":  "Среда",
                   "EventName":  "Название события",
                   "Sunday":  "Воскресенье",
                   "LastNameRequired":  "Требуется фамилия.",
                   "RemoveMessage":  "Вы действительно хотите удалить {0} {1}?",
                   "Japanese":  "Японский",
                   "AttendeeSessionIdNotValid":  "Для одного из участников задан недействительный идентификатор пропуска",
                   "Email":  "Электронная почта",
                   "NoSessionTracksEvent":  "В этом событии нет секций.",
                   "AZ":  "А-Я",
                   "AnonymousAccessNotAllowedError":  "Для продолжения необходимо войти в систему.",
                   "EventCapacityExceeding":  "Невозможно зарегистрировать столько участников, потому что при этом будет превышена максимальная вместимость события.",
                   "PassPrice":  "Цена пропуска",
                   "ZA":  "Я-А",
                   "PortugueseBrazil":  "Португальский (Бразилия)",
                   "AttendeeInformation":  "Информация об участнике",
                   "EmulatePayment":  "Имитация оплаты",
                   "Session":  "Сеанс",
                   "Speakers":  "Докладчики",
                   "EnglishUS":  "Английский (США)",
                   "Processing":  "Обработка",
                   "BlogColon":  "Блог:",
                   "TooManyAttendees":  "Одновременно можно зарегистрировать не более 50 участников. Если нужно зарегистрировать больше участников, создайте дополнительные регистрации.",
                   "RemoveSession":  "Удалить сеанс",
                   "SerbianLatin":  "Сербский (латиница)",
                   "Catalan":  "Каталанский",
                   "EventNotLive":  "Событие, на которое вы пытаетесь зарегистрироваться, не принимает новые регистрации.",
                   "Ukrainian":  "Украинский",
                   "Slovenian":  "Словенский",
                   "Saturday":  "Суббота",
                   "SignInForEditingAttendee":  "Записаться для регистрации на событие",
                   "Checkout":  "Оформление",
                   "Registration":  "Регистрация",
                   "Czech":  "Чешский",
                   "FinishRegistration":  "Завершить регистрацию",
                   "SpanishSpain":  "Испанский (Испания)",
                   "EndDate":  "Дата окончания",
                   "WaitlistedAttendees":  "Участники в списке ожидания",
                   "Description":  "Описание:",
                   "ItalianItaly":  "Итальянский",
                   "DemoPaymentGatewayPageTitle":  "Демонстрационный шлюз оплаты",
                   "BroughtToYouBy":  "От кого поступил",
                   "DutchNetherlands":  "Нидерландский",
                   "EnableAutoRegisterRadioButtonText":  "Уведомить и зарегистрировать автоматически при появлении свободного места",
                   "Hebrew":  "Иврит",
                   "Amount":  "Сумма:",
                   "CommunicationError":  "Не удается связаться с сервером.",
                   "AddAttendeeToWaitlist":  "Добавить участника в список ожидания",
                   "InsufficentNumberOfPasses":  "Недостаточно пропусков для завершения покупки.",
                   "Monday":  "Понедельник",
                   "NoPassesEvent":  "Пропуска для этого события не предусмотрены.",
                   "Thursday":  "Четверг",
                   "EnterLastName":  "Введите свою фамилию",
                   "ThankYouForRegistering":  "Благодарим за регистрацию на событие!",
                   "RequiredRegistrationFieldMissing":  "При регистрации вы не задали обязательные сведения по крайней мере для одного участника.",
                   "Sessions":  "Сессии",
                   "AssignedAttendees":  "Регистрации",
                   "StartDate":  "Дата начала",
                   "AddSessionToCart":  "Добавить сеанс",
                   "AddAttendee":  "Добавить участника",
                   "ChangeLanguage":  "Изменить язык",
                   "EmailAddress":  "Адрес электронной почты",
                   "AttendeePassIdNotValid":  "Для одного из участников задан недействительный идентификатор пропуска ",
                   "FirstName":  "Имя",
                   "FinalizationAfterTimeLimit":  "Покупка не была завершена в срок.",
                   "CopyrightWithParam":  "© {0}. Все права защищены.",
                   "RefreshPage":  "Время сеанса истекло. Обновите страницу, чтобы продолжить.",
                   "WaitlistedSessions":  "сеансы в списке ожидания",
                   "EventCapacityReached":  "Достигнута максимальная вместимость события.",
                   "CardNumber":  "Номер карты:",
                   "MaximumCapacityReached":  "Событие распродано, но вы можете зарегистрироваться в списке ожидания. ",
                   "AutoRegister":  "Автоматическая регистрация",
                   "AttendeeHasWaitlistRegistrationsInfo":  "Это участник находится списке ожидания одного или нескольких сеансов.",
                   "Attendees":  "Участники",
                   "EnglishCanada":  "Английский (Канада)",
                   "RegisterNow":  "Зарегистрируйтесь сейчас",
                   "Newest":  "Самое новое",
                   "SoldOut":  "Все продано",
                   "SessionCartHeader":  "Корзина сеансов",
                   "SwedishSweden":  "Шведский",
                   "Pass":  "Пропуск",
                   "SelectedSessions":  "Выбранные сеансы",
                   "Waitlist":  "Список ожидания",
                   "Name":  "Имя",
                   "Bulgarian":  "Болгарский",
                   "Remove":  "Удалить",
                   "SponsorName":  "Имя спонсора",
                   "NoRegistrationsFound":  "Регистрации не найдены",
                   "SessionFullyBooked":  "Полностью зарезервировано",
                   "CancelRegistrationEventMessage":  "Вы действительно хотите отменить регистрацию {0}?",
                   "NoSessionsAssociated":  "Нет сеансов, связанных с этим пропуском.",
                   "RomanianRomania":  "Румынский",
                   "AnonymousRegistrationNotAllowed":  "Необходимо создать учетную запись и войти в систему, прежде чем можно будет зарегистрироваться на это событие.",
                   "Search":  "Поиск",
                   "SignOut":  "Выход",
                   "NoSessionsAssigned":  "Нет назначенных сеансов.",
                   "MyRegistrations":  "Мои регистрации",
                   "Cancel":  "Отмена",
                   "SortBy":  "Сортировать по",
                   "AddAnotherAttendee":  "Добавить еще одного участника",
                   "CancelPayment":  "Отмена платежа",
                   "AttendeeAutoRegistrationInfo":  "Этот участник будет автоматически зарегистрирован, как только появятся свободные места.",
                   "CancelRegistration":  "Отмена регистрации",
                   "Korean":  "Корейский",
                   "Turkish":  "Турецкий",
                   "FrenchFrance":  "Французский (Франция)",
                   "AdditionalInformationAvailable":  "Доступна дополнительная информация",
                   "DiscardChanges":  "Отменить изменения",
                   "MaximumSessionCapacityReached":  "Сеанс распродан.",
                   "MyWaitlistItems":  "Мои элементы списка ожидания",
                   "Slovak":  "Словацкий",
                   "AttendeeDetails":  "Сведения об участнике",
                   "Polish":  "Польский",
                   "StartTime":  "Время начала",
                   "EmailInvalid":  "Введите действительный адрес электронной почты.",
                   "DisableAutoRegisterRadioButtonText":  "Уведомить при появлении свободного места, но не регистрировать автоматически",
                   "PaymentDetails":  "Сведения о платеже",
                   "EnterEmailAddress":  "Введите свой адрес электронной почты",
                   "RegisteredSince":  "Зарегистрировано с",
                   "MultiAttendeeRegistrationNotEnabled":  "Это событие не допускает регистрацию нескольких участников.",
                   "ChineseTaiwan":  "Китайский (Тайвань)",
                   "Oldest":  "Самое старое",
                   "Home":  "Домашняя страница",
                   "Latvian":  "Латышский",
                   "SessionName":  "Название сессии",
                   "NoChoice":  "Нет варианта для выбора",
                   "Events":  "События",
                   "Russian":  "Русский",
                   "No":  "Нет",
                   "RemoveAttendee":  "Удалить участников",
                   "Estonian":  "Эстонский",
                   "WaitlistRegistrationNotAllowedErrorMessage":  "Списки ожидания для этого события или сеанса недоступны.",
                   "Event":  "Событие",
                   "Copyright":  "© 2018. Все права защищены.",
                   "OrderSummary":  "Сводка по заказу",
                   "NoSessionsTrack":  "В этой секции нет сессий.",
                   "FinalizationNotEnabled":  "Для использования этой функции необходимо включить демонстрацию подтверждения оплаты.",
                   "AlreadyRegistered":  "Уже зарегистрирован",
                   "RegistrationFailed":  "Возникла проблема с регистрацией",
                   "SessionNotLive":  "Сеанс, на который вы пытаетесь зарегистрироваться, не принимает новые регистрации.",
                   "Danish":  "Датский",
                   "Vietnamese":  "Вьетнамский",
                   "FirstNameRequired":  "Требуется имя.",
                   "EditingWaitlistedAttendee":  "Редактирование участника в списке ожидания",
                   "EnterFirstName":  "Введите свое имя",
                   "LastName":  "Фамилия",
                   "NoWaitlistItemsFound":  "Элементы списка ожидания не найдены",
                   "Yes":  "Да",
                   "Greek":  "Греческий",
                   "SaveChanges":  "Сохранить изменения",
                   "EditAttendee":  "Изменить участника",
                   "EmailRequired":  "Требуется адрес электронной почты.",
                   "NoSessionsEvent":  "В этом событии нет сессий.",
                   "ShowSessions":  "показать сеансы",
                   "PassInformation":  "Сведения о пропусках",
                   "EventNotFound":  "Событие, на которое вы пытаетесь зарегистрироваться, не существует.",
                   "AddedSince":  "Добавлено с",
                   "Finnish":  "Финский",
                   "Chinese":  "Китайский (Китай)",
                   "Profile":  "Профиль",
                   "NorwegianBokml":  "Норвежский",
                   "ChineseHongKong":  "Китайский (Гонконг, САР)",
                   "PortuguesePortugal":  "Португальский (Португалия)"
               },
    "isJapanese":  false
}
