﻿{
    "labels":  {
                   "NoSpeakersEvent":  "Ovom događaju nije dodijeljen govornik.",
                   "EnglishAustralia":  "engleski (Australija)",
                   "Building":  "Zgrada",
                   "SignIn":  "Prijava",
                   "CardHolder":  "Nositelj kartice:",
                   "Lithuanian":  "litavski",
                   "InvalidValueForRequiredRegistrationField":  "Vaša registracija sadrži nevaljanu vrijednost za obvezno polje.",
                   "EnglishGB":  "engleski (UK)",
                   "Tuesday":  "Utorak",
                   "RegisterAttendees":  "Registrirani sudionici",
                   "GermanGermany":  "njemački",
                   "Submit":  "Pošalji",
                   "SessionTracks":  "Praćenja sesije",
                   "CancelRegistrationError":  "Došlo je do problema pri otkazivanju registracije.",
                   "EventRegistrationTitle":  "Registracija za događaj",
                   "SerbianCyrillic":  "srpski (ćirilica)",
                   "FrenchCanada":  "francuski (Kanada)",
                   "Basque":  "baskijski",
                   "SessionsIncludedInPass":  "Sesije uključene u propusnicu",
                   "Indonesian":  "indonezijski",
                   "SelectAPass":  "Odaberi propusnicu",
                   "Galician":  "galicijski",
                   "RegistrationConfirmation":  "Potvrda registracije",
                   "Croatian":  "hrvatski",
                   "Thai":  "tajlandski",
                   "FinalizationNotAllowed":  "Vrijednost sustava CAPTCHA koju ste dali ne odgovara. Pokušajte ponovno.",
                   "MaximumNoAttendeesReached":  "Ovaj je događaj prodan.",
                   "WebsiteColon":  "Web-mjesto:",
                   "Friday":  "Petak",
                   "OnlyWaitlistRegistrationPossibleText":  "Novi podnositelji registracije dodat će se na listu čekanja za ovu sesiju.",
                   "EditingAttendee":  "Uređivanje sudionika",
                   "Register":  "Registrirajte se",
                   "ArabicSaudiArabia":  "arapski",
                   "WaitForRegistrationsToAppear":  "Imajte na umu da pri obradi vaših registracija može doći do odgode.",
                   "EndTime":  "Vrijeme završetka",
                   "MyAccount":  "Moj račun",
                   "RequestTimedOut":  "Obrada vaše registracije predugo je trajala. Pokušajte ponovno.",
                   "Hungarian":  "mađarski",
                   "NoSponsorshipsEvent":  "Ovaj događaj nema sponzora.",
                   "AvailableEvents":  "Dostupni događaji",
                   "Wednesday":  "Srijeda",
                   "EventName":  "Naziv događaja",
                   "Sunday":  "Nedjelja",
                   "LastNameRequired":  "Prezime je obvezan podatak.",
                   "RemoveMessage":  "Jeste li sigurni da želite ukloniti {0} {1}?",
                   "Japanese":  "japanski",
                   "AttendeeSessionIdNotValid":  "Jedan od sudionika ima nevaljani ulazni ID",
                   "Email":  "E-pošta",
                   "NoSessionTracksEvent":  "Ovaj događaj nema praćenja sesije.",
                   "AZ":  "A – Z",
                   "AnonymousAccessNotAllowedError":  "Morate se prijaviti kako biste nastavili.",
                   "EventCapacityExceeding":  "Ne možete registrirati toliko sudionika jer bi to premašilo maksimalni kapacitet događaja.",
                   "PassPrice":  "Cijena propusnice",
                   "ZA":  "Z – A",
                   "PortugueseBrazil":  "portugalski (Brazil)",
                   "AttendeeInformation":  "Informacije o sudioniku",
                   "EmulatePayment":  "Oponašaj plaćanje",
                   "Session":  "Sesija",
                   "Speakers":  "Govornici",
                   "EnglishUS":  "English (US)",
                   "Processing":  "Obrada u tijeku",
                   "BlogColon":  "Blog:",
                   "TooManyAttendees":  "Istovremeno možete registrirati samo do 50 sudionika. Ako trebate registrirati više sudionika od tog broja, stvorite dodatne registracije.",
                   "RemoveSession":  "Ukloni sesiju",
                   "SerbianLatin":  "srpski (latinica)",
                   "Catalan":  "katalonski",
                   "EventNotLive":  "Događaj za koji se pokušavate registrirati ne prihvaća nove registracije.",
                   "Ukrainian":  "ukrajinski",
                   "Slovenian":  "slovenski",
                   "Saturday":  "Subota",
                   "SignInForEditingAttendee":  "Prijava za registraciju za događaj",
                   "Checkout":  "Završetak plaćanja",
                   "Registration":  "Registracija",
                   "Czech":  "češki",
                   "FinishRegistration":  "Dovršite registraciju",
                   "SpanishSpain":  "španjolski (Španjolska)",
                   "EndDate":  "Datum završetka",
                   "WaitlistedAttendees":  "Sudionici stavljeni na listu čekanja",
                   "Description":  "Opis:",
                   "ItalianItaly":  "talijanski",
                   "DemoPaymentGatewayPageTitle":  "Pokazni pristupnik za plaćanje",
                   "BroughtToYouBy":  "Donosi vam",
                   "DutchNetherlands":  "nizozemski",
                   "EnableAutoRegisterRadioButtonText":  "Automatski registriraj i obavijesti kada prostor postane dostupan",
                   "Hebrew":  "hebrejski",
                   "Amount":  "Iznos:",
                   "CommunicationError":  "Imamo poteškoća u komunikaciji s poslužiteljem.",
                   "AddAttendeeToWaitlist":  "Dodavanje sudionika na listu čekanja",
                   "InsufficentNumberOfPasses":  "Nije ostalo dovoljno propusnica kako biste dovršili svoju kupnju.",
                   "Monday":  "Ponedjeljak",
                   "NoPassesEvent":  "Ovaj događaj nema propusnice.",
                   "Thursday":  "Četvrtak",
                   "EnterLastName":  "Unesite svoje prezime",
                   "ThankYouForRegistering":  "Hvala vam što ste se registrirali za događaj!",
                   "RequiredRegistrationFieldMissing":  "Vašoj registraciji nedostaje obvezna informacija za barem jednog sudionika.",
                   "Sessions":  "Sesije",
                   "AssignedAttendees":  "Registracije",
                   "StartDate":  "Datum početka",
                   "AddSessionToCart":  "Dodaj sesiju",
                   "AddAttendee":  "Dodavanje sudionika",
                   "ChangeLanguage":  "Promijenite jezik",
                   "EmailAddress":  "Adresa e-pošte",
                   "AttendeePassIdNotValid":  "Jedan od sudionika ima nevaljani ulazni ID",
                   "FirstName":  "Ime",
                   "FinalizationAfterTimeLimit":  "Kupnja nije dovršena na vrijeme.",
                   "CopyrightWithParam":  "Autorsko pravo © {0}. Sva prava pridržana.",
                   "RefreshPage":  "Sesija je istekla. Za nastavak rada, osvježite stranicu.",
                   "WaitlistedSessions":  "sesija(e) na listi čekanja",
                   "EventCapacityReached":  "Dosegnut je maksimalni kapacitet događaja.",
                   "CardNumber":  "Broj kartice:",
                   "MaximumCapacityReached":  "Ovaj je događaj prodan, ali se još uvijek možete registrirati na popisu čekanja.",
                   "AutoRegister":  "Automatska registracija",
                   "AttendeeHasWaitlistRegistrationsInfo":  "Ovaj podnositelj registracije nalazi se na listi čekanja za jednu ili više sesija.",
                   "Attendees":  "Sudionici",
                   "EnglishCanada":  "engleski (Kanada)",
                   "RegisterNow":  "Registrirajte se odmah",
                   "Newest":  "Najnovije",
                   "SoldOut":  "Rasprodano",
                   "SessionCartHeader":  "Košarica za kupnju sesije",
                   "SwedishSweden":  "švedski",
                   "Pass":  "Propusnica",
                   "SelectedSessions":  "Odabrane sesije",
                   "Waitlist":  "Popis čekanja",
                   "Name":  "Naziv",
                   "Bulgarian":  "bugarski",
                   "Remove":  "Ukloni",
                   "SponsorName":  "Naziv sponzora",
                   "NoRegistrationsFound":  "Nije pronađena nijedna registracija",
                   "SessionFullyBooked":  "U potpunosti rezervirano",
                   "CancelRegistrationEventMessage":  "Jeste li sigurni da želite otkazati registraciju za {0}?",
                   "NoSessionsAssociated":  "S tom propusnicom nije povezana nijedna sesija.",
                   "RomanianRomania":  "rumunjski",
                   "AnonymousRegistrationNotAllowed":  "Prije nego što se registrirate za ovaj događaj, morate stvoriti račun i prijaviti se.",
                   "Search":  "Pretraživanje",
                   "SignOut":  "Odjava",
                   "NoSessionsAssigned":  "Nije dodijeljena nijedna sesija.",
                   "MyRegistrations":  "Moje registracije",
                   "Cancel":  "Odustani",
                   "SortBy":  "Sortiraj prema",
                   "AddAnotherAttendee":  "Dodavanje drugog sudionika",
                   "CancelPayment":  "Otkazivanje plaćanja",
                   "AttendeeAutoRegistrationInfo":  "Ovaj će sudionik biti automatski registriran čim kapacitet postane dostupan.",
                   "CancelRegistration":  "Otkaži registraciju",
                   "Korean":  "korejski",
                   "Turkish":  "turski",
                   "FrenchFrance":  "francuski (Francuska)",
                   "AdditionalInformationAvailable":  "Dostupne su dodatne informacije",
                   "DiscardChanges":  "Odbaci promjene",
                   "MaximumSessionCapacityReached":  "Ova je sesija prodana.",
                   "MyWaitlistItems":  "Moje stavke na listi čekanja",
                   "Slovak":  "slovački",
                   "AttendeeDetails":  "Pojedinosti o sudioniku",
                   "Polish":  "poljski",
                   "StartTime":  "Vrijeme početka",
                   "EmailInvalid":  "Unesite valjanu adresu e-pošte.",
                   "DisableAutoRegisterRadioButtonText":  "Obavijesti, ali nemoj automatski registrirati kada prostor postane dostupan",
                   "PaymentDetails":  "Pojedinosti o plaćanju",
                   "EnterEmailAddress":  "Unesite svoju adresu e-pošte",
                   "RegisteredSince":  "Registrirano od",
                   "MultiAttendeeRegistrationNotEnabled":  "Registracija više sudionika za taj događaj nije dopuštena.",
                   "ChineseTaiwan":  "kineski (Tajvan)",
                   "Oldest":  "Najstarije",
                   "Home":  "Početna",
                   "Latvian":  "latvijski",
                   "SessionName":  "Naziv sesije",
                   "NoChoice":  "Nema odabira",
                   "Events":  "Događaji",
                   "Russian":  "ruski",
                   "No":  "Ne",
                   "RemoveAttendee":  "Ukloni sudionika",
                   "Estonian":  "estonski",
                   "WaitlistRegistrationNotAllowedErrorMessage":  "Za ovaj događaj ili sesiju nema dostupnih popisa za čekanje.",
                   "Event":  "Događaj",
                   "Copyright":  "Autorsko pravo © 2018. Sva prava pridržana.",
                   "OrderSummary":  "Sažetak narudžbe",
                   "NoSessionsTrack":  "Ovo praćenje sesije nema sesija.",
                   "FinalizationNotEnabled":  "Kako biste koristili tu značajku, morate omogućiti pokaznu potvrdu plaćanja.",
                   "AlreadyRegistered":  "Već registriran",
                   "RegistrationFailed":  "Došlo je do problema pri registraciji",
                   "SessionNotLive":  "Sesija za koju se pokušavate registrirati ne prihvaća nove registracije.",
                   "Danish":  "danski",
                   "Vietnamese":  "vijetnamski",
                   "FirstNameRequired":  "Ime je obvezan podatak.",
                   "EditingWaitlistedAttendee":  "Uređivanje sudionika stavljenih na listu čekanja",
                   "EnterFirstName":  "Unesite svoje ime",
                   "LastName":  "Prezime",
                   "NoWaitlistItemsFound":  "Nisu pronađene stavke na listi čekanja",
                   "Yes":  "Da",
                   "Greek":  "grčki",
                   "SaveChanges":  "Spremi promjene",
                   "EditAttendee":  "Uredi sudionika",
                   "EmailRequired":  "Adresa e-pošte je obvezan podatak.",
                   "NoSessionsEvent":  "Ovaj događaj nema sesija.",
                   "ShowSessions":  "prikaži sesije",
                   "PassInformation":  "Informacije o propusnici",
                   "EventNotFound":  "Događaj za koji se pokušavate registrirati ne postoji.",
                   "AddedSince":  "Dodano od",
                   "Finnish":  "finski",
                   "Chinese":  "kineski (Kina)",
                   "Profile":  "Profil",
                   "NorwegianBokml":  "norveški",
                   "ChineseHongKong":  "kineski (Hong Kong)",
                   "PortuguesePortugal":  "portugalski (Portugal)"
               },
    "isJapanese":  false
}
