﻿{
    "labels":  {
                   "NoSpeakersEvent":  "K tejto udalosti nie sú priradení žiadni prednášajúci.",
                   "EnglishAustralia":  "Angličtina (Austrália)",
                   "Building":  "Budova",
                   "SignIn":  "Prihlásiť sa",
                   "CardHolder":  "Držiteľ karty:",
                   "Lithuanian":  "Litovčina",
                   "InvalidValueForRequiredRegistrationField":  "Vaša registrácia zahŕňa neplatnú hodnotu pre povinné pole.",
                   "EnglishGB":  "Angličtina (VB)",
                   "Tuesday":  "Utorok",
                   "RegisterAttendees":  "Registrovať účastníkov",
                   "GermanGermany":  "Nemčina",
                   "Submit":  "Odoslať",
                   "SessionTracks":  "Zamerania relácií",
                   "CancelRegistrationError":  "Vyskytol sa problém so zrušením registrácie.",
                   "EventRegistrationTitle":  "Registrácia udalosti",
                   "SerbianCyrillic":  "Srbčina (cyrilika)",
                   "FrenchCanada":  "Francúzština (Kanada)",
                   "Basque":  "Baskičtina",
                   "SessionsIncludedInPass":  "Relácie zahrnuté vo vstupenke",
                   "Indonesian":  "Indonézština",
                   "SelectAPass":  "Vybrať vstupenku",
                   "Galician":  "Galícijčina",
                   "RegistrationConfirmation":  "Potvrdenie registrácie",
                   "Croatian":  "Chorvátčina",
                   "Thai":  "Thajčina",
                   "FinalizationNotAllowed":  "Nezadaná zhodná hodnota CAPTCHA. Skúste to znova.",
                   "MaximumNoAttendeesReached":  "Táto udalosť je vypredaná.",
                   "WebsiteColon":  "Webová lokalita:",
                   "Friday":  "Piatok",
                   "OnlyWaitlistRegistrationPossibleText":  "Nové registrujúce subjekty budú pridané na zoznam čakateľov pre túto reláciu.",
                   "EditingAttendee":  "Úprava účastníka",
                   "Register":  "Registrovať",
                   "ArabicSaudiArabia":  "Arabčina",
                   "WaitForRegistrationsToAppear":  "Upozorňujeme, že pri spracovaní vašich registrácií môže dôjsť k oneskoreniu.",
                   "EndTime":  "Čas skončenia",
                   "MyAccount":  "Moje konto",
                   "RequestTimedOut":  "Spracovanie vašej registrácie trvalo príliš dlho. Skúste to znova.",
                   "Hungarian":  "Maďarčina",
                   "NoSponsorshipsEvent":  "K tejto udalosti nie sú žiadni sponzori.",
                   "AvailableEvents":  "Dostupné udalosti",
                   "Wednesday":  "Streda",
                   "EventName":  "Názov udalosti",
                   "Sunday":  "Nedeľa",
                   "LastNameRequired":  "Vyžaduje sa priezvisko.",
                   "RemoveMessage":  "Naozaj chcete odstrániť {0} {1}?",
                   "Japanese":  "Japončina",
                   "AttendeeSessionIdNotValid":  "Jeden z účastníkov má neplatné ID vstupenky",
                   "Email":  "E-mail",
                   "NoSessionTracksEvent":  "K tejto udalosti nie sú žiadne stopy relácie.",
                   "AZ":  "A – Z",
                   "AnonymousAccessNotAllowedError":  "Pred pokračovaním sa musíte prihlásiť.",
                   "EventCapacityExceeding":  "Nemôžete zaregistrovať také množstvo účastníkov, pretože by došlo k prekročeniu maximálnej kapacity udalosti.",
                   "PassPrice":  "Cena vstupenky",
                   "ZA":  "Z – A",
                   "PortugueseBrazil":  "Portugalčina (Brazília)",
                   "AttendeeInformation":  "Informácie o účastníkoch",
                   "EmulatePayment":  "Emulácia platby",
                   "Session":  "Relácia",
                   "Speakers":  "Prednášajúci",
                   "EnglishUS":  "Angličtina (USA)",
                   "Processing":  "Spracúva sa",
                   "BlogColon":  "Blog:",
                   "TooManyAttendees":  "Naraz môžete zaregistrovať maximálne 50 účastníkov. Ak potrebujete zaregistrovať viac účastníkov, vytvorte ďalšie registrácie.",
                   "RemoveSession":  "Odstrániť reláciu",
                   "SerbianLatin":  "Srbčina (latinka)",
                   "Catalan":  "Katalánčina",
                   "EventNotLive":  "Udalosť, na ktorú sa pokúšate zaregistrovať, neprijíma nové registrácie.",
                   "Ukrainian":  "Ukrajinčina",
                   "Slovenian":  "Slovinčina",
                   "Saturday":  "Sobota",
                   "SignInForEditingAttendee":  "Prihlásiť sa na registráciu udalosti",
                   "Checkout":  "Pokladňa",
                   "Registration":  "Registrácia",
                   "Czech":  "Čeština",
                   "FinishRegistration":  "Dokončiť registráciu",
                   "SpanishSpain":  "Španielčina (Španielsko)",
                   "EndDate":  "Dátum ukončenia",
                   "WaitlistedAttendees":  "Účastníci na zozname čakateľov",
                   "Description":  "Popis:",
                   "ItalianItaly":  "Taliančina",
                   "DemoPaymentGatewayPageTitle":  "Ukážka platobnej brány",
                   "BroughtToYouBy":  "Priniesol vám",
                   "DutchNetherlands":  "Holandčina",
                   "EnableAutoRegisterRadioButtonText":  "Automaticky zaregistrovať a upozorniť, keď bude dostupné miesto",
                   "Hebrew":  "Hebrejčina",
                   "Amount":  "Suma:",
                   "CommunicationError":  "Pri komunikácii so serverom sa vyskytla chyba.",
                   "AddAttendeeToWaitlist":  "Pridať účastníka do zoznamu čakateľov",
                   "InsufficentNumberOfPasses":  "Nákup nemožno uzavrieť, pretože nie je k dispozícii dostatok vstupeniek.",
                   "Monday":  "Pondelok",
                   "NoPassesEvent":  "K tejto udalosti nie sú žiadne vstupenky.",
                   "Thursday":  "Štvrtok",
                   "EnterLastName":  "Zadajte svoje priezvisko",
                   "ThankYouForRegistering":  "Ďakujeme vám za zaregistrovanie sa na túto udalosť.",
                   "RequiredRegistrationFieldMissing":  "Vo vašej registrácii chýbajú požadované informácie pre najmenej jedného účastníka.",
                   "Sessions":  "Relácie",
                   "AssignedAttendees":  "Registrácie",
                   "StartDate":  "Dátum začatia",
                   "AddSessionToCart":  "Pridať reláciu",
                   "AddAttendee":  "Pridať účastníka",
                   "ChangeLanguage":  "Zmeniť jazyk",
                   "EmailAddress":  "E-mailová adresa",
                   "AttendeePassIdNotValid":  "Jeden z účastníkov má neplatné ID vstupenky ",
                   "FirstName":  "Krstné meno",
                   "FinalizationAfterTimeLimit":  "Nákup nebol dokončený včas.",
                   "CopyrightWithParam":  "Copyright © {0}. Všetky práva vyhradené.",
                   "RefreshPage":  "Platnosť relácie uplynula. Ak chcete pokračovať, obnovte stránku.",
                   "WaitlistedSessions":  "relácia (relácie) so zoznamom čakateľov",
                   "EventCapacityReached":  "Dosiahla sa maximálna kapacita udalosti.",
                   "CardNumber":  "Číslo karty:",
                   "MaximumCapacityReached":  "Táto udalosť je vypredaná, no napriek tomu sa stále môžete zaregistrovať do zoznamu čakateľov. ",
                   "AutoRegister":  "Automatická registrácia",
                   "AttendeeHasWaitlistRegistrationsInfo":  "Táto registrovaná osoba sa nachádza na zozname čakateľov jednej alebo viacerých relácií.",
                   "Attendees":  "Účastníci",
                   "EnglishCanada":  "Angličtina (Kanada)",
                   "RegisterNow":  "Zaregistrovať teraz",
                   "Newest":  "Najnovšie",
                   "SoldOut":  "Vypredané",
                   "SessionCartHeader":  "Nákupný košík relácie",
                   "SwedishSweden":  "Švédčina",
                   "Pass":  "Vstupenka",
                   "SelectedSessions":  "Vybraté relácie",
                   "Waitlist":  "Zoznam čakateľov",
                   "Name":  "Názov",
                   "Bulgarian":  "Bulharčina",
                   "Remove":  "Odstrániť",
                   "SponsorName":  "Názov sponzora",
                   "NoRegistrationsFound":  "Nenašli sa žiadne registrácie",
                   "SessionFullyBooked":  "Rezervovaná celá kapacita",
                   "CancelRegistrationEventMessage":  "Naozaj chcete zrušiť registráciu v udalosti {0}?",
                   "NoSessionsAssociated":  "Neexistujú žiadne relácie priradené k tejto vstupenke.",
                   "RomanianRomania":  "Rumunčina",
                   "AnonymousRegistrationNotAllowed":  "Pred zaregistrovaním sa v tejto udalosti musíte vytvoriť účet a prihlásiť sa.",
                   "Search":  "Hľadať",
                   "SignOut":  "Odhlásiť sa",
                   "NoSessionsAssigned":  "K dispozícii nie sú žiadne priradené relácie.",
                   "MyRegistrations":  "Moje registrácie",
                   "Cancel":  "Zrušiť",
                   "SortBy":  "Zoradiť podľa",
                   "AddAnotherAttendee":  "Pridať ďalšieho účastníka",
                   "CancelPayment":  "Zrušiť platbu",
                   "AttendeeAutoRegistrationInfo":  "Tento účastník sa automaticky zaregistruje, len čo bude k dispozícii dostatočná kapacita.",
                   "CancelRegistration":  "Zrušiť registráciu",
                   "Korean":  "Kórejčina",
                   "Turkish":  "Turečtina",
                   "FrenchFrance":  "Francúzština (Francúzsko)",
                   "AdditionalInformationAvailable":  "K dispozícii sú ďalšie informácie",
                   "DiscardChanges":  "Zahodiť zmeny",
                   "MaximumSessionCapacityReached":  "Táto relácia je vypredaná.",
                   "MyWaitlistItems":  "Moje položky zoznamu čakateľov",
                   "Slovak":  "Slovenčina",
                   "AttendeeDetails":  "Podrobnosti o účastníkovi",
                   "Polish":  "Poľština",
                   "StartTime":  "Čas začatia",
                   "EmailInvalid":  "Zadajte platnú e-mailovú adresu.",
                   "DisableAutoRegisterRadioButtonText":  "Upozorniť, no automaticky neregistrovať, keď bude dostupné miesto",
                   "PaymentDetails":  "Podrobnosti o platbe",
                   "EnterEmailAddress":  "Zadajte svoju e-mailovú adresu",
                   "RegisteredSince":  "Zaregistrované od",
                   "MultiAttendeeRegistrationNotEnabled":  "Táto udalosť neumožňuje registráciu viacerých účastníkov.",
                   "ChineseTaiwan":  "Čínština (Taiwan)",
                   "Oldest":  "Najstaršie",
                   "Home":  "Domov",
                   "Latvian":  "Lotyština",
                   "SessionName":  "Názov relácie",
                   "NoChoice":  "Bez voľby",
                   "Events":  "Udalosti",
                   "Russian":  "Ruština",
                   "No":  "Nie",
                   "RemoveAttendee":  "Odstrániť účastníka",
                   "Estonian":  "Estónčina",
                   "WaitlistRegistrationNotAllowedErrorMessage":  "Pre túto udalosť alebo reláciu nie je k dispozícii žiadny zoznam čakateľov.",
                   "Event":  "Udalosť",
                   "Copyright":  "Copyright © 2018. Všetky práva vyhradené.",
                   "OrderSummary":  "Súhrn objednávok",
                   "NoSessionsTrack":  "K tejto stope relácie nie sú žiadne relácie.",
                   "FinalizationNotEnabled":  "Pred použitím tejto funkcie musíte povoliť potvrdenie ukážkovej platby.",
                   "AlreadyRegistered":  "Už zaregistrované",
                   "RegistrationFailed":  "Vyskytol sa problém s registráciou",
                   "SessionNotLive":  "Relácia, na ktorú sa pokúšate zaregistrovať, neprijíma nové registrácie.",
                   "Danish":  "Dánčina",
                   "Vietnamese":  "Vietnamčina",
                   "FirstNameRequired":  "Vyžaduje sa krstné meno.",
                   "EditingWaitlistedAttendee":  "Úprava účastníka na zozname čakateľov",
                   "EnterFirstName":  "Zadajte svoje krstné meno",
                   "LastName":  "Priezvisko",
                   "NoWaitlistItemsFound":  "Nenašli sa žiadne položky zoznamu čakateľov",
                   "Yes":  "Áno",
                   "Greek":  "Gréčtina",
                   "SaveChanges":  "Uložiť zmeny",
                   "EditAttendee":  "Upraviť účastníka",
                   "EmailRequired":  "Vyžaduje sa e-mail.",
                   "NoSessionsEvent":  "K tejto udalosti nie sú žiadne relácie.",
                   "ShowSessions":  "zobraziť relácie",
                   "PassInformation":  "Informácie o vstupenke",
                   "EventNotFound":  "Udalosť, na ktorú sa pokúšate zaregistrovať, neexistuje.",
                   "AddedSince":  "Pridané od",
                   "Finnish":  "Fínčina",
                   "Chinese":  "Čínština (Čína)",
                   "Profile":  "Profil",
                   "NorwegianBokml":  "Nórčina",
                   "ChineseHongKong":  "Čínština (Hongkong)",
                   "PortuguesePortugal":  "Portugalčina (Portugalsko)"
               },
    "isJapanese":  false
}
