﻿{
    "labels":  {
                   "NoSpeakersEvent":  "Inga talare har tilldelats det här eventet.",
                   "EnglishAustralia":  "Engelska (Australien)",
                   "Building":  "Byggnad",
                   "SignIn":  "Logga in",
                   "CardHolder":  "Kortinnehavare:",
                   "Lithuanian":  "Litauiska",
                   "InvalidValueForRequiredRegistrationField":  "Din registrering innehåller ett ogiltigt värde för ett obligatoriskt fält.",
                   "EnglishGB":  "Engelska (Storbritannien)",
                   "Tuesday":  "Tisdag",
                   "RegisterAttendees":  "Registrera deltagare",
                   "GermanGermany":  "Tyska",
                   "Submit":  "Skicka",
                   "SessionTracks":  "Sessionsspår",
                   "CancelRegistrationError":  "Ett problem uppstod när registreringen avbröts.",
                   "EventRegistrationTitle":  "Eventregistrering",
                   "SerbianCyrillic":  "Serbiska (kyrillisk)",
                   "FrenchCanada":  "Franska (Kanada)",
                   "Basque":  "Baskiska",
                   "SessionsIncludedInPass":  "Sessioner som ingår i passet",
                   "Indonesian":  "Indonesiska",
                   "SelectAPass":  "Välj ett pass",
                   "Galician":  "Galiciska",
                   "RegistrationConfirmation":  "Registreringsbekräftelse",
                   "Croatian":  "Kroatiska",
                   "Thai":  "Thailändska",
                   "FinalizationNotAllowed":  "CAPTCHA-värdet matchar inte. Försök igen.",
                   "MaximumNoAttendeesReached":  "Den här händelsen är slutsåld.",
                   "WebsiteColon":  "Webbplats:",
                   "Friday":  "Fredag",
                   "OnlyWaitlistRegistrationPossibleText":  "Nya personer som registrerar sig läggs till på väntelistan för den här sessionen.",
                   "EditingAttendee":  "Redigerar deltagare",
                   "Register":  "Registrera dig",
                   "ArabicSaudiArabia":  "Arabiska",
                   "WaitForRegistrationsToAppear":  "Observera att det kan uppstå en fördröjning vid bearbetningen av dina registreringar.",
                   "EndTime":  "Sluttid",
                   "MyAccount":  "Mitt konto",
                   "RequestTimedOut":  "Din registrering tog för lång tid att bearbeta. Försök igen.",
                   "Hungarian":  "Ungerska",
                   "NoSponsorshipsEvent":  "Det finns inga sponsorer för det här eventet.",
                   "AvailableEvents":  "Tillgängliga event",
                   "Wednesday":  "Onsdag",
                   "EventName":  "Eventets namn",
                   "Sunday":  "Söndag",
                   "LastNameRequired":  "Efternamn krävs.",
                   "RemoveMessage":  "Vill du ta bort {0} {1}?",
                   "Japanese":  "Japanska",
                   "AttendeeSessionIdNotValid":  "En av deltagarna har ett ogiltigt pass-ID",
                   "Email":  "E-post",
                   "NoSessionTracksEvent":  "Det finns inga sessionsspår för det här eventet.",
                   "AZ":  "A–Z",
                   "AnonymousAccessNotAllowedError":  "Du måste logga in för att fortsätta.",
                   "EventCapacityExceeding":  "Du kan inte registrera så många deltagare eftersom det går över den maximala eventkapaciteten.",
                   "PassPrice":  "Pris för pass",
                   "ZA":  "Z–A",
                   "PortugueseBrazil":  "Portugisiska (Brasilien)",
                   "AttendeeInformation":  "Information om deltagare",
                   "EmulatePayment":  "Emulera betalning",
                   "Session":  "Session",
                   "Speakers":  "Talare",
                   "EnglishUS":  "English (USA)",
                   "Processing":  "Bearbetar",
                   "BlogColon":  "Blogg:",
                   "TooManyAttendees":  "Du kan bara registrera upp till 50 deltagare åt gången. Skapa ytterligare registreringar om du behöver registrera fler än 50 deltagare.",
                   "RemoveSession":  "Ta bort sessionen",
                   "SerbianLatin":  "Serbiska (latin)",
                   "Catalan":  "Katalanska",
                   "EventNotLive":  "Händelsen som du försöker registrera dig för accepterar inga nya registreringar.",
                   "Ukrainian":  "Ukrainska",
                   "Slovenian":  "Slovenska",
                   "Saturday":  "Lördag",
                   "SignInForEditingAttendee":  "Logga in för eventregistrering",
                   "Checkout":  "Utcheckning",
                   "Registration":  "Registrering",
                   "Czech":  "Tjeckiska",
                   "FinishRegistration":  "Avsluta registrering",
                   "SpanishSpain":  "Spanska (Spanien)",
                   "EndDate":  "Slutdatum",
                   "WaitlistedAttendees":  "Deltagare på väntelista",
                   "Description":  "Beskrivning:",
                   "ItalianItaly":  "Italienska",
                   "DemoPaymentGatewayPageTitle":  "Demo för betalningsgateway",
                   "BroughtToYouBy":  "Från",
                   "DutchNetherlands":  "Nederländska",
                   "EnableAutoRegisterRadioButtonText":  "Registrera automatiskt och meddela när det finns en plats ledig",
                   "Hebrew":  "Hebreiska",
                   "Amount":  "Belopp:",
                   "CommunicationError":  "Det har uppstått ett kommunikationsfel med servern.",
                   "AddAttendeeToWaitlist":  "Lägg till deltagare på väntelista",
                   "InsufficentNumberOfPasses":  "Det finns inte tillräckligt med pass kvar för att du ska kunna slutföra köpet.",
                   "Monday":  "Måndag",
                   "NoPassesEvent":  "Det finns inga pass för det här eventet.",
                   "Thursday":  "Torsdag",
                   "EnterLastName":  "Ange ditt efternamn",
                   "ThankYouForRegistering":  "Tack för att du registrerar dig för eventet.",
                   "RequiredRegistrationFieldMissing":  "Din registrering saknar obligatorisk information för minst en deltagare.",
                   "Sessions":  "Sessioner",
                   "AssignedAttendees":  "Registreringar",
                   "StartDate":  "Startdatum",
                   "AddSessionToCart":  "Lägg till session",
                   "AddAttendee":  "Lägg till deltagare",
                   "ChangeLanguage":  "Ändra språk",
                   "EmailAddress":  "E-postadress",
                   "AttendeePassIdNotValid":  "En av deltagarna har ett ogiltigt pass-ID. ",
                   "FirstName":  "Förnamn",
                   "FinalizationAfterTimeLimit":  "Köpet slutfördes inte i tid.",
                   "CopyrightWithParam":  "Copyright © {0}. Med ensamrätt.",
                   "RefreshPage":  "Sessionen har upphört. Uppdatera sidan om du vill fortsätta.",
                   "WaitlistedSessions":  "session(er) med väntelista",
                   "EventCapacityReached":  "Den maximala eventkapaciteten har uppnåtts.",
                   "CardNumber":  "Kortnummer:",
                   "MaximumCapacityReached":  "Det här eventet är utsålt men du kan fortfarande registrera dig för väntelistan. ",
                   "AutoRegister":  "Registrera dig automatiskt",
                   "AttendeeHasWaitlistRegistrationsInfo":  "Den här registrerade finns på väntelistan för en eller flera sessioner.",
                   "Attendees":  "Deltagare",
                   "EnglishCanada":  "Engelska (Kanada)",
                   "RegisterNow":  "Registrera dig nu",
                   "Newest":  "Nyast",
                   "SoldOut":  "Utsålt",
                   "SessionCartHeader":  "Sessionskort",
                   "SwedishSweden":  "Svenska",
                   "Pass":  "Pass",
                   "SelectedSessions":  "Valda sessioner",
                   "Waitlist":  "Väntelista",
                   "Name":  "Namn",
                   "Bulgarian":  "Bulgariska",
                   "Remove":  "Ta bort",
                   "SponsorName":  "Sponsorns namn",
                   "NoRegistrationsFound":  "Inga registreringar hittades",
                   "SessionFullyBooked":  "Helt bokad",
                   "CancelRegistrationEventMessage":  "Vill du avbryta registreringen för {0}?",
                   "NoSessionsAssociated":  "Det finns inga sessioner associerade med detta pass.",
                   "RomanianRomania":  "Rumänska",
                   "AnonymousRegistrationNotAllowed":  "Du måste skapa ett konto och logga in innan du kan registrera dig för den här händelsen.",
                   "Search":  "Sök",
                   "SignOut":  "Logga ut",
                   "NoSessionsAssigned":  "Det finns inga sessioner tilldelade.",
                   "MyRegistrations":  "Mina registreringar",
                   "Cancel":  "Avbryt",
                   "SortBy":  "Sortera efter",
                   "AddAnotherAttendee":  "Lägg till ytterligare en deltagare",
                   "CancelPayment":  "Annullera betalning",
                   "AttendeeAutoRegistrationInfo":  "Den här deltagaren registreras automatiskt så snart det finns ledig kapacitet.",
                   "CancelRegistration":  "Avbryt registrering",
                   "Korean":  "Koreanska",
                   "Turkish":  "Turkiska",
                   "FrenchFrance":  "Franska (Frankrike)",
                   "AdditionalInformationAvailable":  "Ytterligare information finns",
                   "DiscardChanges":  "Ignorera ändringar",
                   "MaximumSessionCapacityReached":  "Den här sessionen är slutsåld.",
                   "MyWaitlistItems":  "Mina objekt på väntelista",
                   "Slovak":  "Slovakiska",
                   "AttendeeDetails":  "Information om deltagare",
                   "Polish":  "Polska",
                   "StartTime":  "Starttid",
                   "EmailInvalid":  "Ange en giltig e-postadress.",
                   "DisableAutoRegisterRadioButtonText":  "Meddela, men registrera inte automatiskt, när det finns en plats ledig",
                   "PaymentDetails":  "Betalningsinformation",
                   "EnterEmailAddress":  "Ange din e-postadress",
                   "RegisteredSince":  "Registrerad sedan",
                   "MultiAttendeeRegistrationNotEnabled":  "Den här händelsen tillåter inte registrering av flera deltagare.",
                   "ChineseTaiwan":  "Kinesiska (Taiwan)",
                   "Oldest":  "Äldst",
                   "Home":  "Startsida",
                   "Latvian":  "Lettiska",
                   "SessionName":  "Sessionsnamn",
                   "NoChoice":  "Inga val",
                   "Events":  "Event",
                   "Russian":  "Ryska",
                   "No":  "Nej",
                   "RemoveAttendee":  "Ta bort deltagare",
                   "Estonian":  "Estniska",
                   "WaitlistRegistrationNotAllowedErrorMessage":  "Det finns ingen väntelista för händelsen eller sessionen.",
                   "Event":  "Event",
                   "Copyright":  "Copyright © 2018. Med ensamrätt.",
                   "OrderSummary":  "Sammanfattning av beställning",
                   "NoSessionsTrack":  "Det finns inga sessioner för det här sessionsspåret.",
                   "FinalizationNotEnabled":  "Du måste aktivera demonstrationen av betalningsbekräftelse för att kunna använda den här funktionen.",
                   "AlreadyRegistered":  "Är redan registrerad",
                   "RegistrationFailed":  "Ett problem uppstod med registreringen",
                   "SessionNotLive":  "Sessionen som du försöker registrera dig för accepterar inga nya registreringar.",
                   "Danish":  "Danska",
                   "Vietnamese":  "Vietnamesiska",
                   "FirstNameRequired":  "Förnamn krävs.",
                   "EditingWaitlistedAttendee":  "Redigerar deltagare på väntelista",
                   "EnterFirstName":  "Ange ditt förnamn",
                   "LastName":  "Efternamn",
                   "NoWaitlistItemsFound":  "Det finns inga objekt på väntelistan",
                   "Yes":  "Ja",
                   "Greek":  "Grekiska",
                   "SaveChanges":  "Spara ändringar",
                   "EditAttendee":  "Redigera deltagare",
                   "EmailRequired":  "E-postadress krävs.",
                   "NoSessionsEvent":  "Det finns inga sessioner för det här eventet.",
                   "ShowSessions":  "visa sessioner",
                   "PassInformation":  "Passinformation",
                   "EventNotFound":  "Du försöker registrera dig för en händelse som inte finns.",
                   "AddedSince":  "Tillagd sedan",
                   "Finnish":  "Finska",
                   "Chinese":  "Kinesiska (Kina)",
                   "Profile":  "Profil",
                   "NorwegianBokml":  "Norska",
                   "ChineseHongKong":  "Kinesiska (Hongkong)",
                   "PortuguesePortugal":  "Portugisiska (Portugal)"
               },
    "isJapanese":  false
}
