﻿{
    "labels":  {
                   "NoSpeakersEvent":  "เหตุการณ์นี้ไม่ได้รับมอบหมายผู้พูดใดๆ",
                   "EnglishAustralia":  "อังกฤษ (ออสเตรเลีย)",
                   "Building":  "อาคาร",
                   "SignIn":  "ลงชื่อเข้าใช้",
                   "CardHolder":  "ผู้ถือบัตร:",
                   "Lithuanian":  "ลิทัวเนีย",
                   "InvalidValueForRequiredRegistrationField":  "การลงทะเบียนของคุณมีค่าที่ไม่ถูกต้องสำหรับฟิลด์ที่ต้องระบุ",
                   "EnglishGB":  "อังกฤษ (GB)",
                   "Tuesday":  "วันอังคาร",
                   "RegisterAttendees":  "ลงทะเบียนผู้เข้าร่วม",
                   "GermanGermany":  "เยอรมัน",
                   "Submit":  "ส่ง",
                   "SessionTracks":  "แทร็กเซสชัน",
                   "CancelRegistrationError":  "มีปัญหาในการยกเลิกการลงทะเบียน",
                   "EventRegistrationTitle":  "การลงทะเบียนเหตุการณ์",
                   "SerbianCyrillic":  "เซอร์เบีย (ซิริลลิก)",
                   "FrenchCanada":  "ฝรั่งเศส (แคนาดา)",
                   "Basque":  "บาสก์",
                   "SessionsIncludedInPass":  "เซสชันที่รวมในบัตรผ่าน",
                   "Indonesian":  "อินโดนีเซีย",
                   "SelectAPass":  "เลือกบัตรผ่าน",
                   "Galician":  "กาลิเชีย",
                   "RegistrationConfirmation":  "การยืนยันการลงทะเบียน",
                   "Croatian":  "โครเอเชีย",
                   "Thai":  "ไทย",
                   "FinalizationNotAllowed":  "ค่า CAPTCHA ที่คุณระบุไม่ตรงกัน โปรดลองอีกครั้ง",
                   "MaximumNoAttendeesReached":  "เหตุการณ์นี้จำหน่ายหมดแล้ว",
                   "WebsiteColon":  "เว็บไซต์:",
                   "Friday":  "วันศุกร์",
                   "OnlyWaitlistRegistrationPossibleText":  "ผู้ลงทะเบียนใหม่จะได้รับการเพิ่มลงในรายการรอสำหรับเซสชันนี้",
                   "EditingAttendee":  "การแก้ไขผู้เข้าร่วม",
                   "Register":  "ลงทะเบียน",
                   "ArabicSaudiArabia":  "อาหรับ",
                   "WaitForRegistrationsToAppear":  "โปรดทราบว่าอาจมีความล่าช้าในการดำเนินการลงทะเบียนของคุณ",
                   "EndTime":  "เวลาสิ้นสุด",
                   "MyAccount":  "บัญชีของฉัน",
                   "RequestTimedOut":  "การลงทะเบียนของคุณใช้เวลาดำเนินการนานเกินไป โปรดลองอีกครั้ง",
                   "Hungarian":  "ฮังการี",
                   "NoSponsorshipsEvent":  "เหตุการณ์นี้ไม่มีผู้สนับสนุนใดๆ",
                   "AvailableEvents":  "เหตุการณ์ที่มีอยู่",
                   "Wednesday":  "วันพุธ",
                   "EventName":  "ชื่อเหตุการณ์",
                   "Sunday":  "วันอาทิตย์",
                   "LastNameRequired":  "ต้องระบุนามสกุล",
                   "RemoveMessage":  "คุณแน่ใจหรือไม่ว่าต้องการนำ {0} {1} ออก",
                   "Japanese":  "ญี่ปุ่น",
                   "AttendeeSessionIdNotValid":  "หนึ่งในผู้เข้าร่วมมีรหัสบัตรผ่านที่ไม่ถูกต้อง",
                   "Email":  "อีเมล",
                   "NoSessionTracksEvent":  "เหตุการณ์นี้ไม่มีแทร็กเซสชันใดๆ",
                   "AZ":  "A-Z",
                   "AnonymousAccessNotAllowedError":  "คุณต้องลงชื่อเข้าใช้เพื่อดำเนินการต่อ",
                   "EventCapacityExceeding":  "คุณไม่สามารถลงทะเบียนผู้เข้าร่วมจำนวนมากได้เนื่องจากเกินจำนวนที่รองรับสูงสุดของเหตุการณ์",
                   "PassPrice":  "ราคาบัตรผ่าน",
                   "ZA":  "Z-A",
                   "PortugueseBrazil":  "โปรตุเกส (บราซิล)",
                   "AttendeeInformation":  "ข้อมูลผู้เข้าร่วม",
                   "EmulatePayment":  "จำลองการชำระเงิน",
                   "Session":  "เซสชัน",
                   "Speakers":  "ผู้พูด",
                   "EnglishUS":  "อังกฤษ (US)",
                   "Processing":  "กำลังดำเนินการ",
                   "BlogColon":  "บล็อก:",
                   "TooManyAttendees":  "คุณสามารถลงทะเบียนผู้เข้าร่วมได้สูงสุดครั้งละ 50 คน โปรดสร้างการลงทะเบียนเพิ่มเติมหากคุณจำเป็นต้องลงทะเบียนผู้เข้าร่วมมากกว่านี้",
                   "RemoveSession":  "ลบเซสชันออก",
                   "SerbianLatin":  "เซอร์เบีย (ละติน)",
                   "Catalan":  "คาตาลัน",
                   "EventNotLive":  "เหตุการณ์ที่คุณพยายามลงทะเบียนไม่ยอมรับการลงทะเบียนใหม่",
                   "Ukrainian":  "ยูเครน",
                   "Slovenian":  "สโลวีเนีย",
                   "Saturday":  "วันเสาร์",
                   "SignInForEditingAttendee":  "ลงชื่อเข้าใช้เพื่อลงทะเบียนเหตุการณ์",
                   "Checkout":  "เช็คเอาท์",
                   "Registration":  "การลงทะเบียน",
                   "Czech":  "เช็ก",
                   "FinishRegistration":  "เสร็จสิ้นการลงทะเบียน",
                   "SpanishSpain":  "สเปน (สเปน)",
                   "EndDate":  "วันที่สิ้นสุด",
                   "WaitlistedAttendees":  "ผู้เข้าร่วมในรายการรอ",
                   "Description":  "คำอธิบาย:",
                   "ItalianItaly":  "อิตาลี",
                   "DemoPaymentGatewayPageTitle":  "เกตเวย์การชำระเงินสาธิต",
                   "BroughtToYouBy":  "ให้บริการคุณโดย",
                   "DutchNetherlands":  "ดัตช์",
                   "EnableAutoRegisterRadioButtonText":  "ลงทะเบียนอัตโนมัติและแจ้งให้ทราบเมื่อมีที่ว่าง",
                   "Hebrew":  "ฮิบรู",
                   "Amount":  "จำนวนเงิน:",
                   "CommunicationError":  "เรากำลังประสบปัญหาในการสื่อสารกับเซิร์ฟเวอร์",
                   "AddAttendeeToWaitlist":  "เพิ่มผู้เข้าร่วมในรายการรอ",
                   "InsufficentNumberOfPasses":  "ไม่มีบัตรผ่านคงเหลือเพียงพอที่จะทำให้การซื้อของคุณเสร็จสมบูรณ์",
                   "Monday":  "วันจันทร์",
                   "NoPassesEvent":  "เหตุการณ์นี้ไม่มีบัตรผ่านใดๆ",
                   "Thursday":  "วันพฤหัสบดี",
                   "EnterLastName":  "ใส่นามสกุลของคุณ",
                   "ThankYouForRegistering":  "ขอบคุณที่ลงทะเบียนเข้าร่วมเหตุการณ์",
                   "RequiredRegistrationFieldMissing":  "การลงทะเบียนของคุณไม่มีข้อมูลที่ต้องระบุสำหรับผู้เข้าร่วมอย่างน้อยหนึ่งราย",
                   "Sessions":  "เซสชัน",
                   "AssignedAttendees":  "การลงทะเบียน",
                   "StartDate":  "วันที่เริ่มต้น",
                   "AddSessionToCart":  "เพิ่มเซสชัน",
                   "AddAttendee":  "เพิ่มผู้เข้าร่วม",
                   "ChangeLanguage":  "เปลี่ยนแปลงภาษา",
                   "EmailAddress":  "ที่อยู่อีเมล",
                   "AttendeePassIdNotValid":  "หนึ่งในผู้เข้าร่วมมีรหัสบัตรผ่านที่ไม่ถูกต้อง ",
                   "FirstName":  "ชื่อ",
                   "FinalizationAfterTimeLimit":  "การซื้อไม่เสร็จสมบูรณ์ในเวลาที่กำหนด",
                   "CopyrightWithParam":  "ลิขสิทธิ์ © {0} สงวนลิขสิทธิ์",
                   "RefreshPage":  "เซสชันของคุณหมดอายุแล้ว โปรดรีเฟรชเพจเพื่อดำเนินการต่อ",
                   "WaitlistedSessions":  "เซสชันที่มีรายการรอ",
                   "EventCapacityReached":  "เหตุการณ์ได้มาถึงจำนวนที่รองรับสูงสุดแล้ว",
                   "CardNumber":  "หมายเลขบัตร:",
                   "MaximumCapacityReached":  "เหตุการณ์นี้จำหน่ายหมดแล้ว แต่คุณยังคงสามารถลงทะเบียนสำหรับรายการรอได้ ",
                   "AutoRegister":  "ลงทะเบียนอัตโนมัติ",
                   "AttendeeHasWaitlistRegistrationsInfo":  "การลงทะเบียนนี้อยู่ในรายการรอสำหรับเซสชันอย่างน้อยหนึ่งรายการ",
                   "Attendees":  "ผู้เข้าร่วม",
                   "EnglishCanada":  "อังกฤษ (แคนาดา)",
                   "RegisterNow":  "ลงทะเบียนตอนนี้",
                   "Newest":  "ใหม่ที่สุด",
                   "SoldOut":  "จำหน่ายหมด",
                   "SessionCartHeader":  "รถเข็นของเซสชัน",
                   "SwedishSweden":  "สวีเดน",
                   "Pass":  "บัตรผ่าน",
                   "SelectedSessions":  "เซสชันที่เลือก",
                   "Waitlist":  "รายการในการรอ",
                   "Name":  "ชื่อ",
                   "Bulgarian":  "บัลแกเรีย",
                   "Remove":  "ลบออก",
                   "SponsorName":  "ชื่อผู้สนับสนุน",
                   "NoRegistrationsFound":  "ไม่พบการลงทะเบียน",
                   "SessionFullyBooked":  "จองไว้ทั้งหมด",
                   "CancelRegistrationEventMessage":  "คุณแน่ใจหรือไม่ว่าต้องการยกเลิกการลงทะเบียนสำหรับ {0}",
                   "NoSessionsAssociated":  "ไม่มีเซสชันที่เชื่อมโยงกับบัตรผ่านนี้",
                   "RomanianRomania":  "โรมาเนีย",
                   "AnonymousRegistrationNotAllowed":  "คุณต้องสร้างบัญชีและลงชื่อเข้าใช้ก่อนจึงจะสามารถลงทะเบียนเข้าร่วมเหตุการณ์นี้",
                   "Search":  "ค้นหา",
                   "SignOut":  "ลงชื่อออก",
                   "NoSessionsAssigned":  "ไม่มีเซสชันที่กำหนด",
                   "MyRegistrations":  "การลงทะเบียนของฉัน",
                   "Cancel":  "ยกเลิก",
                   "SortBy":  "เรียงลำดับตาม",
                   "AddAnotherAttendee":  "เพิ่มผู้เข้าร่วมอื่น",
                   "CancelPayment":  "ยกเลิกการชำระเงิน",
                   "AttendeeAutoRegistrationInfo":  "ผู้เข้าร่วมรายนี้จะได้รับการลงทะเบียนโดยอัตโนมัติทันทีที่จำนวนที่รองรับมีที่ว่าง",
                   "CancelRegistration":  "ยกเลิกการลงทะเบียน",
                   "Korean":  "เกาหลี",
                   "Turkish":  "ตุรกี",
                   "FrenchFrance":  "ฝรั่งเศส (ฝรั่งเศส)",
                   "AdditionalInformationAvailable":  "มีข้อมูลเพิ่มเติม",
                   "DiscardChanges":  "ละทิ้งการเปลี่ยนแปลง",
                   "MaximumSessionCapacityReached":  "เซสชันนี้จำหน่ายหมดแล้ว",
                   "MyWaitlistItems":  "รายการในการรอของฉัน",
                   "Slovak":  "สโลวัก",
                   "AttendeeDetails":  "รายละเอียดผู้เข้าร่วม",
                   "Polish":  "โปแลนด์",
                   "StartTime":  "เวลาเริ่มต้น",
                   "EmailInvalid":  "โปรดป้อนที่อยู่อีเมลที่ถูกต้อง",
                   "DisableAutoRegisterRadioButtonText":  "แจ้งให้ทราบ แต่ไม่ลงทะเบียนอัตโนมัติ เมื่อมีที่ว่าง",
                   "PaymentDetails":  "รายละเอียดการชำระเงิน",
                   "EnterEmailAddress":  "ป้อนที่อยู่อีเมลของคุณ",
                   "RegisteredSince":  "ลงทะเบียนแล้วตั้งแต่",
                   "MultiAttendeeRegistrationNotEnabled":  "เหตุการณ์นี้ไม่อนุญาตให้มีการลงทะเบียนผู้เข้าร่วมหลายคน",
                   "ChineseTaiwan":  "จีน (ไต้หวัน)",
                   "Oldest":  "เก่าที่สุด",
                   "Home":  "หน้าแรก",
                   "Latvian":  "ลัตเวีย",
                   "SessionName":  "ชื่อเซสชัน",
                   "NoChoice":  "ไม่มีตัวเลือก",
                   "Events":  "เหตุการณ์",
                   "Russian":  "รัสเซีย",
                   "No":  "ไม่ใช่",
                   "RemoveAttendee":  "ลบผู้เข้าร่วมออก",
                   "Estonian":  "เอสโตเนีย",
                   "WaitlistRegistrationNotAllowedErrorMessage":  "ไม่มีรายการรอสำหรับเหตุการณ์หรือเซสชันนี้",
                   "Event":  "เหตุการณ์",
                   "Copyright":  "ลิขสิทธิ์ © 2018 สงวนลิขสิทธิ์",
                   "OrderSummary":  "สรุปใบสั่ง",
                   "NoSessionsTrack":  "แทร็กเซสชันนี้ไม่มีเซสชันใดๆ",
                   "FinalizationNotEnabled":  "คุณต้องเลือกเปิดใช้งานการยืนยันการชำระเงินสาธิตเพื่อใช้คุณสมบัตินี้",
                   "AlreadyRegistered":  "ลงทะเบียนแล้ว",
                   "RegistrationFailed":  "มีปัญหากับการลงทะเบียน",
                   "SessionNotLive":  "เซสชันที่คุณพยายามลงทะเบียนไม่ยอมรับการลงทะเบียนใหม่",
                   "Danish":  "เดนมาร์ก",
                   "Vietnamese":  "เวียดนาม",
                   "FirstNameRequired":  "ต้องระบุชื่อ",
                   "EditingWaitlistedAttendee":  "การแก้ไขผู้เข้าร่วมในรายการรอ",
                   "EnterFirstName":  "ป้อนชื่อของคุณ",
                   "LastName":  "นามสกุล",
                   "NoWaitlistItemsFound":  "ไม่พบรายการในการรอ",
                   "Yes":  "ใช่",
                   "Greek":  "กรีก",
                   "SaveChanges":  "บันทึกการเปลี่ยนแปลง",
                   "EditAttendee":  "แก้ไขผู้เข้าร่วม",
                   "EmailRequired":  "ต้องระบุอีเมล",
                   "NoSessionsEvent":  "เหตุการณ์นี้ไม่มีเซสชันใดๆ",
                   "ShowSessions":  "แสดงเซสชัน",
                   "PassInformation":  "ข้อมูลบัตรผ่าน",
                   "EventNotFound":  "ไม่มีเหตุการณ์ที่คุณพยายามลงทะเบียน",
                   "AddedSince":  "เพิ่มแล้วตั้งแต่",
                   "Finnish":  "ฟินแลนด์",
                   "Chinese":  "ภาษาจีน (จีน)",
                   "Profile":  "โปรไฟล์",
                   "NorwegianBokml":  "นอร์เวย์",
                   "ChineseHongKong":  "จีน (ฮ่องกง)",
                   "PortuguesePortugal":  "โปรตุเกส (โปรตุเกส)"
               },
    "isJapanese":  false
}
