﻿{
    "labels":  {
                   "NoSpeakersEvent":  "Bu etkinlikte atanmış hiç konuşmacı yok.",
                   "EnglishAustralia":  "İngilizce (Avustralya)",
                   "Building":  "Bina",
                   "SignIn":  "Oturum aç",
                   "CardHolder":  "Kart sahibi:",
                   "Lithuanian":  "Litvanca",
                   "InvalidValueForRequiredRegistrationField":  "Kaydınız gerekli bir alan için geçersiz bir değer içeriyor.",
                   "EnglishGB":  "İngilizce (İngiltere)",
                   "Tuesday":  "Salı",
                   "RegisterAttendees":  "Katılımcıları kaydet",
                   "GermanGermany":  "Almanca",
                   "Submit":  "Gönder",
                   "SessionTracks":  "Oturum izlemeler",
                   "CancelRegistrationError":  "Kayıt iptal edilirken bir sorun oluştu.",
                   "EventRegistrationTitle":  "Etkinlik kaydı",
                   "SerbianCyrillic":  "Sırpça (Kiril)",
                   "FrenchCanada":  "Fransızca (Kanada)",
                   "Basque":  "Baskça",
                   "SessionsIncludedInPass":  "Geçiş kapsamındaki oturumlar",
                   "Indonesian":  "Endonezce",
                   "SelectAPass":  "Geçiş seç",
                   "Galician":  "Galiçyaca",
                   "RegistrationConfirmation":  "Kayıt onayı",
                   "Croatian":  "Hırvatça",
                   "Thai":  "Tayca",
                   "FinalizationNotAllowed":  "Sağladığınız CAPTCHA değeri eşleşmiyor. Lütfen yeniden deneyin.",
                   "MaximumNoAttendeesReached":  "Bu etkinlikte yer kalmadı.",
                   "WebsiteColon":  "Web Sitesi:",
                   "Friday":  "Cuma",
                   "OnlyWaitlistRegistrationPossibleText":  "Yeni kaydolanlar bu oturumun bekleme listesine eklenecek.",
                   "EditingAttendee":  "Katılımcı düzenleniyor",
                   "Register":  "Kaydol",
                   "ArabicSaudiArabia":  "Arapça",
                   "WaitForRegistrationsToAppear":  "Kayıtlarınızın işlenmesinde bir gecikme olabileceğini lütfen unutmayın.",
                   "EndTime":  "Bitiş saati",
                   "MyAccount":  "Firmam",
                   "RequestTimedOut":  "Kaydınızın işlenmesi çok uzun sürdü. Lütfen tekrar deneyin.",
                   "Hungarian":  "Macarca",
                   "NoSponsorshipsEvent":  "Bu etkinlikte hiç sponsor yok.",
                   "AvailableEvents":  "Uygun etkinlikler",
                   "Wednesday":  "Çarşamba",
                   "EventName":  "Etkinlik adı",
                   "Sunday":  "Pazar",
                   "LastNameRequired":  "Soyadı gereklidir.",
                   "RemoveMessage":  "{0} {1} öğesini kaldırmak istediğinizden emin misiniz?",
                   "Japanese":  "Japonca",
                   "AttendeeSessionIdNotValid":  "Katılımcılardan birinin geçiş kimliği geçersiz",
                   "Email":  "E-posta",
                   "NoSessionTracksEvent":  "Bu etkinlikte hiç oturum izleme yok.",
                   "AZ":  "A-Z",
                   "AnonymousAccessNotAllowedError":  "Devam etmek için oturum açmalısınız.",
                   "EventCapacityExceeding":  "Maksimum etkinlik kapasitesini aşacağından bu kadar fazla katılımcı kaydedemezsiniz.",
                   "PassPrice":  "Geçiş fiyatı",
                   "ZA":  "Z-A",
                   "PortugueseBrazil":  "Portekizce (Brezilya)",
                   "AttendeeInformation":  "Katılımcı bilgileri",
                   "EmulatePayment":  "Ödeme benzetimi",
                   "Session":  "Oturum",
                   "Speakers":  "Konuşmacılar",
                   "EnglishUS":  "İngilizce (ABD)",
                   "Processing":  "İşleniyor",
                   "BlogColon":  "Blog:",
                   "TooManyAttendees":  "Aynı anda en fazla 50 katılımcı kaydedebilirsiniz. Bundan daha fazla katılımcı kaydetmeniz gerekiyorsa lütfen ek kayıtlar oluşturun.",
                   "RemoveSession":  "Oturumu kaldır",
                   "SerbianLatin":  "Sırpça (Latin)",
                   "Catalan":  "Katalanca",
                   "EventNotLive":  "Kaydolmayı denediğiniz etkinlik yeni kayıtları kabul etmiyor.",
                   "Ukrainian":  "Ukraynaca",
                   "Slovenian":  "Slovence",
                   "Saturday":  "Cumartesi",
                   "SignInForEditingAttendee":  "Etkinlik kaydı için oturum aç",
                   "Checkout":  "Kasaya Git",
                   "Registration":  "Kayıt",
                   "Czech":  "Çekçe",
                   "FinishRegistration":  "Kaydı bitir",
                   "SpanishSpain":  "İspanyolca (İspanya)",
                   "EndDate":  "Bitiş tarihi",
                   "WaitlistedAttendees":  "Bekleme listesine eklenen katılımcılar",
                   "Description":  "Açıklama:",
                   "ItalianItaly":  "İtalyanca",
                   "DemoPaymentGatewayPageTitle":  "Demo ödeme ağ geçidi",
                   "BroughtToYouBy":  "Size sunan:",
                   "DutchNetherlands":  "Felemenkçe",
                   "EnableAutoRegisterRadioButtonText":  "Yer açıldığında otomatik olarak kaydet ve bildir",
                   "Hebrew":  "İbranice",
                   "Amount":  "Tutar:",
                   "CommunicationError":  "Sunucuyla iletişim kurmakta sorun yaşıyoruz.",
                   "AddAttendeeToWaitlist":  "Katılımcıyı bekleme listesine ekle",
                   "InsufficentNumberOfPasses":  "Satın alma işleminizi sonuçlandırmak için yeterli geçiş yok.",
                   "Monday":  "Pazartesi",
                   "NoPassesEvent":  "Bu etkinlikte hiç geçiş yok.",
                   "Thursday":  "Perşembe",
                   "EnterLastName":  "Soyadınızı girin",
                   "ThankYouForRegistering":  "Etkinliğe kaydolduğunuz için teşekkürler!",
                   "RequiredRegistrationFieldMissing":  "Kaydınızda en az bir katılımcı için gerekli bilgiler eksik.",
                   "Sessions":  "Oturumlar",
                   "AssignedAttendees":  "Kayıtlar",
                   "StartDate":  "Başlangıç tarihi",
                   "AddSessionToCart":  "Oturum ekle",
                   "AddAttendee":  "Katılımcı ekle",
                   "ChangeLanguage":  "Dili değiştir",
                   "EmailAddress":  "E-posta adresi",
                   "AttendeePassIdNotValid":  "Katılımcılardan birinin geçiş kimliği geçersiz ",
                   "FirstName":  "Ad",
                   "FinalizationAfterTimeLimit":  "Satın alma işlemi zamanında tamamlanmadı.",
                   "CopyrightWithParam":  "Telif Hakkı © {0} Tüm hakları saklıdır.",
                   "RefreshPage":  "Oturumun süresi doldu. Lütfen devam etmek için sayfayı yenileyin.",
                   "WaitlistedSessions":  "bekleme listesine alınan oturumlar",
                   "EventCapacityReached":  "Etkinliğin maksimum kapasitesine ulaşıldı.",
                   "CardNumber":  "Kart numarası:",
                   "MaximumCapacityReached":  "Bu etkinlikte yer kalmadı ancak yine de bekleme listesine kaydolabilirsiniz. ",
                   "AutoRegister":  "Otomatik kaydol",
                   "AttendeeHasWaitlistRegistrationsInfo":  "Bu kayıtlı kişi bir veya daha fazla oturum için bekleme listesinde.",
                   "Attendees":  "Katılımcılar",
                   "EnglishCanada":  "İngilizce (Kanada)",
                   "RegisterNow":  "Şimdi kaydolun",
                   "Newest":  "En Yeni",
                   "SoldOut":  "Yer kalmadı",
                   "SessionCartHeader":  "Oturum sepeti",
                   "SwedishSweden":  "İsveççe",
                   "Pass":  "Geçti",
                   "SelectedSessions":  "Seçili oturumlar",
                   "Waitlist":  "Bekleme Listesi",
                   "Name":  "Ad",
                   "Bulgarian":  "Bulgarca",
                   "Remove":  "Kaldır",
                   "SponsorName":  "Sponsor adı",
                   "NoRegistrationsFound":  "Kayıt bulunamadı",
                   "SessionFullyBooked":  "Tamamen ayrılmış",
                   "CancelRegistrationEventMessage":  "{0} kaydını iptal etmek istediğinizden emin misiniz?",
                   "NoSessionsAssociated":  "Bu geçişle ilişkili oturum yok.",
                   "RomanianRomania":  "Romence",
                   "AnonymousRegistrationNotAllowed":  "Bu etkinlik için kaydolmadan önce bir hesap oluşturmalı ve oturum açmalısınız.",
                   "Search":  "Arama",
                   "SignOut":  "Oturumu kapat",
                   "NoSessionsAssigned":  "Atanmış oturum yok.",
                   "MyRegistrations":  "Kayıtlarım",
                   "Cancel":  "İptal",
                   "SortBy":  "Sıralama ölçütü",
                   "AddAnotherAttendee":  "Başka katılımcı ekle",
                   "CancelPayment":  "Ödemeyi iptal et",
                   "AttendeeAutoRegistrationInfo":  "Bu katılımcı, kapasite kullanıma sunulur sunulmaz otomatik olarak kaydedilecek.",
                   "CancelRegistration":  "Kaydı iptal et",
                   "Korean":  "Korece",
                   "Turkish":  "Türkçe",
                   "FrenchFrance":  "Fransızca (Fransa)",
                   "AdditionalInformationAvailable":  "Ek bilgiler mevcut",
                   "DiscardChanges":  "Değişiklikleri at",
                   "MaximumSessionCapacityReached":  "Bu oturumda yer kalmadı.",
                   "MyWaitlistItems":  "Bekleme listesi öğelerim",
                   "Slovak":  "Slovakça",
                   "AttendeeDetails":  "Katılımcı ayrıntıları",
                   "Polish":  "Lehçe",
                   "StartTime":  "Başlangıç saati",
                   "EmailInvalid":  "Lütfen geçerli bir e-posta adresi girin.",
                   "DisableAutoRegisterRadioButtonText":  "Yer açıldığında bildir ancak otomatik olarak kaydetme",
                   "PaymentDetails":  "Ödeme ayrıntıları",
                   "EnterEmailAddress":  "E-posta adresinizi girin",
                   "RegisteredSince":  "Şu zamandan beri kayıtlı:",
                   "MultiAttendeeRegistrationNotEnabled":  "Bu etkinlik çok katılımcılı kayda izin vermiyor.",
                   "ChineseTaiwan":  "Çince (Tayvan)",
                   "Oldest":  "En Eski",
                   "Home":  "Giriş",
                   "Latvian":  "Letonca",
                   "SessionName":  "Oturum adı",
                   "NoChoice":  "Seçim yok",
                   "Events":  "Etkinlikler",
                   "Russian":  "Rusça",
                   "No":  "Hayır",
                   "RemoveAttendee":  "Katılımcıyı kaldır",
                   "Estonian":  "Estonca",
                   "WaitlistRegistrationNotAllowedErrorMessage":  "Bu etkinlik veya oturum için bekleme listesi yok.",
                   "Event":  "Etkinlik",
                   "Copyright":  "Telif Hakkı © 2018. Tüm hakları saklıdır.",
                   "OrderSummary":  "Sipariş özeti",
                   "NoSessionsTrack":  "Bu oturum izlemede hiç oturum yok.",
                   "FinalizationNotEnabled":  "Bu özelliği kullanmak için demo ödeme onayını etkinleştirmeniz gerekiyor.",
                   "AlreadyRegistered":  "Zaten kayıtlı",
                   "RegistrationFailed":  "Kayıt sırasında bir sorun oluştu",
                   "SessionNotLive":  "Kaydolmayı denediğiniz oturum yeni kayıtları kabul etmiyor.",
                   "Danish":  "Danca",
                   "Vietnamese":  "Vietnamca",
                   "FirstNameRequired":  "Adı gereklidir.",
                   "EditingWaitlistedAttendee":  "Bekleme listesine eklenen katılımcı düzenleniyor",
                   "EnterFirstName":  "Adınızı girin",
                   "LastName":  "Soyadı",
                   "NoWaitlistItemsFound":  "Bekleme listesi öğesi bulunamadı",
                   "Yes":  "Evet",
                   "Greek":  "Yunanca",
                   "SaveChanges":  "Değişiklikleri kaydet",
                   "EditAttendee":  "Katılımcıyı düzenle",
                   "EmailRequired":  "E-posta adresi gereklidir.",
                   "NoSessionsEvent":  "Bu etkinlikte hiç oturum yok.",
                   "ShowSessions":  "oturumları göster",
                   "PassInformation":  "Geçiş bilgileri",
                   "EventNotFound":  "Kayıt olmaya çalıştığınız etkinlik yok.",
                   "AddedSince":  "Ekli olduğu süre",
                   "Finnish":  "Fince",
                   "Chinese":  "Çince (Çin)",
                   "Profile":  "Profil",
                   "NorwegianBokml":  "Norveççe",
                   "ChineseHongKong":  "Çince (Hong Kong)",
                   "PortuguesePortugal":  "Portekizce (Portekiz)"
               },
    "isJapanese":  false
}
