﻿{
    "labels":  {
                   "NoSpeakersEvent":  "Aktivitas ini tidak memiliki speaker apa pun yang ditetapkan.",
                   "EnglishAustralia":  "Bahasa Inggris (Australia)",
                   "Building":  "Bangunan",
                   "SignIn":  "Masuk",
                   "CardHolder":  "Pemegang kartu:",
                   "Lithuanian":  "Bahasa Lithuania",
                   "InvalidValueForRequiredRegistrationField":  "Pendaftaran Anda mencakup nilai tidak valid untuk bidang yang diperlukan.",
                   "EnglishGB":  "Bahasa Inggris (Britania Raya)",
                   "Tuesday":  "Selasa",
                   "RegisterAttendees":  "Daftarkan peserta",
                   "GermanGermany":  "Bahasa Jerman",
                   "Submit":  "Kirim",
                   "SessionTracks":  "Trek sesi",
                   "CancelRegistrationError":  "Ada masalah saat membatalkan pendaftaran.",
                   "EventRegistrationTitle":  "Pendaftaran aktivitas",
                   "SerbianCyrillic":  "Bahasa Serbia (Sirilik)",
                   "FrenchCanada":  "Bahasa Prancis (Kanada)",
                   "Basque":  "Bahasa Basque",
                   "SessionsIncludedInPass":  "Sesi disertakan dalam kelulusan",
                   "Indonesian":  "Bahasa Indonesia",
                   "SelectAPass":  "Pilih tiket",
                   "Galician":  "Bahasa Galisia",
                   "RegistrationConfirmation":  "Konfirmasi pendaftaran",
                   "Croatian":  "Bahasa Kroasia",
                   "Thai":  "Bahasa Thailand",
                   "FinalizationNotAllowed":  "Nilai CAPTCHA yang Anda berikan tidak cocok. Coba lagi.",
                   "MaximumNoAttendeesReached":  "Aktivitas ini terjual habis.",
                   "WebsiteColon":  "Situs web:",
                   "Friday":  "Jumat",
                   "OnlyWaitlistRegistrationPossibleText":  "Pendaftar baru akan ditambahkan ke daftar tunggu untuk sesi ini.",
                   "EditingAttendee":  "Mengedit peserta",
                   "Register":  "Daftar",
                   "ArabicSaudiArabia":  "Bahasa Arab",
                   "WaitForRegistrationsToAppear":  "Perlu diketahui bahwa dapat terjadi penundaan saat memproses pendaftaran.",
                   "EndTime":  "Waktu berakhir",
                   "MyAccount":  "Akun saya",
                   "RequestTimedOut":  "Proses pendaftaran Anda memakan waktu terlalu lama. Coba lagi.",
                   "Hungarian":  "Bahasa Hongaria",
                   "NoSponsorshipsEvent":  "Aktivitas ini tidak memiliki sponsor apa pun.",
                   "AvailableEvents":  "Aktivitas yang tersedia",
                   "Wednesday":  "Rabu",
                   "EventName":  "Nama aktivitas",
                   "Sunday":  "Minggu",
                   "LastNameRequired":  "Nama Belakang harus diisi.",
                   "RemoveMessage":  "Anda yakin ingin menghapus {0} {1}?",
                   "Japanese":  "Bahasa Jepang",
                   "AttendeeSessionIdNotValid":  "Salah satu peserta memiliki ID pass yang tidak valid",
                   "Email":  "Email",
                   "NoSessionTracksEvent":  "Aktivitas ini tidak memiliki trek sesi apa pun.",
                   "AZ":  "A-Z",
                   "AnonymousAccessNotAllowedError":  "Anda harus masuk untuk melanjutkan.",
                   "EventCapacityExceeding":  "Banyak peserta tidak dapat didaftarkan karena akan melampaui kapasitas aktivitas maksimum.",
                   "PassPrice":  "Harga tiket",
                   "ZA":  "Z-A",
                   "PortugueseBrazil":  "Bahasa Portugis (Brasil)",
                   "AttendeeInformation":  "Informasi peserta",
                   "EmulatePayment":  "Emulasi pembayaran",
                   "Session":  "Sesi",
                   "Speakers":  "Pembicara",
                   "EnglishUS":  "Bahasa Inggris (AS)",
                   "Processing":  "Memproses",
                   "BlogColon":  "Blog:",
                   "TooManyAttendees":  "Anda hanya dapat mendaftarkan hingga 50 peserta pada satu waktu. Buat pendaftaran tambahan jika Anda harus mendaftarkan lebih banyak peserta.",
                   "RemoveSession":  "Hapus sesi",
                   "SerbianLatin":  "Bahasa Serbia (Latin)",
                   "Catalan":  "Bahasa Katalan",
                   "EventNotLive":  "Aktivitas yang sedang Anda coba mendaftar sedang tidak menerima pendaftaran baru.",
                   "Ukrainian":  "Bahasa Ukraina",
                   "Slovenian":  "Bahasa Slovenia",
                   "Saturday":  "Sabtu",
                   "SignInForEditingAttendee":  "Masuk untuk pendaftaran aktivitas",
                   "Checkout":  "Checkout",
                   "Registration":  "Pendaftaran",
                   "Czech":  "Bahasa Ceko",
                   "FinishRegistration":  "Selesaikan pendaftaran",
                   "SpanishSpain":  "Bahasa Spanyol (Spanyol)",
                   "EndDate":  "Tanggal berakhir",
                   "WaitlistedAttendees":  "Peserta dalam daftar tunggu",
                   "Description":  "Keterangan:",
                   "ItalianItaly":  "Bahasa Italia",
                   "DemoPaymentGatewayPageTitle":  "Gateway pembayaran demo",
                   "BroughtToYouBy":  "Dipersembahkan oleh",
                   "DutchNetherlands":  "Bahasa Belanda",
                   "EnableAutoRegisterRadioButtonText":  "Beri tahu jika tersedia tempat dan lakukan pendaftaran otomatis",
                   "Hebrew":  "Bahasa Ibrani",
                   "Amount":  "Jumlah:",
                   "CommunicationError":  "Terjadi masalah berkomunikasi dengan server.",
                   "AddAttendeeToWaitlist":  "Tambahkan peserta ke daftar tunggu",
                   "InsufficentNumberOfPasses":  "Tiket yang tersisa tidak cukup untuk menyelesaikan pembelian Anda.",
                   "Monday":  "Senin",
                   "NoPassesEvent":  "Aktivitas ini tidak memiliki tiket apa pun.",
                   "Thursday":  "Kamis",
                   "EnterLastName":  "Masukkan nama belakang Anda",
                   "ThankYouForRegistering":  "Terima kasih telah mendaftar untuk aktivitas!",
                   "RequiredRegistrationFieldMissing":  "Pendaftaran Anda tidak memiliki info yang diperlukan untuk setidaknya satu peserta.",
                   "Sessions":  "Sesi",
                   "AssignedAttendees":  "Pendaftaran",
                   "StartDate":  "Tanggal mulai",
                   "AddSessionToCart":  "Tambahkan sesi",
                   "AddAttendee":  "Tambahkan peserta",
                   "ChangeLanguage":  "Ubah bahasa",
                   "EmailAddress":  "Alamat email",
                   "AttendeePassIdNotValid":  "Salah satu peserta memiliki ID pass yang tidak valid ",
                   "FirstName":  "Nama depan",
                   "FinalizationAfterTimeLimit":  "Pembelian tidak selesai pada waktunya.",
                   "CopyrightWithParam":  "Hak cipta © {0}. Semua hak dilindungi undang-undang.",
                   "RefreshPage":  "Sesi telah kedaluwarsa. Refresh halaman untuk melanjutkan.",
                   "WaitlistedSessions":  "sesi dengan daftar tunggu",
                   "EventCapacityReached":  "Kapasitas aktivitas maksimum telah tercapai.",
                   "CardNumber":  "Nomor kartu:",
                   "MaximumCapacityReached":  "Aktivitas ini terjual habis, tetapi Anda tetap dapat mendaftar untuk daftar tunggu. ",
                   "AutoRegister":  "Daftar otomatis",
                   "AttendeeHasWaitlistRegistrationsInfo":  "Pendaftar ini berada di daftar tunggu untuk satu atau beberapa sesi.",
                   "Attendees":  "Peserta",
                   "EnglishCanada":  "Bahasa Inggris (Kanada)",
                   "RegisterNow":  "Daftar sekarang",
                   "Newest":  "Terbaru",
                   "SoldOut":  "Terjual habis",
                   "SessionCartHeader":  "Keranjang belanja sesi",
                   "SwedishSweden":  "Bahasa Swedia",
                   "Pass":  "Lulus",
                   "SelectedSessions":  "Sesi yang dipilih",
                   "Waitlist":  "Daftar Tunggu",
                   "Name":  "Nama",
                   "Bulgarian":  "Bahasa Bulgaria",
                   "Remove":  "Hapus",
                   "SponsorName":  "Nama sponsor",
                   "NoRegistrationsFound":  "Tidak ada pendaftaran yang ditemukan",
                   "SessionFullyBooked":  "Dipesan sepenuhnya",
                   "CancelRegistrationEventMessage":  "Anda yakin ingin membatalkan pendaftaran untuk {0}?",
                   "NoSessionsAssociated":  "Tidak ada sesi yang terkait dengan kelulusan ini.",
                   "RomanianRomania":  "Bahasa Rumania",
                   "AnonymousRegistrationNotAllowed":  "Anda harus membuat akun dan masuk agar Anda dapat mendaftar untuk aktivitas ini.",
                   "Search":  "Pencarian",
                   "SignOut":  "Keluar",
                   "NoSessionsAssigned":  "Tidak ada sesi yang ditetapkan.",
                   "MyRegistrations":  "Pendaftaran saya",
                   "Cancel":  "Batal",
                   "SortBy":  "Urut berdasarkan",
                   "AddAnotherAttendee":  "Tambahkan peserta lain",
                   "CancelPayment":  "Batalkan pembayaran",
                   "AttendeeAutoRegistrationInfo":  "Peserta akan didaftarkan secara otomatis begitu kapasitas tersedia.",
                   "CancelRegistration":  "Batalkan pendaftaran",
                   "Korean":  "Bahasa Korea",
                   "Turkish":  "Bahasa Turki",
                   "FrenchFrance":  "Bahasa Prancis (Perancis)",
                   "AdditionalInformationAvailable":  "Informasi tambahan tersedia",
                   "DiscardChanges":  "Buang perubahan",
                   "MaximumSessionCapacityReached":  "Sesi ini terjual habis.",
                   "MyWaitlistItems":  "Item daftar tunggu saya",
                   "Slovak":  "Bahasa Slowakia",
                   "AttendeeDetails":  "Rincian peserta",
                   "Polish":  "Bahasa Polandia",
                   "StartTime":  "Waktu mulai",
                   "EmailInvalid":  "Masukkan alamat email yang valid.",
                   "DisableAutoRegisterRadioButtonText":  "Beri tahu jika tersedia tempat, tapi jangan lakukan pendaftaran otomatis",
                   "PaymentDetails":  "Detail pembayaran",
                   "EnterEmailAddress":  "Masukkan alamat email Anda",
                   "RegisteredSince":  "Terdaftar sejak",
                   "MultiAttendeeRegistrationNotEnabled":  "Aktivitas ini tidak mengizinkan pendaftaran multipeserta.",
                   "ChineseTaiwan":  "Bahasa Tionghoa (Taiwan)",
                   "Oldest":  "Terlama",
                   "Home":  "Beranda",
                   "Latvian":  "Bahasa Latvia",
                   "SessionName":  "Nama sesi",
                   "NoChoice":  "Tidak ada pilihan",
                   "Events":  "Aktivitas",
                   "Russian":  "Bahasa Rusia",
                   "No":  "Tidak",
                   "RemoveAttendee":  "Hapus peserta",
                   "Estonian":  "Bahasa Estonia",
                   "WaitlistRegistrationNotAllowedErrorMessage":  "Daftar tunggu tidak diizinkan untuk aktivitas atau sesi ini.",
                   "Event":  "Aktivitas",
                   "Copyright":  "Hak cipta © 2018. Semua hak dilindungi undang-undang.",
                   "OrderSummary":  "Ringkasan pesanan",
                   "NoSessionsTrack":  "Trek sesi ini tidak memiliki sesi apa pun.",
                   "FinalizationNotEnabled":  "Anda harus mengaktifkan konfirmasi pembayaran demo untuk menggunakan fitur ini.",
                   "AlreadyRegistered":  "Telah terdaftar",
                   "RegistrationFailed":  "Ada masalah dengan pendaftaran",
                   "SessionNotLive":  "Sesi yang sedang Anda coba daftarkan tidak menerima pendaftaran baru.",
                   "Danish":  "Bahasa Denmark",
                   "Vietnamese":  "Bahasa Vietnam",
                   "FirstNameRequired":  "Nama Depan harus diisi.",
                   "EditingWaitlistedAttendee":  "Mengedit peserta dalam daftar tunggu",
                   "EnterFirstName":  "Masukkan nama depan Anda",
                   "LastName":  "Nama belakang",
                   "NoWaitlistItemsFound":  "Tidak ada item daftar tunggu yang ditemukan",
                   "Yes":  "Ya",
                   "Greek":  "Bahasa Yunani",
                   "SaveChanges":  "Simpan perubahan",
                   "EditAttendee":  "Edit peserta",
                   "EmailRequired":  "Email harus diisi.",
                   "NoSessionsEvent":  "Aktivitas ini tidak memiliki sesi apa pun.",
                   "ShowSessions":  "tampilkan sesi",
                   "PassInformation":  "Informasi tiket",
                   "EventNotFound":  "Aktivitas yang pendaftarannya sedang Anda coba lakukan tidak ada.",
                   "AddedSince":  "Ditambahkan sejak",
                   "Finnish":  "Bahasa Finlandia",
                   "Chinese":  "Bahasa Tionghoa (Tiongkok)",
                   "Profile":  "Profil",
                   "NorwegianBokml":  "Bahasa Norwegia",
                   "ChineseHongKong":  "Bahasa Tionghoa (Hong Kong)",
                   "PortuguesePortugal":  "Bahasa Portugis (Portugal)"
               },
    "isJapanese":  false
}
