﻿{
    "labels":  {
                   "NoSpeakersEvent":  "У цій події немає жодних призначених промовців.",
                   "EnglishAustralia":  "англійська (Австралія)",
                   "Building":  "Будівля",
                   "SignIn":  "Увійти",
                   "CardHolder":  "Власник картки:",
                   "Lithuanian":  "литовська",
                   "InvalidValueForRequiredRegistrationField":  "Під час реєстрації ви вказали неприпустиме значення в обов’язковому для заповнення полі.",
                   "EnglishGB":  "англійська (Сполучене Королівство)",
                   "Tuesday":  "Вівторок",
                   "RegisterAttendees":  "Зареєструвати учасників",
                   "GermanGermany":  "німецька",
                   "Submit":  "Надіслати",
                   "SessionTracks":  "Записи сеансу",
                   "CancelRegistrationError":  "Під час скасування реєстрації сталася помилка.",
                   "EventRegistrationTitle":  "Реєстрація на подію",
                   "SerbianCyrillic":  "сербська (кирилиця)",
                   "FrenchCanada":  "французька (Канада)",
                   "Basque":  "баскська",
                   "SessionsIncludedInPass":  "Сеанси у квитку",
                   "Indonesian":  "індонезійська",
                   "SelectAPass":  "Виберіть квиток",
                   "Galician":  "галісійська",
                   "RegistrationConfirmation":  "Підтвердження реєстрації",
                   "Croatian":  "хорватська",
                   "Thai":  "тайська",
                   "FinalizationNotAllowed":  "Надане значення не відповідає тексту CAPTCHA. Повторіть спробу.",
                   "MaximumNoAttendeesReached":  "Квитки на подію розпродано.",
                   "WebsiteColon":  "Веб-сайт:",
                   "Friday":  "П’ятниця",
                   "OnlyWaitlistRegistrationPossibleText":  "Нових реєстрантів буде додано до списку очікування для цього сеансу.",
                   "EditingAttendee":  "Редагування учасника",
                   "Register":  "Реєстрація",
                   "ArabicSaudiArabia":  "арабська",
                   "WaitForRegistrationsToAppear":  "Зверніть увагу, що під час обробки реєстрацій можлива затримка.",
                   "EndTime":  "Час завершення",
                   "MyAccount":  "Мій обліковий запис",
                   "RequestTimedOut":  "Обробка вашої реєстрації триває задовго. Повторіть спробу.",
                   "Hungarian":  "угорська",
                   "NoSponsorshipsEvent":  "У цій події немає жодних спонсорів.",
                   "AvailableEvents":  "Доступні події",
                   "Wednesday":  "Середа",
                   "EventName":  "Назва події",
                   "Sunday":  "Неділя",
                   "LastNameRequired":  "Потрібно вказати прізвище.",
                   "RemoveMessage":  "Справді видалити {0} {1}?",
                   "Japanese":  "японська",
                   "AttendeeSessionIdNotValid":  "Один з учасників має неприпустимий ідентифікатор квитка",
                   "Email":  "Адреса електронної пошти",
                   "NoSessionTracksEvent":  "У цій події немає жодних потоків.",
                   "AZ":  "А–Я",
                   "AnonymousAccessNotAllowedError":  "Увійдіть у систему, щоб продовжити.",
                   "EventCapacityExceeding":  "Ви не можете перевищити максимальну кількість учасників події.",
                   "PassPrice":  "Ціна квитка",
                   "ZA":  "Я-А",
                   "PortugueseBrazil":  "портуґальська (Бразілія)",
                   "AttendeeInformation":  "Відомості про учасника",
                   "EmulatePayment":  "Емуляція платежу",
                   "Session":  "Сеанс",
                   "Speakers":  "Промовці",
                   "EnglishUS":  "англійська (США)",
                   "Processing":  "Обробка",
                   "BlogColon":  "Блог:",
                   "TooManyAttendees":  "Одночасно можна зареєструвати не більше 50 учасників. Щоб зареєструвати більше учасників, створіть додаткові реєстрації.",
                   "RemoveSession":  "Видалити сеанс",
                   "SerbianLatin":  "сербська (латиниця)",
                   "Catalan":  "каталонська",
                   "EventNotLive":  "Ви намагаєтеся зареєструватися на подію, на яку не приймаються нові реєстрації.",
                   "Ukrainian":  "українська",
                   "Slovenian":  "словенська",
                   "Saturday":  "Субота",
                   "SignInForEditingAttendee":  "Увійти, щоб зареєструватися на подію",
                   "Checkout":  "Замовити",
                   "Registration":  "Реєстрація",
                   "Czech":  "чеська",
                   "FinishRegistration":  "Завершити реєстрацію",
                   "SpanishSpain":  "іспанська (Іспанія)",
                   "EndDate":  "Дата завершення",
                   "WaitlistedAttendees":  "Учасники в списку очікування",
                   "Description":  "Опис:",
                   "ItalianItaly":  "італійська",
                   "DemoPaymentGatewayPageTitle":  "Демонстраційний платіжний шлюз",
                   "BroughtToYouBy":  "Надано вам",
                   "DutchNetherlands":  "нідерландська",
                   "EnableAutoRegisterRadioButtonText":  "Сповіщати про звільнення місць і реєструвати автоматично",
                   "Hebrew":  "іврит",
                   "Amount":  "Сума:",
                   "CommunicationError":  "Виникли проблеми під час підключення до сервера.",
                   "AddAttendeeToWaitlist":  "Додати учасника в список очікування",
                   "InsufficentNumberOfPasses":  "Для завершення покупки недостатньо квитків.",
                   "Monday":  "Понеділок",
                   "NoPassesEvent":  "У цій події немає жодних квитків.",
                   "Thursday":  "Четвер",
                   "EnterLastName":  "Введіть своє прізвище",
                   "ThankYouForRegistering":  "Дякуємо за реєстрацію на подію!",
                   "RequiredRegistrationFieldMissing":  "У реєстрації принаймні одного учасника бракує необхідної інформації.",
                   "Sessions":  "Сеанси",
                   "AssignedAttendees":  "Реєстрації",
                   "StartDate":  "Дата початку",
                   "AddSessionToCart":  "Додати сеанс",
                   "AddAttendee":  "Додати учасника",
                   "ChangeLanguage":  "Змінити мову",
                   "EmailAddress":  "Адреса електронної пошти",
                   "AttendeePassIdNotValid":  "Один з учасників має неприпустимий ідентифікатор квитка ",
                   "FirstName":  "Ім’я",
                   "FinalizationAfterTimeLimit":  "Придбання не було завершено вчасно.",
                   "CopyrightWithParam":  "© {0} р. Усі права захищені.",
                   "RefreshPage":  "Термін дії сеансу минув. Щоб продовжити роботу, оновіть сторінку.",
                   "WaitlistedSessions":  "сеанси в списку очікування",
                   "EventCapacityReached":  "Досягнуто максимальну кількість учасників події.",
                   "CardNumber":  "Номер картки:",
                   "MaximumCapacityReached":  "Квитки на подію розпродано, проте ви можете зареєструватися в списку очікування. ",
                   "AutoRegister":  "Автореєстрація",
                   "AttendeeHasWaitlistRegistrationsInfo":  "Цей реєстрант перебуває в списку очікування на один або кілька сеансів.",
                   "Attendees":  "Учасники",
                   "EnglishCanada":  "англійська (Канада)",
                   "RegisterNow":  "Зареєструватися",
                   "Newest":  "Найновіші",
                   "SoldOut":  "Продано",
                   "SessionCartHeader":  "Кошик сеансу",
                   "SwedishSweden":  "шведська",
                   "Pass":  "Квиток",
                   "SelectedSessions":  "Вибрані сеанси",
                   "Waitlist":  "Список очікування",
                   "Name":  "Ім’я",
                   "Bulgarian":  "болгарська",
                   "Remove":  "Видалити",
                   "SponsorName":  "Ім’я спонсора",
                   "NoRegistrationsFound":  "Реєстрацій не знайдено",
                   "SessionFullyBooked":  "Повністю зарезервовано",
                   "CancelRegistrationEventMessage":  "Справді скасувати реєстрацію на {0}?",
                   "NoSessionsAssociated":  "З цим квитком не пов’язано сеанси.",
                   "RomanianRomania":  "румунська",
                   "AnonymousRegistrationNotAllowed":  "Перш ніж реєструватися на цю подію потрібно створити обліковий запис і ввійти.",
                   "Search":  "Пошук",
                   "SignOut":  "Вийти",
                   "NoSessionsAssigned":  "Немає призначених сеансів.",
                   "MyRegistrations":  "Мої реєстрації",
                   "Cancel":  "Скасувати",
                   "SortBy":  "Порядок сортування",
                   "AddAnotherAttendee":  "Додати іншого учасника",
                   "CancelPayment":  "Скасувати платіж",
                   "AttendeeAutoRegistrationInfo":  "Цього учасника буде автоматично зареєстровано, щойно з’являться місця.",
                   "CancelRegistration":  "Скасувати реєстрацію",
                   "Korean":  "корейська",
                   "Turkish":  "турецька",
                   "FrenchFrance":  "французька (Франція)",
                   "AdditionalInformationAvailable":  "Доступні додаткові відомості",
                   "DiscardChanges":  "Скасувати зміни",
                   "MaximumSessionCapacityReached":  "Квитки на сеанс розпродано.",
                   "MyWaitlistItems":  "Мої елементи списків очікування",
                   "Slovak":  "словацька",
                   "AttendeeDetails":  "Відомості про учасника",
                   "Polish":  "польська",
                   "StartTime":  "Час початку",
                   "EmailInvalid":  "Введіть припустиму адресу електронної пошти.",
                   "DisableAutoRegisterRadioButtonText":  "Сповіщати про звільнення місць, але не реєструвати автоматично",
                   "PaymentDetails":  "Відомості про платіж",
                   "EnterEmailAddress":  "Введіть свою адресу електронної пошти",
                   "RegisteredSince":  "Зареєстровано з",
                   "MultiAttendeeRegistrationNotEnabled":  "Ця подія не підтримує групову реєстрацію.",
                   "ChineseTaiwan":  "китайська (Тайвань)",
                   "Oldest":  "Найстаріші",
                   "Home":  "Головна",
                   "Latvian":  "латвійська",
                   "SessionName":  "Назва сеансу",
                   "NoChoice":  "Немає вибору",
                   "Events":  "Події",
                   "Russian":  "російська",
                   "No":  "Ні",
                   "RemoveAttendee":  "Видалити учасника",
                   "Estonian":  "естонська",
                   "WaitlistRegistrationNotAllowedErrorMessage":  "Для цієї події або сеансу немає доступного списку очікування.",
                   "Event":  "Подія",
                   "Copyright":  "© 2018 р. Усі права захищені.",
                   "OrderSummary":  "Основні відомості про замовлення",
                   "NoSessionsTrack":  "У цьому потоці немає жодних сеансів.",
                   "FinalizationNotEnabled":  "Щоб скористатися цією функцією, необхідно ввімкнути демонстрацію підтвердження оплати.",
                   "AlreadyRegistered":  "Зареєстрований",
                   "RegistrationFailed":  "Не вдалося зареєструватися.",
                   "SessionNotLive":  "Ви намагаєтеся зареєструватися на сеанс, на який не приймаються нові реєстрації.",
                   "Danish":  "данська",
                   "Vietnamese":  "в’єтнамська",
                   "FirstNameRequired":  "Потрібно вказати ім’я.",
                   "EditingWaitlistedAttendee":  "Редагування учасника в списку очікування",
                   "EnterFirstName":  "Введіть своє ім’я",
                   "LastName":  "Прізвище",
                   "NoWaitlistItemsFound":  "Не знайдено позицій у списку очікування",
                   "Yes":  "Так",
                   "Greek":  "грецька",
                   "SaveChanges":  "Зберегти зміни",
                   "EditAttendee":  "Змінити учасника",
                   "EmailRequired":  "Потрібно вказати адресу електронної пошти.",
                   "NoSessionsEvent":  "У цій події немає жодних сеансів.",
                   "ShowSessions":  "показати сеанси",
                   "PassInformation":  "Інформація про квиток",
                   "EventNotFound":  "Подія, на яку ви намагаєтеся зареєструватись, не існує.",
                   "AddedSince":  "Додано з",
                   "Finnish":  "фінська",
                   "Chinese":  "Китайська (Китай)",
                   "Profile":  "Профіль",
                   "NorwegianBokml":  "норвезька",
                   "ChineseHongKong":  "китайська (Гонконг)",
                   "PortuguesePortugal":  "портуґальська (Портуґалія)"
               },
    "isJapanese":  false
}
