﻿{
    "labels":  {
                   "NoSpeakersEvent":  "Ta dogodek nima dodeljenih govornikov.",
                   "EnglishAustralia":  "angleščina (Avstralija)",
                   "Building":  "Stavba",
                   "SignIn":  "Vpis",
                   "CardHolder":  "Imetnik kartice:",
                   "Lithuanian":  "litovščina",
                   "InvalidValueForRequiredRegistrationField":  "V registraciji je neveljavna vrednost za obvezno polje.",
                   "EnglishGB":  "angleščina (VB)",
                   "Tuesday":  "torek",
                   "RegisterAttendees":  "Registracija udeležencev",
                   "GermanGermany":  "nemščina",
                   "Submit":  "Pošlji",
                   "SessionTracks":  "Vsebinski sklopi",
                   "CancelRegistrationError":  "Prišlo je do težave pri preklicu registracije.",
                   "EventRegistrationTitle":  "Registracija za dogodek",
                   "SerbianCyrillic":  "srbščina (cirilica)",
                   "FrenchCanada":  "francoščina (Kanada)",
                   "Basque":  "baskovščina",
                   "SessionsIncludedInPass":  "Seje, vključene v vstopnici",
                   "Indonesian":  "indonezijščina",
                   "SelectAPass":  "Izberite vstopnico",
                   "Galician":  "galicijščina",
                   "RegistrationConfirmation":  "Potrditev registracije",
                   "Croatian":  "hrvaščina",
                   "Thai":  "tajščina",
                   "FinalizationNotAllowed":  "Navedena vrednost CAPTCHA se ne ujema. Poskusite znova.",
                   "MaximumNoAttendeesReached":  "Ta dogodek je razprodan.",
                   "WebsiteColon":  "Spletno mesto:",
                   "Friday":  "petek",
                   "OnlyWaitlistRegistrationPossibleText":  "Nove osebe, ki se registrirajo, bodo dodane na čakalni seznam za to sejo.",
                   "EditingAttendee":  "Urejanje udeleženca",
                   "Register":  "Registracija",
                   "ArabicSaudiArabia":  "arabščina",
                   "WaitForRegistrationsToAppear":  "Upoštevajte, da lahko pride do zamude pri obdelavi vaših registracij.",
                   "EndTime":  "Ura konca",
                   "MyAccount":  "Moj račun",
                   "RequestTimedOut":  "Obdelava vaše registracije traja predolgo. Poskusite znova.",
                   "Hungarian":  "madžarščina",
                   "NoSponsorshipsEvent":  "Ta dogodek nima sponzorjev.",
                   "AvailableEvents":  "Razpoložljivi dogodki",
                   "Wednesday":  "sreda",
                   "EventName":  "Ime dogodka",
                   "Sunday":  "nedelja",
                   "LastNameRequired":  "Priimek je obvezno polje.",
                   "RemoveMessage":  "Ali ste prepričani, da želite odstraniti {0} {1}?",
                   "Japanese":  "japonščina",
                   "AttendeeSessionIdNotValid":  "Eden od udeležencev ima neveljaven ID vstopnice",
                   "Email":  "E-pošta",
                   "NoSessionTracksEvent":  "Ta dogodek nima vsebinskih sklopov.",
                   "AZ":  "A–Ž",
                   "AnonymousAccessNotAllowedError":  "Če želite nadaljevati, se morate prijaviti.",
                   "EventCapacityExceeding":  "Toliko udeležencev ne morete registrirati, ker bi presegli največje število oseb na dogodku.",
                   "PassPrice":  "Cena vstopnice",
                   "ZA":  "Ž–A",
                   "PortugueseBrazil":  "portugalščina (Brazilija)",
                   "AttendeeInformation":  "Informacije o udeležencih",
                   "EmulatePayment":  "Emulacija plačila",
                   "Session":  "Seja",
                   "Speakers":  "Govorniki",
                   "EnglishUS":  "angleščina (ZDA)",
                   "Processing":  "Obdelava",
                   "BlogColon":  "Spletni dnevnik:",
                   "TooManyAttendees":  "Hkrati lahko registrirate največ 50 udeležencev. Če želite registrirati več udeležencev, ustvarite dodatne registracije.",
                   "RemoveSession":  "Odstrani sejo",
                   "SerbianLatin":  "srbščina (latinica)",
                   "Catalan":  "katalonščina",
                   "EventNotLive":  "Dogodek, za katerega se poskušate registrirati, ne sprejema novih registracij.",
                   "Ukrainian":  "ukrajinščina",
                   "Slovenian":  "slovenščina",
                   "Saturday":  "sobota",
                   "SignInForEditingAttendee":  "Vpis za registracijo za dogodek",
                   "Checkout":  "Dokončanje nakupa",
                   "Registration":  "Registracija",
                   "Czech":  "češčina",
                   "FinishRegistration":  "Dokončanje registracije",
                   "SpanishSpain":  "španščina (Španija)",
                   "EndDate":  "Datum konca",
                   "WaitlistedAttendees":  "Udeleženci na čakalnem seznamu",
                   "Description":  "Opis:",
                   "ItalianItaly":  "italijanščina",
                   "DemoPaymentGatewayPageTitle":  "Predstavitveni prehod za plačila",
                   "BroughtToYouBy":  "Organizator:",
                   "DutchNetherlands":  "nizozemščina",
                   "EnableAutoRegisterRadioButtonText":  "Samodejno registriraj in obvesti, ko se sprosti prostor",
                   "Hebrew":  "hebrejščina",
                   "Amount":  "Znesek:",
                   "CommunicationError":  "Pri komunikaciji s strežnikom smo naleteli na težave.",
                   "AddAttendeeToWaitlist":  "Dodaj na čakalni seznam udeležencev",
                   "InsufficentNumberOfPasses":  "Na voljo ni več dovolj vstopnic za dokončanje nakupa.",
                   "Monday":  "ponedeljek",
                   "NoPassesEvent":  "Ta dogodek nima vstopnic.",
                   "Thursday":  "četrtek",
                   "EnterLastName":  "Vnesite priimek",
                   "ThankYouForRegistering":  "Hvala, ker ste se registrirali za dogodek.",
                   "RequiredRegistrationFieldMissing":  "V registraciji manjkajo potrebne informacije za vsaj enega udeleženca.",
                   "Sessions":  "Seje",
                   "AssignedAttendees":  "Registracije",
                   "StartDate":  "Datum začetka",
                   "AddSessionToCart":  "Dodajanje seje",
                   "AddAttendee":  "Dodaj udeleženca",
                   "ChangeLanguage":  "Spremeni jezik",
                   "EmailAddress":  "E-poštni naslov",
                   "AttendeePassIdNotValid":  "Eden od udeležencev ima neveljaven ID vstopnice ",
                   "FirstName":  "Ime",
                   "FinalizationAfterTimeLimit":  "Nakup ni bil pravočasno dokončan.",
                   "CopyrightWithParam":  "Copyright © {0}. Vse pravice pridržane.",
                   "RefreshPage":  "Seja je potekla. Osvežite stran, če želite nadaljevati.",
                   "WaitlistedSessions":  "seje na čakalnem seznamu",
                   "EventCapacityReached":  "Doseženo je največje število oseb na dogodku.",
                   "CardNumber":  "Številka kartice:",
                   "MaximumCapacityReached":  "Ta dogodek je razprodan, vendar se lahko še vedno registrirate za čakalni seznam. ",
                   "AutoRegister":  "Samodejna registracija",
                   "AttendeeHasWaitlistRegistrationsInfo":  "Ta oseba, ki se registrira, je na čakalnem seznamu za eno ali več sej.",
                   "Attendees":  "Udeleženci",
                   "EnglishCanada":  "angleščina (Kanada)",
                   "RegisterNow":  "Registrirajte se zdaj",
                   "Newest":  "Najnovejše",
                   "SoldOut":  "Razprodano",
                   "SessionCartHeader":  "Voziček s sejami",
                   "SwedishSweden":  "švedščina",
                   "Pass":  "Vstopnica",
                   "SelectedSessions":  "Izbrane seje",
                   "Waitlist":  "Čakalni seznam",
                   "Name":  "Ime",
                   "Bulgarian":  "bolgarščina",
                   "Remove":  "Odstrani",
                   "SponsorName":  "Ime sponzorja",
                   "NoRegistrationsFound":  "Ni najdenih registracij",
                   "SessionFullyBooked":  "V celoti rezervirano",
                   "CancelRegistrationEventMessage":  "Ali ste prepričani, da želite preklicati registracijo za: {0}?",
                   "NoSessionsAssociated":  "S to vstopnico ni povezana nobena seja.",
                   "RomanianRomania":  "romunščina",
                   "AnonymousRegistrationNotAllowed":  "Preden se lahko registrirate za ta dogodek, morate ustvariti račun in se vpisati.",
                   "Search":  "Iskanje",
                   "SignOut":  "Izpis",
                   "NoSessionsAssigned":  "Ni dodeljenih sej.",
                   "MyRegistrations":  "Moje registracije",
                   "Cancel":  "Prekliči",
                   "SortBy":  "Razvrsti po",
                   "AddAnotherAttendee":  "Dodaj še enega udeleženca",
                   "CancelPayment":  "Preklic plačila",
                   "AttendeeAutoRegistrationInfo":  "Ta udeleženec bo samodejno registriran, takoj ko bo na voljo prostor.",
                   "CancelRegistration":  "Prekliči registracijo",
                   "Korean":  "korejščina",
                   "Turkish":  "turščina",
                   "FrenchFrance":  "francoščina (Francija)",
                   "AdditionalInformationAvailable":  "Na voljo so dodatne informacije",
                   "DiscardChanges":  "Zavrzi spremembe",
                   "MaximumSessionCapacityReached":  "Ta seja je razprodana.",
                   "MyWaitlistItems":  "Moji elementi na čakalnem seznamu",
                   "Slovak":  "slovaščina",
                   "AttendeeDetails":  "Podrobnosti udeleženca",
                   "Polish":  "poljščina",
                   "StartTime":  "Ura začetka",
                   "EmailInvalid":  "Vnesite veljaven e-poštni naslov.",
                   "DisableAutoRegisterRadioButtonText":  "Obvesti, vendar ne registriraj samodejno, ko se sprosti prostor",
                   "PaymentDetails":  "Podrobnosti plačila",
                   "EnterEmailAddress":  "Vnesite e-poštni naslov",
                   "RegisteredSince":  "Registriran(-a) od",
                   "MultiAttendeeRegistrationNotEnabled":  "Ta dogodek ne dovoli registracije več udeležencev.",
                   "ChineseTaiwan":  "kitajščina (Tajvan)",
                   "Oldest":  "Najstarejše",
                   "Home":  "Začetna stran",
                   "Latvian":  "latvijščina",
                   "SessionName":  "Ime seje",
                   "NoChoice":  "Brez izbire",
                   "Events":  "Dogodki",
                   "Russian":  "ruščina",
                   "No":  "Ne",
                   "RemoveAttendee":  "Odstrani udeleženca",
                   "Estonian":  "estonščina",
                   "WaitlistRegistrationNotAllowedErrorMessage":  "Za ta seznam ali sejo ni na voljo čakalnega seznama.",
                   "Event":  "Dogodek",
                   "Copyright":  "Copyright © 2018. Vse pravice pridržane.",
                   "OrderSummary":  "Povzetek naročila",
                   "NoSessionsTrack":  "Ta vsebinski sklop nima sej.",
                   "FinalizationNotEnabled":  "Če želite uporabljati to funkcijo, morate omogočite predstavitveno potrditev plačil.",
                   "AlreadyRegistered":  "Že registriran(-a)",
                   "RegistrationFailed":  "Prišlo je do težave z registracijo.",
                   "SessionNotLive":  "Seja, za katero se poskušate registrirati, ne sprejema novih registracij.",
                   "Danish":  "danščina",
                   "Vietnamese":  "vietnamščina",
                   "FirstNameRequired":  "Ime je obvezno polje.",
                   "EditingWaitlistedAttendee":  "Urejanje čakalnega seznama udeležencev",
                   "EnterFirstName":  "Vnesite ime",
                   "LastName":  "Priimek",
                   "NoWaitlistItemsFound":  "Ni najdenih elementov na čakalnem seznamu",
                   "Yes":  "Da",
                   "Greek":  "grščina",
                   "SaveChanges":  "Shrani spremembe",
                   "EditAttendee":  "Uredi udeleženca",
                   "EmailRequired":  "E-poštni naslov je obvezno polje.",
                   "NoSessionsEvent":  "Ta dogodek nima sej.",
                   "ShowSessions":  "pokaži seje",
                   "PassInformation":  "Podatki o vstopnici",
                   "EventNotFound":  "Dogodek, za katerega se poskušate registrirati, ne obstaja.",
                   "AddedSince":  "Dodano od",
                   "Finnish":  "finščina",
                   "Chinese":  "kitajščina (Kitajska)",
                   "Profile":  "Profil",
                   "NorwegianBokml":  "norveščina",
                   "ChineseHongKong":  "kitajščina (Hongkong)",
                   "PortuguesePortugal":  "portugalščina (Portugalska)"
               },
    "isJapanese":  false
}
