﻿{
    "labels":  {
                   "NoSpeakersEvent":  "Selle sündmusega pole seotud ühtegi esinejat.",
                   "EnglishAustralia":  "inglise (Austraalia)",
                   "Building":  "Hoone",
                   "SignIn":  "Logi sisse",
                   "CardHolder":  "Kaardi omanik:",
                   "Lithuanian":  "leedu",
                   "InvalidValueForRequiredRegistrationField":  "Teie registreerimisvorm sisaldab nõutava välja jaoks sobimatut väärtust.",
                   "EnglishGB":  "inglise (Ühendkuningriik)",
                   "Tuesday":  "teisipäev",
                   "RegisterAttendees":  "Registreeri osalejad",
                   "GermanGermany":  "saksa",
                   "Submit":  "Edasta",
                   "SessionTracks":  "Seansi jälgimised",
                   "CancelRegistrationError":  "Registreerimise tühistamisel ilmnes probleem.",
                   "EventRegistrationTitle":  "Sündmusele registreerumine",
                   "SerbianCyrillic":  "serbia (kirillitsa)",
                   "FrenchCanada":  "prantsuse (Kanada)",
                   "Basque":  "baski",
                   "SessionsIncludedInPass":  "Pääsmega hõlmatud seansid",
                   "Indonesian":  "indoneesia",
                   "SelectAPass":  "Valige pääse",
                   "Galician":  "galeegi",
                   "RegistrationConfirmation":  "Registreerimise kinnitus",
                   "Croatian":  "horvaadi",
                   "Thai":  "tai",
                   "FinalizationNotAllowed":  "Esitatud robotilõksu väärtus ei vasta algsele. Proovige uuesti.",
                   "MaximumNoAttendeesReached":  "See sündmus on välja müüdud.",
                   "WebsiteColon":  "Veebisait:",
                   "Friday":  "reede",
                   "OnlyWaitlistRegistrationPossibleText":  "Selle seansi ootejärjekorda lisatakse uued registreerujad.",
                   "EditingAttendee":  "Osaleja redigeerimine",
                   "Register":  "Registreeru",
                   "ArabicSaudiArabia":  "araabia",
                   "WaitForRegistrationsToAppear":  "Pange tähele, et registreerumiste töötlemisel võib tekkida viivitus.",
                   "EndTime":  "Lõpuaeg",
                   "MyAccount":  "Minu konto",
                   "RequestTimedOut":  "Teie registreerumise töötlemiseks kulus liiga kaua aega. Palun proovige uuesti.",
                   "Hungarian":  "ungari",
                   "NoSponsorshipsEvent":  "Sellel sündmusel pole sponsoreid.",
                   "AvailableEvents":  "Saadaval sündmused",
                   "Wednesday":  "kolmapäev",
                   "EventName":  "Sündmuse nimi",
                   "Sunday":  "pühapäev",
                   "LastNameRequired":  "Perekonnanimi on nõutav.",
                   "RemoveMessage":  "Kas soovite kindlasti, et {0} {1} eemaldatakse?",
                   "Japanese":  "jaapani",
                   "AttendeeSessionIdNotValid":  "Ühel osalejal on kehtetu ID-pääse",
                   "Email":  "Meilisõnum",
                   "NoSessionTracksEvent":  "Sellel sündmusel pole seansi jälgimisi.",
                   "AZ":  "A–Z",
                   "AnonymousAccessNotAllowedError":  "Jätkamiseks peate sisse logima.",
                   "EventCapacityExceeding":  "Nii palju osalejaid ei saa registreerida, kuna ese ületab sündmuse mahutavuse ülempiiri.",
                   "PassPrice":  "Pääsme hind",
                   "ZA":  "Z–A",
                   "PortugueseBrazil":  "portugali (Brasiilia)",
                   "AttendeeInformation":  "Osaleja teave",
                   "EmulatePayment":  "Jäljenda makset",
                   "Session":  "Seanss",
                   "Speakers":  "Esinejad",
                   "EnglishUS":  "inglise (USA)",
                   "Processing":  "Töötlemine",
                   "BlogColon":  "Ajaveeb:",
                   "TooManyAttendees":  "Korraga saab registreerida ainult kuni 50 osalejat. Kui teil on vaja registreerida rohkem osalejaid, looge täiendavad registreerimised.",
                   "RemoveSession":  "Eemalda seanss",
                   "SerbianLatin":  "serbia (ladina)",
                   "Catalan":  "katalaani",
                   "EventNotLive":  "Sündmus, millele proovite registreeruda, ei aktsepteeri uusi registreerimisi.",
                   "Ukrainian":  "ukraina",
                   "Slovenian":  "sloveeni",
                   "Saturday":  "laupäev",
                   "SignInForEditingAttendee":  "Sündmusele registreerumiseks sisselogimine",
                   "Checkout":  "Maksma siirdumine",
                   "Registration":  "Registreerimine",
                   "Czech":  "tšehhi",
                   "FinishRegistration":  "Registreerumise lõpetamine",
                   "SpanishSpain":  "hispaania (Hispaania)",
                   "EndDate":  "Lõppkuupäev",
                   "WaitlistedAttendees":  "Ootenimekirjas osalejad",
                   "Description":  "Kirjeldus:",
                   "ItalianItaly":  "itaalia",
                   "DemoPaymentGatewayPageTitle":  "Portaali demomakselüüs",
                   "BroughtToYouBy":  "Pakkuja",
                   "DutchNetherlands":  "hollandi",
                   "EnableAutoRegisterRadioButtonText":  "Teavitage vaba koha tekkimisel ja registreerige automaatselt",
                   "Hebrew":  "heebrea",
                   "Amount":  "Summa:",
                   "CommunicationError":  "Meil on serveriga suhtlemisel probleeme.",
                   "AddAttendeeToWaitlist":  "Lisa osaleja ootenimekirja",
                   "InsufficentNumberOfPasses":  "Teie ostu kinnitamiseks pole piisavalt vabu pääsmeid.",
                   "Monday":  "esmaspäev",
                   "NoPassesEvent":  "Sellele sündmusele pole pääsmeid.",
                   "Thursday":  "neljapäev",
                   "EnterLastName":  "Sisestage oma perekonnanimi",
                   "ThankYouForRegistering":  "Täname sündmusele registreerumise eest!",
                   "RequiredRegistrationFieldMissing":  "Teie registreerimisvormil puudub vähemalt ühe osaleja kohta nõutav teave.",
                   "Sessions":  "Seansid",
                   "AssignedAttendees":  "Registreerimised",
                   "StartDate":  "Alguskuupäev",
                   "AddSessionToCart":  "Lisa seanss",
                   "AddAttendee":  "Lisa osaleja",
                   "ChangeLanguage":  "Vaheta keelt",
                   "EmailAddress":  "Meiliaadress",
                   "AttendeePassIdNotValid":  "Ühel osalejal on kehtetu ID-pääse ",
                   "FirstName":  "Eesnimi",
                   "FinalizationAfterTimeLimit":  "Ostu ei lõpetatud õigeaegselt.",
                   "CopyrightWithParam":  "Autoriõigus © {0}. Kõik õigused on kaitstud.",
                   "RefreshPage":  "Seanss on aegunud. Jätkamiseks värskendage lehte.",
                   "WaitlistedSessions":  "Ootejärjekorras seansid",
                   "EventCapacityReached":  "Sündmuse mahutavuse ülempiir on käes.",
                   "CardNumber":  "Kaardi number:",
                   "MaximumCapacityReached":  "See sündmus on välja müüdud, kuid saate registreeruda ootenimekirja. ",
                   "AutoRegister":  "Automaatne registreerimine",
                   "AttendeeHasWaitlistRegistrationsInfo":  "See registreeruja on ootejärjekorras üks või mitu seanssi.",
                   "Attendees":  "Osalejad",
                   "EnglishCanada":  "inglise (Kanada)",
                   "RegisterNow":  "Registreeruge kohe",
                   "Newest":  "Uuemad",
                   "SoldOut":  "Välja müüdud",
                   "SessionCartHeader":  "Seansi korv",
                   "SwedishSweden":  "rootsi",
                   "Pass":  "Pääse",
                   "SelectedSessions":  "Valitud seansid",
                   "Waitlist":  "Ootejärjekord",
                   "Name":  "Nimi",
                   "Bulgarian":  "bulgaaria",
                   "Remove":  "Eemalda",
                   "SponsorName":  "Sponsori nimi",
                   "NoRegistrationsFound":  "Ühtegi registreerimist ei leitud",
                   "SessionFullyBooked":  "Täielikult reserveeritud",
                   "CancelRegistrationEventMessage":  "Kas soovite kindlasti toote {0} registreerimisest loobuda?",
                   "NoSessionsAssociated":  "Selle pääsmega pole seostatud ühtegi seanssi.",
                   "RomanianRomania":  "rumeenia",
                   "AnonymousRegistrationNotAllowed":  "Sellele sündmusele registreerumiseks peate esmalt konto looma ja sisse logima.",
                   "Search":  "Otsing",
                   "SignOut":  "Logi välja",
                   "NoSessionsAssigned":  "Ühtegi seanssi pole määratud.",
                   "MyRegistrations":  "Minu registreerumised",
                   "Cancel":  "Tühista",
                   "SortBy":  "Sortimisalus:",
                   "AddAnotherAttendee":  "Lisa veel mõni osaleja",
                   "CancelPayment":  "Tühista makse",
                   "AttendeeAutoRegistrationInfo":  "See osaleja registreeritakse automaatselt niipea kui võimsus on saadaval.",
                   "CancelRegistration":  "Tühista registreerimine",
                   "Korean":  "korea",
                   "Turkish":  "türgi",
                   "FrenchFrance":  "prantsuse (Prantsusmaa)",
                   "AdditionalInformationAvailable":  "Lisateave on saadaval",
                   "DiscardChanges":  "Hülga muudatused",
                   "MaximumSessionCapacityReached":  "See seanss on välja müüdud.",
                   "MyWaitlistItems":  "Minu ootejärjekorra tooted",
                   "Slovak":  "slovaki",
                   "AttendeeDetails":  "Osaleja üksikasjad",
                   "Polish":  "poola",
                   "StartTime":  "Algusaeg",
                   "EmailInvalid":  "Sisestage kehtiv meiliaadress.",
                   "DisableAutoRegisterRadioButtonText":  "Teavitage vaba koha tekkimisel, kuid ärge automaatselt registreerige",
                   "PaymentDetails":  "Makse üksikasjad",
                   "EnterEmailAddress":  "Sisestage oma meiliaadress",
                   "RegisteredSince":  "Registreeritud alates",
                   "MultiAttendeeRegistrationNotEnabled":  "See sündmus ei luba mitme osaleja korraga registreerimist.",
                   "ChineseTaiwan":  "hiina (Taiwan)",
                   "Oldest":  "Vanemad",
                   "Home":  "Avaleht",
                   "Latvian":  "läti",
                   "SessionName":  "Seansi nimi",
                   "NoChoice":  "Pole valikut",
                   "Events":  "Sündmused",
                   "Russian":  "vene",
                   "No":  "Ei",
                   "RemoveAttendee":  "Eemalda osaleja",
                   "Estonian":  "eesti",
                   "WaitlistRegistrationNotAllowedErrorMessage":  "Selle sündmuse või seansi jaoks pole ootejärjekord saadaval.",
                   "Event":  "Sündmus",
                   "Copyright":  "Autoriõigus © 2018. Kõik õigused on kaitstud.",
                   "OrderSummary":  "Tellimuse kokkuvõte",
                   "NoSessionsTrack":  "Selle seansijälgimisega pole seotud ühtegi seanssi.",
                   "FinalizationNotEnabled":  "Selle funktsiooni kasutamiseks peate lubama demo maksekinnituse.",
                   "AlreadyRegistered":  "Juba registreeritud",
                   "RegistrationFailed":  "Registreerumise tühistamisega ilmnes probleem",
                   "SessionNotLive":  "Seanss, millele proovite registreeruda, ei aktsepteeri uusi registreerimisi.",
                   "Danish":  "taani",
                   "Vietnamese":  "vietnami",
                   "FirstNameRequired":  "Eesnimi on nõutav.",
                   "EditingWaitlistedAttendee":  "Ootenimekirja lisatud osaleja redigeerimine",
                   "EnterFirstName":  "Sisestage oma eesnimi",
                   "LastName":  "Perekonnanimi",
                   "NoWaitlistItemsFound":  "Ootejärjekorra tooteid ei leitud",
                   "Yes":  "Jah",
                   "Greek":  "kreeka",
                   "SaveChanges":  "Salvesta muudatused",
                   "EditAttendee":  "Osaleja redigeerimine",
                   "EmailRequired":  "Meiliaadress on nõutav.",
                   "NoSessionsEvent":  "Sellel sündmusel pole seansse.",
                   "ShowSessions":  "Kuvage seansid",
                   "PassInformation":  "Pääsme teave",
                   "EventNotFound":  "Proovite registreeruda sündmusele, mida pole olemas.",
                   "AddedSince":  "Lisatud alates",
                   "Finnish":  "soome",
                   "Chinese":  "Hiina keel (Hiina)",
                   "Profile":  "Profiil",
                   "NorwegianBokml":  "norra",
                   "ChineseHongKong":  "hiina (Hongkong)",
                   "PortuguesePortugal":  "portugali (Portugal)"
               },
    "isJapanese":  false
}
