﻿{
    "labels":  {
                   "NoSpeakersEvent":  "Šim notikumam nav piešķirts neviens skaļrunis.",
                   "EnglishAustralia":  "Angļu (Austrālija)",
                   "Building":  "Ēka",
                   "SignIn":  "Pierakstīties",
                   "CardHolder":  "Kartes īpašnieks:",
                   "Lithuanian":  "Lietuviešu",
                   "InvalidValueForRequiredRegistrationField":  "Jūsu reģistrācijas obligātajā laukā ir ietverta nederīga vērtība.",
                   "EnglishGB":  "Angļu (GB)",
                   "Tuesday":  "Otrdiena",
                   "RegisterAttendees":  "Reģistrēt dalībniekus",
                   "GermanGermany":  "Vācu",
                   "Submit":  "Iesniegt",
                   "SessionTracks":  "Sesiju izsekošana",
                   "CancelRegistrationError":  "Atceļot reģistrāciju, radās problēma.",
                   "EventRegistrationTitle":  "Pasākuma reģistrācija",
                   "SerbianCyrillic":  "Serbu (kirilica)",
                   "FrenchCanada":  "Franču (Kanāda)",
                   "Basque":  "Basku",
                   "SessionsIncludedInPass":  "Kartē iekļautās sesijas",
                   "Indonesian":  "Indonēziešu",
                   "SelectAPass":  "Atlasiet ieejas karti",
                   "Galician":  "Galisiešu",
                   "RegistrationConfirmation":  "Reģistrācijas apstiprinājums",
                   "Croatian":  "Horvātu",
                   "Thai":  "Taju",
                   "FinalizationNotAllowed":  "Ievadītā CAPTCHA vērtība neatbilst oriģinālam. Mēģiniet vēlreiz.",
                   "MaximumNoAttendeesReached":  "Ieejas kartes uz šo notikumu ir izpārdotas.",
                   "WebsiteColon":  "Tīmekļa vietne:",
                   "Friday":  "Piektdiena",
                   "OnlyWaitlistRegistrationPossibleText":  "Šīs sesijas nogaides sarakstam tiks pievienoti jauni reģistranti.",
                   "EditingAttendee":  "Dalībnieka datu rediģēšana",
                   "Register":  "Reģistrēt",
                   "ArabicSaudiArabia":  "Arābu",
                   "WaitForRegistrationsToAppear":  "Lūdzu, ņemiet vērā, ka reģistrāciju apstrāde var aizkavēties.",
                   "EndTime":  "Beigu laiks",
                   "MyAccount":  "Mans uzņēmums",
                   "RequestTimedOut":  "Jūsu reģistrācijas apstrādes laiks bija pārāk ilgs. Lūdzu, mēģiniet vēlreiz.",
                   "Hungarian":  "Ungāru",
                   "NoSponsorshipsEvent":  "Šim notikumam nav neviena sponsora.",
                   "AvailableEvents":  "Pieejamie pasākumi",
                   "Wednesday":  "Trešdiena",
                   "EventName":  "Notikuma nosaukums",
                   "Sunday":  "Svētdiena",
                   "LastNameRequired":  "Uzvārds ir obligāts.",
                   "RemoveMessage":  "Vai tiešām vēlaties dzēst {0} {1}?",
                   "Japanese":  "Japāņu",
                   "AttendeeSessionIdNotValid":  "Vienam dalībniekam ir nederīgs ieejas ID.",
                   "Email":  "E-pasts",
                   "NoSessionTracksEvent":  "Šim notikumam nav nevienas sesijas izsekošanas.",
                   "AZ":  "A–Z",
                   "AnonymousAccessNotAllowedError":  "Piesakieties, lai turpinātu.",
                   "EventCapacityExceeding":  "Šādu dalībnieku skaitu nevar reģistrēt, jo tas pārsniedz maksimālo pasākumam atļauto noslodzi.",
                   "PassPrice":  "Kartes cena",
                   "ZA":  "Z–A",
                   "PortugueseBrazil":  "Portugāļu (Brazīlija)",
                   "AttendeeInformation":  "Dalībnieku informācija",
                   "EmulatePayment":  "Emulēt maksājumu",
                   "Session":  "Sesija",
                   "Speakers":  "Runātāji",
                   "EnglishUS":  "Angļu (US)",
                   "Processing":  "Notiek apstrāde",
                   "BlogColon":  "Emuārs:",
                   "TooManyAttendees":  "Vienlaicīgi var reģistrēt ne vairāk kā 50 dalībniekus. Ja nepieciešams reģistrēt vairāk apmeklētāju, izveidojiet papildu reģistrācijas.",
                   "RemoveSession":  "Dzēst sesiju",
                   "SerbianLatin":  "Serbu (latīņu alfabēts)",
                   "Catalan":  "Kataloniešu",
                   "EventNotLive":  "Pasākumam, kuram mēģinājāt reģistrēties, netiek pieņemtas jaunas reģistrācijas.",
                   "Ukrainian":  "Ukraiņu",
                   "Slovenian":  "Slovēņu",
                   "Saturday":  "Sestdiena",
                   "SignInForEditingAttendee":  "Pierakstieties, lai reģistrētos pasākumam",
                   "Checkout":  "Paņemšana",
                   "Registration":  "Reģistrācija",
                   "Czech":  "Čehu",
                   "FinishRegistration":  "Pabeigt reģistrāciju",
                   "SpanishSpain":  "Spāņu (Spānija)",
                   "EndDate":  "Beigu datums",
                   "WaitlistedAttendees":  "Nogaides sarakstā iekļautie dalībnieki",
                   "Description":  "Apraksts:",
                   "ItalianItaly":  "Itāļu",
                   "DemoPaymentGatewayPageTitle":  "Demonstrācijas maksājumu vārteja",
                   "BroughtToYouBy":  "Jums nodrošināja šī persona",
                   "DutchNetherlands":  "Holandiešu",
                   "EnableAutoRegisterRadioButtonText":  "Automātiski reģistrēt un paziņot, kad ir pieejama brīva vieta",
                   "Hebrew":  "Ivrits",
                   "Amount":  "Apjoms/summa:",
                   "CommunicationError":  "Veidojot savienojumu ar serveri, radās kļūda.",
                   "AddAttendeeToWaitlist":  "Pievienot dalībnieku nogaides sarakstam",
                   "InsufficentNumberOfPasses":  "Nepietiek ieejas karšu, lai finalizētu iegādi.",
                   "Monday":  "Pirmdiena",
                   "NoPassesEvent":  "Šim notikumam nav nevienas ieejas kartes.",
                   "Thursday":  "Ceturtdiena",
                   "EnterLastName":  "Ievadiet uzvārdu",
                   "ThankYouForRegistering":  "Paldies, ka reģistrējāties šim pasākumam!",
                   "RequiredRegistrationFieldMissing":  "Vismaz vienam jūsu reģistrācijas dalībniekam trūkst obligātās informācijas.",
                   "Sessions":  "Sesijas",
                   "AssignedAttendees":  "Reģistrācijas",
                   "StartDate":  "Sākuma datums",
                   "AddSessionToCart":  "Pievienot sesiju",
                   "AddAttendee":  "Pievienot dalībnieku",
                   "ChangeLanguage":  "Mainīt valodu",
                   "EmailAddress":  "E-pasta adrese",
                   "AttendeePassIdNotValid":  "Vienam dalībniekam ir nederīgs ieejas ID.",
                   "FirstName":  "Vārds",
                   "FinalizationAfterTimeLimit":  "Pirkums netika pabeigts laikā.",
                   "CopyrightWithParam":  "Autortiesības © {0}. Visas tiesības paturētas.",
                   "RefreshPage":  "Sesija ir beigusies. Lai turpinātu strādāt, lūdzu, atsvaidziniet lapu.",
                   "WaitlistedSessions":  "nogaides sarakstā iekļautās sesija(s)",
                   "EventCapacityReached":  "Tika sasniegta maksimālā pasākumam atļautā noslodze.",
                   "CardNumber":  "Kartes numurs:",
                   "MaximumCapacityReached":  "Šis notikums ir izpārdots, bet jūs varat reģistrēties nogaides sarakstā. ",
                   "AutoRegister":  "Automātiski reģistrēt",
                   "AttendeeHasWaitlistRegistrationsInfo":  "Šis reģistrants ir iekļauts vismaz vienas sesijas nogaides sarakstā.",
                   "Attendees":  "Dalībnieki",
                   "EnglishCanada":  "Angļu (Kanāda)",
                   "RegisterNow":  "Reģistrējiet tūlīt",
                   "Newest":  "Jaunākie",
                   "SoldOut":  "Izpārdots",
                   "SessionCartHeader":  "Sesijas iepirkumu grozs",
                   "SwedishSweden":  "Zviedru",
                   "Pass":  "Karte",
                   "SelectedSessions":  "Atlasītās sesijas",
                   "Waitlist":  "Nogaides saraksts",
                   "Name":  "Nosaukums",
                   "Bulgarian":  "Bulgāru",
                   "Remove":  "Dzēst",
                   "SponsorName":  "Sponsora nosaukums",
                   "NoRegistrationsFound":  "Nevienu reģistrāciju neizdevās atrast",
                   "SessionFullyBooked":  "Pilnībā rezervēts",
                   "CancelRegistrationEventMessage":  "Vai tiešām vēlaties atcelt {0} reģistrāciju?",
                   "NoSessionsAssociated":  "Neviena sesija nav saistīta ar šo karti.",
                   "RomanianRomania":  "Rumāņu",
                   "AnonymousRegistrationNotAllowed":  "Lai varētu reģistrēties šim notikumam, jums ir jāizveido konts un jāpierakstās.",
                   "Search":  "Meklēt",
                   "SignOut":  "Izrakstīties",
                   "NoSessionsAssigned":  "Neviena sesija nav piešķirta.",
                   "MyRegistrations":  "Manas reģistrācijas",
                   "Cancel":  "Atcelt",
                   "SortBy":  "Kārtot pēc",
                   "AddAnotherAttendee":  "Pievienot citu dalībnieku",
                   "CancelPayment":  "Atcelt maksājumu",
                   "AttendeeAutoRegistrationInfo":  "Šis dalībnieks tiks automātiski reģistrēts, tiklīdz būs pieejama brīva vieta.",
                   "CancelRegistration":  "Atcelt reģistrāciju",
                   "Korean":  "Korejiešu",
                   "Turkish":  "Turku",
                   "FrenchFrance":  "Franču (Francija)",
                   "AdditionalInformationAvailable":  "Pieejamā papildinformācija",
                   "DiscardChanges":  "Atmest izmaiņas",
                   "MaximumSessionCapacityReached":  "Sesija ir izpārdota.",
                   "MyWaitlistItems":  "Mani nogaides saraksta elementi",
                   "Slovak":  "Slovāku",
                   "AttendeeDetails":  "Dalībnieka informācija",
                   "Polish":  "Poļu",
                   "StartTime":  "Sākuma laiks",
                   "EmailInvalid":  "Lūdzu, ievadiet derīgu e-pasta adresi.",
                   "DisableAutoRegisterRadioButtonText":  "Paziņot, bet nereģistrēt automātiski, kad ir pieejama brīva vieta",
                   "PaymentDetails":  "Maksājuma informācija",
                   "EnterEmailAddress":  "Ievadiet savu e-pasta adresi",
                   "RegisteredSince":  "Reģistrēts kopš",
                   "MultiAttendeeRegistrationNotEnabled":  "Šim pasākumam nav atļauta vairāku dalībnieku reģistrācija.",
                   "ChineseTaiwan":  "Ķīniešu (Taivāna)",
                   "Oldest":  "Vecākie",
                   "Home":  "Sākums",
                   "Latvian":  "Latviešu",
                   "SessionName":  "Sesijas nosaukums",
                   "NoChoice":  "Nav izvēles",
                   "Events":  "Notikumi",
                   "Russian":  "Krievu",
                   "No":  "Nē",
                   "RemoveAttendee":  "Noņemt dalībnieku",
                   "Estonian":  "Igauņu",
                   "WaitlistRegistrationNotAllowedErrorMessage":  "Šim pasākumam vai sesijai nav pieejams neviens nogaides saraksts.",
                   "Event":  "Notikums",
                   "Copyright":  "Autortiesības © 2018. Visas tiesības paturētas.",
                   "OrderSummary":  "Pasūtījuma kopsavilkums",
                   "NoSessionsTrack":  "Šai sesijas izsekošanai nav nevienas sesijas.",
                   "FinalizationNotEnabled":  "Lai izmantotu šo funkciju, jāiespējo maksājuma apstiprinājuma demonstrācija.",
                   "AlreadyRegistered":  "Jau reģistrēts",
                   "RegistrationFailed":  "Radās ar reģistrāciju saistīta problēma",
                   "SessionNotLive":  "Sesijai, kuram mēģinājāt reģistrēties, netiek pieņemtas jaunas reģistrācijas.",
                   "Danish":  "Dāņu",
                   "Vietnamese":  "Vjetnamiešu",
                   "FirstNameRequired":  "Vārds ir obligāts.",
                   "EditingWaitlistedAttendee":  "Nogaides saraksta dalībnieka datu rediģēšana",
                   "EnterFirstName":  "Ievadiet savu vārdu",
                   "LastName":  "Uzvārds",
                   "NoWaitlistItemsFound":  "Neviens nogaides saraksta elements netika atrasts",
                   "Yes":  "Jā",
                   "Greek":  "Grieķu",
                   "SaveChanges":  "Saglabāt izmaiņas",
                   "EditAttendee":  "Rediģēt dalībnieku",
                   "EmailRequired":  "E-pasta adrese ir obligāta.",
                   "NoSessionsEvent":  "Šim notikumam nav nevienas sesijas.",
                   "ShowSessions":  "parādīt sesijas",
                   "PassInformation":  "Informācija par ieejas karti",
                   "EventNotFound":  "Notikums, kam mēģināt reģistrēties, nepastāv.",
                   "AddedSince":  "Pievienots kopš",
                   "Finnish":  "Somu",
                   "Chinese":  "Ķīniešu (Ķīna)",
                   "Profile":  "Profils",
                   "NorwegianBokml":  "Norvēģu",
                   "ChineseHongKong":  "Ķīniešu (Honkonga)",
                   "PortuguesePortugal":  "Portugāļu (Portugāle)"
               },
    "isJapanese":  false
}
