﻿{
    "labels":  {
                   "NoSpeakersEvent":  "Šis įvykis neturi jokių priskirtų kalbėtojų.",
                   "EnglishAustralia":  "Anglų (Australija)",
                   "Building":  "Pastatas",
                   "SignIn":  "Prisijungti",
                   "CardHolder":  "Kortelės savininkas:",
                   "Lithuanian":  "Lietuvių",
                   "InvalidValueForRequiredRegistrationField":  "Jūsų registracijoje yra netinkama būtino lauko reikšmė.",
                   "EnglishGB":  "Anglų (DB)",
                   "Tuesday":  "Antradienis",
                   "RegisterAttendees":  "Registruoti dalyvius",
                   "GermanGermany":  "Vokiečių",
                   "Submit":  "Pateikti",
                   "SessionTracks":  "Seansų sekimas",
                   "CancelRegistrationError":  "Kilo problema atšaukiant registraciją.",
                   "EventRegistrationTitle":  "Įvykio registravimas",
                   "SerbianCyrillic":  "Serbų (kirilica)",
                   "FrenchCanada":  "Prancūzų (Kanada)",
                   "Basque":  "Baskų",
                   "SessionsIncludedInPass":  "Seansai, įtraukti į leidimą",
                   "Indonesian":  "Indoneziečių",
                   "SelectAPass":  "Pasirinkite nemokamą bilietą",
                   "Galician":  "Galų",
                   "RegistrationConfirmation":  "Registracijos patvirtinimas",
                   "Croatian":  "Kroatų",
                   "Thai":  "Tajų",
                   "FinalizationNotAllowed":  "Jūsų pateikta CAPTCHA reikšmė neatitinka. Bandykite dar kartą.",
                   "MaximumNoAttendeesReached":  "Šis įvykis išparduotas.",
                   "WebsiteColon":  "Žiniatinklio svetainė:",
                   "Friday":  "Penktadienis",
                   "OnlyWaitlistRegistrationPossibleText":  "Nauji besiregistruojantieji bus pridėti prie šio seanso laukiančiųjų sąrašo.",
                   "EditingAttendee":  "Dalyvio redagavimas",
                   "Register":  "Registruotis",
                   "ArabicSaudiArabia":  "Arabų",
                   "WaitForRegistrationsToAppear":  "Atkreipkite dėmesį, kad gali būti vėluojama apdoroti jūsų registracijas.",
                   "EndTime":  "Pabaigos laikas",
                   "MyAccount":  "Mano paskyra",
                   "RequestTimedOut":  "Jūsų registracijos apdorojimas užtruko per ilgai. Bandykite dar kartą.",
                   "Hungarian":  "Vengrų",
                   "NoSponsorshipsEvent":  "Šis įvykis neturi jokių rėmėjų.",
                   "AvailableEvents":  "Galimi įvykiai",
                   "Wednesday":  "Trečiadienis",
                   "EventName":  "Įvykio pavadinimas",
                   "Sunday":  "Sekmadienis",
                   "LastNameRequired":  "Reikalinga pavardė.",
                   "RemoveMessage":  "Ar tikrai norite pašalinti {0} {1}?",
                   "Japanese":  "Japonų",
                   "AttendeeSessionIdNotValid":  "Nurodytas netinkamas vieno iš dalyvių abonemento ID",
                   "Email":  "El. paštas",
                   "NoSessionTracksEvent":  "Šis įvykis neturi jokių seanso sekimų.",
                   "AZ":  "A–Z",
                   "AnonymousAccessNotAllowedError":  "Norėdami tęsti turite prisijungti.",
                   "EventCapacityExceeding":  "Negalite užsiregistruoti tie daug dalyvių, nes tai viršytų maksimalų renginio pajėgumą.",
                   "PassPrice":  "Abonemento kaina",
                   "ZA":  "Z–A",
                   "PortugueseBrazil":  "Portugalų (Brazilija)",
                   "AttendeeInformation":  "Dalyvio informacija",
                   "EmulatePayment":  "Imituoti mokėjimą",
                   "Session":  "Seansas",
                   "Speakers":  "Kalbėtojai",
                   "EnglishUS":  "Anglų (JAV)",
                   "Processing":  "Apdorojama",
                   "BlogColon":  "Tinklaraštis:",
                   "TooManyAttendees":  "Vienu metu užregistruoti galite tik iki 50 dalyvių. Jei reikia užregistruoti daugiau dalyvių, sukurkite papildomų registracijų.",
                   "RemoveSession":  "Pašalinti seansą",
                   "SerbianLatin":  "Serbų (lotynų)",
                   "Catalan":  "Katalonų",
                   "EventNotLive":  "Renginiui, į kurį bandote registruotis, nepriimamos naujos registracijos.",
                   "Ukrainian":  "Ukrainiečių",
                   "Slovenian":  "Slovėnų",
                   "Saturday":  "Šeštadienis",
                   "SignInForEditingAttendee":  "Prisijungti įvykio registracijai",
                   "Checkout":  "Išsiregistruoti",
                   "Registration":  "Registracija",
                   "Czech":  "Čekų",
                   "FinishRegistration":  "Baigti registravimą",
                   "SpanishSpain":  "Ispanų (Ispanijos)",
                   "EndDate":  "Pabaigos data",
                   "WaitlistedAttendees":  "Laukimo sąrašo dalyviai",
                   "Description":  "Aprašas:",
                   "ItalianItaly":  "Italų",
                   "DemoPaymentGatewayPageTitle":  "Demonstracinė mokėjimo tinklų sąsaja",
                   "BroughtToYouBy":  "Jums pateikė",
                   "DutchNetherlands":  "Olandų",
                   "EnableAutoRegisterRadioButtonText":  "Automatiškai registruoti ir pranešti, kai atsiranda laisva vieta",
                   "Hebrew":  "Hebrajų",
                   "Amount":  "Suma:",
                   "CommunicationError":  "Mums kilo ryšio su serveriu problemų.",
                   "AddAttendeeToWaitlist":  "Pridėti dalyvį prie laukimo sąrašo",
                   "InsufficentNumberOfPasses":  "Nėra pakankamai nemokamų bilietų, kad galėtumėte užbaigti savo pirkimą.",
                   "Monday":  "Pirmadienis",
                   "NoPassesEvent":  "Šis įvykis neturi jokių nemokamų bilietų.",
                   "Thursday":  "Ketvirtadienis",
                   "EnterLastName":  "Įveskite savo pavardę",
                   "ThankYouForRegistering":  "Ačiū, kad užsiregistravote dalyvauti šiame įvykyje!",
                   "RequiredRegistrationFieldMissing":  "Jūsų registracijoje nėra bent vieno dalyvio būtinos informacijos.",
                   "Sessions":  "Seansai",
                   "AssignedAttendees":  "Registracijos",
                   "StartDate":  "Pradžios data",
                   "AddSessionToCart":  "Pridėti seansą",
                   "AddAttendee":  "Pridėti dalyvį",
                   "ChangeLanguage":  "Keisti kalbą",
                   "EmailAddress":  "El. pašto adresas",
                   "AttendeePassIdNotValid":  "Nurodytas netinkamas vieno iš dalyvių abonemento ID ",
                   "FirstName":  "Vardas",
                   "FinalizationAfterTimeLimit":  "Pirkimas nebuvo užbaigtas laiku.",
                   "CopyrightWithParam":  "© {0}. Visos teisės saugomos.",
                   "RefreshPage":  "Seansas pasibaigė. Norėdami tęsti, atnaujinkite puslapį.",
                   "WaitlistedSessions":  "laukiančiųjų sąrašo seansas (-ai)",
                   "EventCapacityReached":  "Pasiektas maksimalus renginio pajėgumas.",
                   "CardNumber":  "Kortelės numeris:",
                   "MaximumCapacityReached":  "Šis įvykis parduotas, tačiau vis tiek galite užsiregistruoti į laukiančiųjų sąrašą. ",
                   "AutoRegister":  "Automatiškai užregistruoti",
                   "AttendeeHasWaitlistRegistrationsInfo":  "Šis besiregistruojantis yra vieno ar kelių seansų laukiančiųjų sąraše.",
                   "Attendees":  "Dalyviai",
                   "EnglishCanada":  "Anglų (Kanada)",
                   "RegisterNow":  "Registruotis dabar",
                   "Newest":  "Naujausi",
                   "SoldOut":  "Parduota",
                   "SessionCartHeader":  "Seanso kortelė",
                   "SwedishSweden":  "Švedų",
                   "Pass":  "Pavyko",
                   "SelectedSessions":  "Pasirinkti seansai",
                   "Waitlist":  "Laukiančiųjų sąrašas",
                   "Name":  "Pavadinimas",
                   "Bulgarian":  "Bulgarų",
                   "Remove":  "Šalinti",
                   "SponsorName":  "Rėmėjo pavadinimas",
                   "NoRegistrationsFound":  "Registravimų nerasta",
                   "SessionFullyBooked":  "Viskas rezervuota",
                   "CancelRegistrationEventMessage":  "Ar tikrai norite atšaukti „{0}“ registravimą?",
                   "NoSessionsAssociated":  "Nėra seansų, susietų su šiuo leidimu.",
                   "RomanianRomania":  "Rumunų",
                   "AnonymousRegistrationNotAllowed":  "Turite sukurti paskyrą ir prisijungti, kad galėtumėte užsiregistruoti į šį įvykį.",
                   "Search":  "Ieška",
                   "SignOut":  "Atsijungti",
                   "NoSessionsAssigned":  "Nėra priskirtų seansų.",
                   "MyRegistrations":  "Mano registravimai",
                   "Cancel":  "Atšaukti",
                   "SortBy":  "Rikiuoti pagal",
                   "AddAnotherAttendee":  "Pridėti kitą dalyvį",
                   "CancelPayment":  "Atšaukti mokėjimą",
                   "AttendeeAutoRegistrationInfo":  "Šis dalyvio bus automatiškai užregistruotas, kai tik pajėgumas bus laisvas.",
                   "CancelRegistration":  "Atšaukti registravimą",
                   "Korean":  "Korėjiečių",
                   "Turkish":  "Turkų",
                   "FrenchFrance":  "Prancūzų (Prancūzijos)",
                   "AdditionalInformationAvailable":  "Yra papildomos informacijos",
                   "DiscardChanges":  "Atsisakyti pakeitimų",
                   "MaximumSessionCapacityReached":  "Šis seansas išparduotas.",
                   "MyWaitlistItems":  "Mano laukiančiųjų sąrašo elementai",
                   "Slovak":  "Slovakų",
                   "AttendeeDetails":  "Dalyvio išsami informacija",
                   "Polish":  "Lenkų",
                   "StartTime":  "Pradžios laikas",
                   "EmailInvalid":  "Įveskite galiojantį el. pašto adresą.",
                   "DisableAutoRegisterRadioButtonText":  "Pranešti, bet neregistruoti automatiškai, kai atsiranda laisva vieta",
                   "PaymentDetails":  "Mokėjimo informacija",
                   "EnterEmailAddress":  "Įveskite savo el. pašto adresą",
                   "RegisteredSince":  "Užsiregistravęs nuo",
                   "MultiAttendeeRegistrationNotEnabled":  "Į šį renginį neleidžiama kelių dalyvių registracija.",
                   "ChineseTaiwan":  "Kinų (Taivanas)",
                   "Oldest":  "Seniausi",
                   "Home":  "Pagrindinis",
                   "Latvian":  "Latvių",
                   "SessionName":  "Seanso pavadinimas",
                   "NoChoice":  "Nėra parinkties",
                   "Events":  "Įvykiai",
                   "Russian":  "Rusų",
                   "No":  "Ne",
                   "RemoveAttendee":  "Pašalinti dalyvį",
                   "Estonian":  "Estų",
                   "WaitlistRegistrationNotAllowedErrorMessage":  "Šiam renginiui arba seansui nėra laukiančiųjų sąrašo.",
                   "Event":  "Įvykis",
                   "Copyright":  "© 2018. Visos teisės ginamos.",
                   "OrderSummary":  "Užsakymo suvestinė",
                   "NoSessionsTrack":  "Šis seanso sekimas neturi jokių seansų.",
                   "FinalizationNotEnabled":  "Norėdami naudoti šią funkciją, turite įjungti demonstracinį mokėjimo patvirtinimą.",
                   "AlreadyRegistered":  "Jau užregistruota",
                   "RegistrationFailed":  "Kilo registracijos problema",
                   "SessionNotLive":  "Į seansą, į kurį bandote registruotis, nepriimamos naujos registracijos.",
                   "Danish":  "Danų",
                   "Vietnamese":  "Vietnamiečių",
                   "FirstNameRequired":  "Reikalingas vardas.",
                   "EditingWaitlistedAttendee":  "Laukimo sąrašo dalyvio redagavimas",
                   "EnterFirstName":  "Įveskite savo vardą",
                   "LastName":  "Pavardė",
                   "NoWaitlistItemsFound":  "Laukiančiųjų sąrašo elementų nerasta",
                   "Yes":  "Taip",
                   "Greek":  "Graikų",
                   "SaveChanges":  "Įrašyti keitimus",
                   "EditAttendee":  "Redaguoti dalyvį",
                   "EmailRequired":  "Reikalingas el. paštas.",
                   "NoSessionsEvent":  "Šis įvykis neturi jokių seansų.",
                   "ShowSessions":  "rodyti seansus",
                   "PassInformation":  "Nemokamo bilieto informacija",
                   "EventNotFound":  "Įvykio, į kurį bandote užsiregistruoti, nėra.",
                   "AddedSince":  "Pridėta nuo",
                   "Finnish":  "Suomių",
                   "Chinese":  "Kinų (Kinija)",
                   "Profile":  "Profilis",
                   "NorwegianBokml":  "Norvegų",
                   "ChineseHongKong":  "Kinų (Honkongo)",
                   "PortuguesePortugal":  "Portugalų (Portugalija)"
               },
    "isJapanese":  false
}
