﻿{
    "labels":  {
                   "NoSpeakersEvent":  "Sự kiện này không có bất kỳ người phát biểu nào được chỉ định cho sự kiện.",
                   "EnglishAustralia":  "Tiếng Anh (Australia)",
                   "Building":  "Tòa nhà",
                   "SignIn":  "Đăng nhập",
                   "CardHolder":  "Chủ thẻ:",
                   "Lithuanian":  "Tiếng Litva",
                   "InvalidValueForRequiredRegistrationField":  "Đăng ký của bạn bao gồm giá trị không hợp lệ cho trường bắt buộc.",
                   "EnglishGB":  "Tiếng Anh (Anh)",
                   "Tuesday":  "Thứ ba",
                   "RegisterAttendees":  "Đăng ký người tham gia",
                   "GermanGermany":  "Tiếng Đức",
                   "Submit":  "Gửi",
                   "SessionTracks":  "Theo dõi phiên",
                   "CancelRegistrationError":  "Đã xảy ra lỗi khi hủy đăng ký.",
                   "EventRegistrationTitle":  "Đăng ký sự kiện",
                   "SerbianCyrillic":  "Tiếng Serbia (Kirin)",
                   "FrenchCanada":  "Tiếng Pháp (Canada)",
                   "Basque":  "Tiếng Basque",
                   "SessionsIncludedInPass":  "Các phiên có trong thẻ",
                   "Indonesian":  "Tiếng Indonesia",
                   "SelectAPass":  "Chọn người tham dự",
                   "Galician":  "Tiếng Galicia",
                   "RegistrationConfirmation":  "Xác nhận đăng ký",
                   "Croatian":  "Tiếng Croatia",
                   "Thai":  "Tiếng Thái",
                   "FinalizationNotAllowed":  "Giá trị CAPTCHA bạn đã cung cấp không khớp. Vui lòng thử lại.",
                   "MaximumNoAttendeesReached":  "Sự kiện này đã được bán hết.",
                   "WebsiteColon":  "Trang web:",
                   "Friday":  "Thứ sáu",
                   "OnlyWaitlistRegistrationPossibleText":  "Người đăng ký mới sẽ được thêm vào danh sách chờ cho phiên này.",
                   "EditingAttendee":  "Sửa người tham dự",
                   "Register":  "Đăng ký",
                   "ArabicSaudiArabia":  "Tiếng Ả Rập",
                   "WaitForRegistrationsToAppear":  "Xin lưu ý rằng quá trình xử lý đăng ký của bạn có thể bị trì hoãn.",
                   "EndTime":  "Thời gian kết thúc",
                   "MyAccount":  "Tài khoản của tôi",
                   "RequestTimedOut":  "Đăng ký của bạn mất quá nhiều thời gian để xử lý. Vui lòng thử lại.",
                   "Hungarian":  "Tiếng Hungary",
                   "NoSponsorshipsEvent":  "Sự kiện này không có bất kỳ nhà tài trợ nào.",
                   "AvailableEvents":  "Sự kiện có sẵn",
                   "Wednesday":  "Thứ tư",
                   "EventName":  "Tên sự kiện",
                   "Sunday":  "Chủ nhật",
                   "LastNameRequired":  "Cần có họ.",
                   "RemoveMessage":  "Bạn có chắc chắn muốn xóa {0} {1} không?",
                   "Japanese":  "Tiếng Nhật",
                   "AttendeeSessionIdNotValid":  "Một trong số những người tham dự có ID vé không hợp lệ",
                   "Email":  "Email",
                   "NoSessionTracksEvent":  "Sự kiện này không có bất kỳ lần theo dõi phiên nào.",
                   "AZ":  "A-Z",
                   "AnonymousAccessNotAllowedError":  "Bạn phải đăng nhập để tiếp tục.",
                   "EventCapacityExceeding":  "Bạn không thể đăng ký số người tham dự đó vì như vậy sẽ vượt quá sức chứa tối đa cho sự kiện.",
                   "PassPrice":  "Giá bán thẻ",
                   "ZA":  "Z-A",
                   "PortugueseBrazil":  "Tiếng Bồ Đào Nha (Brazil)",
                   "AttendeeInformation":  "Thông tin người tham dự",
                   "EmulatePayment":  "Mô phỏng thanh toán",
                   "Session":  "Phiên",
                   "Speakers":  "Người phát biểu",
                   "EnglishUS":  "Tiếng Anh (Mỹ)",
                   "Processing":  "Đang xử lý",
                   "BlogColon":  "Blog:",
                   "TooManyAttendees":  "Bạn chỉ có thể đăng ký tối đa 50 người tham dự mỗi lần. Vui lòng tạo thêm đăng ký nếu bạn cần đăng ký nhiều người tham dự hơn mức này.",
                   "RemoveSession":  "Xóa phiên",
                   "SerbianLatin":  "Tiếng Serbia (Tiếng La-tinh)",
                   "Catalan":  "Tiếng Catalan",
                   "EventNotLive":  "Sự kiện bạn đang cố đăng ký không chấp nhận đăng ký mới.",
                   "Ukrainian":  "Tiếng Ukraine",
                   "Slovenian":  "Tiếng Slovenia",
                   "Saturday":  "Thứ bảy",
                   "SignInForEditingAttendee":  "Đăng nhập để đăng ký sự kiện",
                   "Checkout":  "Thanh toán",
                   "Registration":  "Đăng ký",
                   "Czech":  "Tiếng Séc",
                   "FinishRegistration":  "Hoàn tất đăng ký",
                   "SpanishSpain":  "Tiếng Tây Ban Nha (Tây Ban Nha)",
                   "EndDate":  "Ngày kết thúc",
                   "WaitlistedAttendees":  "Người tham dự trong danh sách chờ",
                   "Description":  "Mô tả:",
                   "ItalianItaly":  "Tiếng Italy",
                   "DemoPaymentGatewayPageTitle":  "Cổng thanh toán demo",
                   "BroughtToYouBy":  "Người mang đến cho bạn",
                   "DutchNetherlands":  "Tiếng Hà Lan",
                   "EnableAutoRegisterRadioButtonText":  "Tự động đăng ký và thông báo khi có chỗ trống",
                   "Hebrew":  "Tiếng Do Thái",
                   "Amount":  "Số tiền:",
                   "CommunicationError":  "Chúng tôi đã gặp lỗi khi giao tiếp với máy chủ.",
                   "AddAttendeeToWaitlist":  "Thêm người tham dự vào danh sách chờ",
                   "InsufficentNumberOfPasses":  "Số thẻ còn lại không đủ để hoàn tất giao mua của bạn.",
                   "Monday":  "Thứ hai",
                   "NoPassesEvent":  "Sự kiện này không có bất kỳ người tham dự nào.",
                   "Thursday":  "Thứ năm",
                   "EnterLastName":  "Nhập họ của bạn",
                   "ThankYouForRegistering":  "Cảm ơn bạn đã đăng ký dự sự kiện!",
                   "RequiredRegistrationFieldMissing":  "Đăng ký của bạn thiếu thông tin bắt buộc cho ít nhất một người tham dự.",
                   "Sessions":  "Phiên",
                   "AssignedAttendees":  "Đăng ký",
                   "StartDate":  "Ngày bắt đầu",
                   "AddSessionToCart":  "Thêm phiên",
                   "AddAttendee":  "Thêm người tham dự",
                   "ChangeLanguage":  "Thay đổi ngôn ngữ",
                   "EmailAddress":  "Địa chỉ email",
                   "AttendeePassIdNotValid":  "Một trong số những người tham dự có ID vé không hợp lệ ",
                   "FirstName":  "Tên",
                   "FinalizationAfterTimeLimit":  "Giao dịch mua hoàn tất không đúng giờ.",
                   "CopyrightWithParam":  "Bản quyền © {0}. Bảo lưu mọi quyền.",
                   "RefreshPage":  "Phiên đã hết hạn. Vui lòng làm mới trang để tiếp tục.",
                   "WaitlistedSessions":  "(các) phiên trong danh sách chờ",
                   "EventCapacityReached":  "Sự kiện đã đạt tới sức chứa tối đa.",
                   "CardNumber":  "Số thẻ:",
                   "MaximumCapacityReached":  "Sự kiện này đã được bán hết, nhưng bạn vẫn có thể đăng ký danh sách chờ.",
                   "AutoRegister":  "Đăng ký tự động",
                   "AttendeeHasWaitlistRegistrationsInfo":  "Người đăng ký này ở trên danh sách chờ cho một hoặc nhiều phiên.",
                   "Attendees":  "Người tham dự",
                   "EnglishCanada":  "Tiếng Anh (Canada)",
                   "RegisterNow":  "Đăng ký ngay",
                   "Newest":  "Mới nhất",
                   "SoldOut":  "Đã bán hết",
                   "SessionCartHeader":  "Giỏ hàng phiên",
                   "SwedishSweden":  "Tiếng Thụy Điển",
                   "Pass":  "Thẻ",
                   "SelectedSessions":  "Phiên đã chọn",
                   "Waitlist":  "Danh sách chờ",
                   "Name":  "Tên",
                   "Bulgarian":  "Tiếng Bulgaria",
                   "Remove":  "Xóa",
                   "SponsorName":  "Tên nhà tài trợ",
                   "NoRegistrationsFound":  "Không tìm thấy đăng ký",
                   "SessionFullyBooked":  "Đã đăng ký đầy đủ",
                   "CancelRegistrationEventMessage":  "Bạn có chắc chắn muốn hủy đăng ký cho {0} không?",
                   "NoSessionsAssociated":  "Không có phiên liên kết với vé này.",
                   "RomanianRomania":  "Tiếng Romania",
                   "AnonymousRegistrationNotAllowed":  "Bạn phải tạo tài khoản và đăng nhập trước khi có thể đăng ký sự kiện này.",
                   "Search":  "Tìm kiếm",
                   "SignOut":  "Đăng xuất",
                   "NoSessionsAssigned":  "Chưa gán phiên nào.",
                   "MyRegistrations":  "Đăng ký của tôi",
                   "Cancel":  "Hủy",
                   "SortBy":  "Sắp xếp theo",
                   "AddAnotherAttendee":  "Thêm người tham dự khác",
                   "CancelPayment":  "Hủy thanh toán",
                   "AttendeeAutoRegistrationInfo":  "Người tham dự này sẽ được đăng ký tự động ngay khi có chỗ trống.",
                   "CancelRegistration":  "Hủy đăng ký",
                   "Korean":  "Tiếng Hàn Quốc",
                   "Turkish":  "Tiếng Thổ Nhĩ Kỳ",
                   "FrenchFrance":  "Tiếng Pháp (Pháp)",
                   "AdditionalInformationAvailable":  "Sẵn có thông tin bổ sung",
                   "DiscardChanges":  "Hủy bỏ thay đổi",
                   "MaximumSessionCapacityReached":  "Phiên này đã được bán hết.",
                   "MyWaitlistItems":  "Mục trong danh sách chờ của tôi",
                   "Slovak":  "Tiếng Slovak",
                   "AttendeeDetails":  "Chi tiết về người tham dự",
                   "Polish":  "Tiếng Ba Lan",
                   "StartTime":  "Thời gian bắt đầu",
                   "EmailInvalid":  "Vui lòng nhập một địa chỉ email hợp lệ.",
                   "DisableAutoRegisterRadioButtonText":  "Thông báo nhưng không tự động đăng ký khi có chỗ trống",
                   "PaymentDetails":  "Chi tiết thanh toán",
                   "EnterEmailAddress":  "Nhập địa chỉ email của bạn",
                   "RegisteredSince":  "Đã đăng ký kể từ",
                   "MultiAttendeeRegistrationNotEnabled":  "Sự kiện này không cho phép đăng ký nhiều người tham dự.",
                   "ChineseTaiwan":  "Tiếng Trung (Đài Loan)",
                   "Oldest":  "Cũ nhất",
                   "Home":  "Trang chủ",
                   "Latvian":  "Tiếng Latvia",
                   "SessionName":  "Tên phiên",
                   "NoChoice":  "Không có lựa chọn",
                   "Events":  "Sự kiện",
                   "Russian":  "Tiếng Nga",
                   "No":  "Không",
                   "RemoveAttendee":  "Loại bỏ người tham dự",
                   "Estonian":  "Tiếng Estonia",
                   "WaitlistRegistrationNotAllowedErrorMessage":  "Không có danh sách chờ nào dành cho sự kiện hoặc phiên này.",
                   "Event":  "Sự kiện",
                   "Copyright":  "Bản quyền © 2018. Bảo lưu mọi quyền.",
                   "OrderSummary":  "Tóm tắt đơn hàng",
                   "NoSessionsTrack":  "Lượt theo dõi phiên này không có bất kỳ phiên nào.",
                   "FinalizationNotEnabled":  "Bạn phải bật xác nhận thanh toán demo để sử dụng tính năng này.",
                   "AlreadyRegistered":  "Hiện đã đăng ký",
                   "RegistrationFailed":  "Đã xảy ra lỗi đăng ký",
                   "SessionNotLive":  "Phiên mà bạn đang cố đăng ký không chấp nhận đăng ký mới.",
                   "Danish":  "Tiếng Đan Mạch",
                   "Vietnamese":  "Tiếng Việt",
                   "FirstNameRequired":  "Cần có tên.",
                   "EditingWaitlistedAttendee":  "Sửa người tham dự trong danh sách chờ",
                   "EnterFirstName":  "Nhập tên của bạn",
                   "LastName":  "Họ",
                   "NoWaitlistItemsFound":  "Không tìm thấy mục danh sách chờ",
                   "Yes":  "Có",
                   "Greek":  "Tiếng Hy Lạp",
                   "SaveChanges":  "Lưu thay đổi",
                   "EditAttendee":  "Sửa người tham dự",
                   "EmailRequired":  "Cần có email.",
                   "NoSessionsEvent":  "Sự kiện này không có bất kỳ phiên nào.",
                   "ShowSessions":  "hiển thị phiên",
                   "PassInformation":  "Thông tin người tham dự",
                   "EventNotFound":  "Sự kiện bạn đang cố đăng ký không tồn tại.",
                   "AddedSince":  "Lý do đã thêm",
                   "Finnish":  "Tiếng Phần Lan",
                   "Chinese":  "Tiếng Trung (Trung Quốc)",
                   "Profile":  "Hồ sơ",
                   "NorwegianBokml":  "Tiếng Na Uy",
                   "ChineseHongKong":  "Tiếng Trung (Hồng Kông)",
                   "PortuguesePortugal":  "Tiếng Bồ Đào Nha (Bồ Đào Nha)"
               },
    "isJapanese":  false
}
