﻿{
    "labels":  {
                   "NoSpeakersEvent":  "Gertaerak ez du hizlaririk esleituta.",
                   "EnglishAustralia":  "Ingelesa (Australia)",
                   "Building":  "Konpilazioa",
                   "SignIn":  "Hasi saioa",
                   "CardHolder":  "Txartelaren titularra:",
                   "Lithuanian":  "Lituaniera",
                   "InvalidValueForRequiredRegistrationField":  "Zure erregistroak erabil ezin daitekeen balio bat du beharrezko eremu batean.",
                   "EnglishGB":  "Ingelesa (EB)",
                   "Tuesday":  "Asteartea",
                   "RegisterAttendees":  "Erregistratu parte-hartzaileak",
                   "GermanGermany":  "Alemana",
                   "Submit":  "Bidali",
                   "SessionTracks":  "Saioen jarraipenak",
                   "CancelRegistrationError":  "Arazo bat izan da erregistroa bertan behera uztean.",
                   "EventRegistrationTitle":  "Gertaera-erregistroa",
                   "SerbianCyrillic":  "Serbiera (zirilikoa)",
                   "FrenchCanada":  "Frantsesa (Kanada)",
                   "Basque":  "Euskara",
                   "SessionsIncludedInPass":  "Sarrera-baimenak dituen saioak",
                   "Indonesian":  "Indonesiera",
                   "SelectAPass":  "Hautatu txartela",
                   "Galician":  "Galiziera",
                   "RegistrationConfirmation":  "Erregistro-berrespena",
                   "Croatian":  "Kroaziera",
                   "Thai":  "Thailandiera",
                   "FinalizationNotAllowed":  "Idatzi duzun CAPTCHA balioa ez dator bat. Saiatu berriro.",
                   "MaximumNoAttendeesReached":  "Gertaerarako sarrera-baimenak agortuta daude.",
                   "WebsiteColon":  "Webgunea:",
                   "Friday":  "Ostirala",
                   "OnlyWaitlistRegistrationPossibleText":  "Erregistro-egile berriak gehituko dira saio honen itxarote-zerrendan.",
                   "EditingAttendee":  "Parte-hartzailea editatzen",
                   "Register":  "Erregistratu",
                   "ArabicSaudiArabia":  "Arabiera",
                   "WaitForRegistrationsToAppear":  "Gogoan izan erregistroen prozesua atzera daitekeela.",
                   "EndTime":  "Amaiera-ordua",
                   "MyAccount":  "Nire kontua",
                   "RequestTimedOut":  "Erregistroak denbora gehiegi eman du prozesatzeko. Saiatu berriro.",
                   "Hungarian":  "Hungariera",
                   "NoSponsorshipsEvent":  "Gertaerak ez du babeslerik.",
                   "AvailableEvents":  "Gertaera erabilgarriak",
                   "Wednesday":  "Asteazkena",
                   "EventName":  "Gertaeraren izena",
                   "Sunday":  "Igandea",
                   "LastNameRequired":  "Abizena beharrezkoa da.",
                   "RemoveMessage":  "Ziur {0} {1} kendu nahi duzula?",
                   "Japanese":  "Japoniera",
                   "AttendeeSessionIdNotValid":  "Parte-hartzaile batek sarrera-baimenaren ID okerra du",
                   "Email":  "Helbide elektronikoa",
                   "NoSessionTracksEvent":  "Gertaerak ez du saioen jarraipenik.",
                   "AZ":  "A-Z",
                   "AnonymousAccessNotAllowedError":  "Jarraitzeko, saioa hasi behar duzu.",
                   "EventCapacityExceeding":  "Gertaeraren gehieneko edukiera gainditzen delako ezin dituzu erregistratu hainbeste parte-hartzaile.",
                   "PassPrice":  "Sarrera-baimenen prezioa",
                   "ZA":  "Z-A",
                   "PortugueseBrazil":  "Portugesa (Brasil)",
                   "AttendeeInformation":  "Parte-hartzaileen informazioa",
                   "EmulatePayment":  "Simulatu ordainketa",
                   "Session":  "Saioa",
                   "Speakers":  "Hizlariak",
                   "EnglishUS":  "Ingelesa (AEB)",
                   "Processing":  "Prozesatzen",
                   "BlogColon":  "Bloga:",
                   "TooManyAttendees":  "Gehienez, 50 parte-hartzaile erregistra ditzakezu aldi berean. Ezarritako kopurua baino parte-hartzaile gehiago erregistratu behar badituzu, sortu erregistro gehiago.",
                   "RemoveSession":  "Kendu saioa",
                   "SerbianLatin":  "Serbiera (latinoa)",
                   "Catalan":  "Katalana",
                   "EventNotLive":  "Erregistratu nahi duzun gertaerak ez du onartzen erregistro berririk.",
                   "Ukrainian":  "Ukrainera",
                   "Slovenian":  "Esloveniera",
                   "Saturday":  "Larunbata",
                   "SignInForEditingAttendee":  "Hasi saioa gertaera-erregistroan",
                   "Checkout":  "Amaitu erosketa",
                   "Registration":  "Erregistratzea",
                   "Czech":  "Txekiera",
                   "FinishRegistration":  "Amaitu erregistratze-prozesua",
                   "SpanishSpain":  "Espainiera (Espainia)",
                   "EndDate":  "Amaiera-data",
                   "WaitlistedAttendees":  "Itxarote-zerrendako parte-hartzaileak",
                   "Description":  "Azalpena:",
                   "ItalianItaly":  "Italiera",
                   "DemoPaymentGatewayPageTitle":  "Adibideko ordainketa-atebidea",
                   "BroughtToYouBy":  "Honek eskainia:",
                   "DutchNetherlands":  "Nederlandera",
                   "EnableAutoRegisterRadioButtonText":  "Bidali jakinarazpen bat eta erregistratu automatikoki leku bat erabilgarri dagoenean",
                   "Hebrew":  "Hebreera",
                   "Amount":  "Kopurua:",
                   "CommunicationError":  "Arazoak ditugu zerbitzariarekin komunikatzeko.",
                   "AddAttendeeToWaitlist":  "Gehitu parte-hartzailea itxarote-zerrendan",
                   "InsufficentNumberOfPasses":  "Ez da nahikoa sarrera-baimen geratzen erosketa amaitzeko.",
                   "Monday":  "Astelehena",
                   "NoPassesEvent":  "Gertaerak ez du txartelik.",
                   "Thursday":  "Osteguna",
                   "EnterLastName":  "Idatzi abizena",
                   "ThankYouForRegistering":  "Eskerrik asko gertaerarako erregistratzeagatik!",
                   "RequiredRegistrationFieldMissing":  "Gutxienez parte-hartzaile baten beharrezko informazioa falta zaio erregistroari.",
                   "Sessions":  "Saioak",
                   "AssignedAttendees":  "Erregistroak",
                   "StartDate":  "Hasiera-data",
                   "AddSessionToCart":  "Gehitu saioa",
                   "AddAttendee":  "Gehitu parte-hartzailea",
                   "ChangeLanguage":  "Aldatu hizkuntza",
                   "EmailAddress":  "Helbide elektronikoa",
                   "AttendeePassIdNotValid":  "Parte-hartzaile batek sarrera-baimenaren ID okerra du ",
                   "FirstName":  "Izena",
                   "FinalizationAfterTimeLimit":  "Ez da garaiz osatu erosketa.",
                   "CopyrightWithParam":  "Copyright © {0}. Eskubide guztiak erreserbatuta.",
                   "RefreshPage":  "Saioa iraungi da. Freskatu orria jarraitzeko.",
                   "WaitlistedSessions":  "itxarote-zerrendako saioak",
                   "EventCapacityReached":  "Gertaeraren gehieneko edukierara iritsi da.",
                   "CardNumber":  "Txartelaren zenbakia:",
                   "MaximumCapacityReached":  "Gertaera agortuta dago, baina itxaron-zerrendan erregistra zaitezke. ",
                   "AutoRegister":  "Erregistratu automatikoki",
                   "AttendeeHasWaitlistRegistrationsInfo":  "Saio baten edo gehiagoren itxarote-zerrendan dago erregistro-egilea.",
                   "Attendees":  "Parte-hartzaileak",
                   "EnglishCanada":  "Ingelesa (Kanada)",
                   "RegisterNow":  "Erregistratu",
                   "Newest":  "Berrienak",
                   "SoldOut":  "Agortuta",
                   "SessionCartHeader":  "Saioaren saskia",
                   "SwedishSweden":  "Suediera",
                   "Pass":  "Pasea",
                   "SelectedSessions":  "Hautatutako saioak",
                   "Waitlist":  "Itxarote-zerrenda",
                   "Name":  "Izena",
                   "Bulgarian":  "Bulgariera",
                   "Remove":  "Kendu",
                   "SponsorName":  "Babeslearen izena",
                   "NoRegistrationsFound":  "Ez da erregistratzerik aurkitu",
                   "SessionFullyBooked":  "Guztiz erreserbatuta",
                   "CancelRegistrationEventMessage":  "Ziur bertan behera utzi nahi duzula {0} gertaeran izena emateko prozesua?",
                   "NoSessionsAssociated":  "Ez dago sarrera-baimen horrekin erlazionatutako saiorik.",
                   "RomanianRomania":  "Errumaniera",
                   "AnonymousRegistrationNotAllowed":  "Gertaera honetan erregistratu ahal izateko, kontu bat sortu eta saioa hasi behar duzu.",
                   "Search":  "Bilatu",
                   "SignOut":  "Amaitu saioa",
                   "NoSessionsAssigned":  "Ez dago saiorik esleituta.",
                   "MyRegistrations":  "Nire erregistroak",
                   "Cancel":  "Utzi",
                   "SortBy":  "Ordenatze-irizpidea:",
                   "AddAnotherAttendee":  "Gehitu beste parte-hartzaile bat",
                   "CancelPayment":  "Utzi ordainketa",
                   "AttendeeAutoRegistrationInfo":  "Edukiera erabilgarri egon bezain laster, automatikoki erregistratuko da parte-hartzailea.",
                   "CancelRegistration":  "Utzi bertan behera izen-ematea",
                   "Korean":  "Koreera",
                   "Turkish":  "Turkiera",
                   "FrenchFrance":  "Frantsesa (Frantzia)",
                   "AdditionalInformationAvailable":  "Informazio gehigarria erabilgarri dago",
                   "DiscardChanges":  "Baztertu aldaketak",
                   "MaximumSessionCapacityReached":  "Saiorako sarrera-baimenak agortuta daude.",
                   "MyWaitlistItems":  "Nire itxarote-zerrendako elementuak",
                   "Slovak":  "Eslovakiera",
                   "AttendeeDetails":  "Parte-hartzailearen xehetasunak",
                   "Polish":  "Poloniera",
                   "StartTime":  "Hasiera-ordua",
                   "EmailInvalid":  "Idatzi erabil daitekeen helbide elektroniko bat.",
                   "DisableAutoRegisterRadioButtonText":  "Bidali jakinarazpen bat, baina ez egin erregistro automatikoa leku bat erabilgarri dagoenean",
                   "PaymentDetails":  "Ordainketaren xehetasunak",
                   "EnterEmailAddress":  "Idatzi helbide elektronikoa",
                   "RegisteredSince":  "Noiztik erregistratuta",
                   "MultiAttendeeRegistrationNotEnabled":  "Gertaerak ez du onartzen parte-hartzaile anitzeko erregistrorik.",
                   "ChineseTaiwan":  "Txinera (Taiwan)",
                   "Oldest":  "Zaharrenak",
                   "Home":  "Hasiera",
                   "Latvian":  "Letoniera",
                   "SessionName":  "Saioaren izena",
                   "NoChoice":  "Ez dago aukerarik",
                   "Events":  "Gertaerak",
                   "Russian":  "Errusiera",
                   "No":  "Ez",
                   "RemoveAttendee":  "Kendu parte-hartzailea",
                   "Estonian":  "Estoniera",
                   "WaitlistRegistrationNotAllowedErrorMessage":  "Ez da onartzen itxarote-zerrendarik gertaera edo saio honetan.",
                   "Event":  "Gertaera",
                   "Copyright":  "Copyright © 2018. Eskubide guztiak erreserbatuta.",
                   "OrderSummary":  "Eskaeraren laburpena",
                   "NoSessionsTrack":  "Saioen jarraipenak ez du saiorik.",
                   "FinalizationNotEnabled":  "Eginbidea erabili ahal izateko, probako ordainketa-berrespena gaitu behar duzu.",
                   "AlreadyRegistered":  "Lehendik erregistratuta",
                   "RegistrationFailed":  "Arazo bat izan da erregistroarekin",
                   "SessionNotLive":  "Erregistratu nahi duzun saioak ez du onartzen erregistro berririk.",
                   "Danish":  "Daniera",
                   "Vietnamese":  "Vietnamera",
                   "FirstNameRequired":  "Izena beharrezkoa da.",
                   "EditingWaitlistedAttendee":  "Itxarote-zerrendako parte-hartzailea editatzen",
                   "EnterFirstName":  "Idatzi izena",
                   "LastName":  "Abizenak",
                   "NoWaitlistItemsFound":  "Ez da aurkitu itxarote-zerrendako elementurik",
                   "Yes":  "Bai",
                   "Greek":  "Greziera",
                   "SaveChanges":  "Gorde aldaketak",
                   "EditAttendee":  "Editatu parte-hartzailea",
                   "EmailRequired":  "Helbide elektronikoa beharrezkoa da.",
                   "NoSessionsEvent":  "Gertaerak ez du saiorik.",
                   "ShowSessions":  "erakutsi saioak",
                   "PassInformation":  "Sarrera-baimenaren informazioa",
                   "EventNotFound":  "Ez dago erregistratzen saiatzen ari zaren gertaera.",
                   "AddedSince":  "Noiztik gehituta",
                   "Finnish":  "Finlandiera",
                   "Chinese":  "Txinera (Txina)",
                   "Profile":  "Profila",
                   "NorwegianBokml":  "Norvegiera",
                   "ChineseHongKong":  "Txinera (Hong Kong)",
                   "PortuguesePortugal":  "Portugesa (Portugal)"
               },
    "isJapanese":  false
}
