﻿{
    "labels":  {
                   "NoSpeakersEvent":  "Este evento non ten ningún orador asignado.",
                   "EnglishAustralia":  "Inglés (Australia)",
                   "Building":  "Edificio",
                   "SignIn":  "Iniciar sesión",
                   "CardHolder":  "Titular de cartón:",
                   "Lithuanian":  "Lituano",
                   "InvalidValueForRequiredRegistrationField":  "O rexistro inclúe un valor non válido para un campo necesario.",
                   "EnglishGB":  "Inglés (GB)",
                   "Tuesday":  "Martes",
                   "RegisterAttendees":  "Rexistrar participantes",
                   "GermanGermany":  "Alemán",
                   "Submit":  "Enviar",
                   "SessionTracks":  "Rastrexos de sesións",
                   "CancelRegistrationError":  "Produciuse un problema ao cancelar o rexistro.",
                   "EventRegistrationTitle":  "Rexistro de evento",
                   "SerbianCyrillic":  "Serbio (cirílico)",
                   "FrenchCanada":  "Francés (Canadá)",
                   "Basque":  "Éuscaro",
                   "SessionsIncludedInPass":  "Sesións incluídas no pase",
                   "Indonesian":  "Indonesio",
                   "SelectAPass":  "Seleccionar un pase",
                   "Galician":  "Galego",
                   "RegistrationConfirmation":  "Confirmación do rexistro",
                   "Croatian":  "Croata",
                   "Thai":  "Tailandés",
                   "FinalizationNotAllowed":  "O valor de CAPTCHA que forneceu non coincide co orixinal. Ténteo de novo.",
                   "MaximumNoAttendeesReached":  "Este evento está esgotado.",
                   "WebsiteColon":  "Sitio web:",
                   "Friday":  "Venres",
                   "OnlyWaitlistRegistrationPossibleText":  "Engadiranse novos solicitantes de rexistro á lista de espera para esta sesión.",
                   "EditingAttendee":  "Editando participante",
                   "Register":  "Rexistrarse",
                   "ArabicSaudiArabia":  "Árabe",
                   "WaitForRegistrationsToAppear":  "Teña en conta que pode haber un atraso no procesamento dos rexistros.",
                   "EndTime":  "Hora de fin",
                   "MyAccount":  "A miña conta",
                   "RequestTimedOut":  "O rexistro tardou demasiado en procesarse. Ténteo de novo.",
                   "Hungarian":  "Húngaro",
                   "NoSponsorshipsEvent":  "Este evento non ten ningún patrocinador.",
                   "AvailableEvents":  "Eventos dispoñibles",
                   "Wednesday":  "Mércores",
                   "EventName":  "Nome do evento",
                   "Sunday":  "Domingo",
                   "LastNameRequired":  "O apelido é obrigatorio.",
                   "RemoveMessage":  "Seguro que quere eliminar {0} {1}?",
                   "Japanese":  "Xaponés",
                   "AttendeeSessionIdNotValid":  "Un dos participantes ten un ID de pase non válido",
                   "Email":  "Correo electrónico",
                   "NoSessionTracksEvent":  "Este evento non ten ningún rastrexo de sesións.",
                   "AZ":  "A-Z",
                   "AnonymousAccessNotAllowedError":  "Inicie sesión para continuar.",
                   "EventCapacityExceeding":  "Non é posible rexistrar tantos asistentes porque excedería a capacidade máxima do evento.",
                   "PassPrice":  "Prezo do pase",
                   "ZA":  "Z-A",
                   "PortugueseBrazil":  "Portugués (Brasil)",
                   "AttendeeInformation":  "Información do participante",
                   "EmulatePayment":  "Emular pagamento",
                   "Session":  "Sesión",
                   "Speakers":  "Oradores",
                   "EnglishUS":  "Inglés (US)",
                   "Processing":  "Procesando",
                   "BlogColon":  "Blog:",
                   "TooManyAttendees":  "Só pode rexistrar ata 50 participantes á vez. Cree rexistros adicionais se necesitas rexistrar máis participantes.",
                   "RemoveSession":  "Eliminar sesión",
                   "SerbianLatin":  "Serbio (Latino)",
                   "Catalan":  "Catalán",
                   "EventNotLive":  "O evento no que tenta rexistrarse non acepta rexistros novos.",
                   "Ukrainian":  "Ucraíno",
                   "Slovenian":  "Esloveno",
                   "Saturday":  "Sábado",
                   "SignInForEditingAttendee":  "Iniciar sesión para rexistro de evento",
                   "Checkout":  "Finalizar compra",
                   "Registration":  "Rexistro",
                   "Czech":  "Checo",
                   "FinishRegistration":  "Concluír rexistro",
                   "SpanishSpain":  "Español (España)",
                   "EndDate":  "Data de fin",
                   "WaitlistedAttendees":  "Participantes en lista de espera",
                   "Description":  "Descrición:",
                   "ItalianItaly":  "Italiano",
                   "DemoPaymentGatewayPageTitle":  "Pasarela de pagamento de demostración",
                   "BroughtToYouBy":  "Presentado por",
                   "DutchNetherlands":  "Neerlandés",
                   "EnableAutoRegisterRadioButtonText":  "Rexistrarse automaticamente e notificar cando apareza un espazo dispoñible",
                   "Hebrew":  "Hebreo",
                   "Amount":  "Importe:",
                   "CommunicationError":  "Hai un problema na comunicación co servidor.",
                   "AddAttendeeToWaitlist":  "Engadir participante á lista de espera",
                   "InsufficentNumberOfPasses":  "Non hai pases dabondo para finalizar a súa compra.",
                   "Monday":  "Luns",
                   "NoPassesEvent":  "Este evento non ten ningún pase.",
                   "Thursday":  "Xoves",
                   "EnterLastName":  "Escriba o seu apelido",
                   "ThankYouForRegistering":  "Grazas por rexistrase para o evento.",
                   "RequiredRegistrationFieldMissing":  "Ao rexistro fáltalle información necesaria para un participante polo menos.",
                   "Sessions":  "Sesións",
                   "AssignedAttendees":  "Rexistros",
                   "StartDate":  "Data de inicio",
                   "AddSessionToCart":  "Engadir sesión",
                   "AddAttendee":  "Engadir participante",
                   "ChangeLanguage":  "Cambiar o idioma",
                   "EmailAddress":  "Enderezo de correo electrónico",
                   "AttendeePassIdNotValid":  "Un dos participantes ten un ID de pase non válido ",
                   "FirstName":  "Nome",
                   "FinalizationAfterTimeLimit":  "A compra non se completou a tempo.",
                   "CopyrightWithParam":  "Copyright © {0}. Todos os dereitos reservados.",
                   "RefreshPage":  "A sesión caducou. Actualice a páxina para continuar.",
                   "WaitlistedSessions":  "sesión(s) na lista de espera",
                   "EventCapacityReached":  "Acadouse a capacidade máxima do evento.",
                   "CardNumber":  "Número de cartón:",
                   "MaximumCapacityReached":  "Este evento está esgotado, pero pode rexistrarse para a lista de espera. ",
                   "AutoRegister":  "Rexistrarse automaticamente",
                   "AttendeeHasWaitlistRegistrationsInfo":  "Este solicitante de rexistro está na lista de espera para unha ou varias sesións.",
                   "Attendees":  "Participantes",
                   "EnglishCanada":  "Inglés (Canadá)",
                   "RegisterNow":  "Rexistrarse agora",
                   "Newest":  "Máis recente",
                   "SoldOut":  "Esgotadas",
                   "SessionCartHeader":  "Cesta da sesión",
                   "SwedishSweden":  "Sueco",
                   "Pass":  "Superado",
                   "SelectedSessions":  "Sesións seleccionadas",
                   "Waitlist":  "Lista de espera",
                   "Name":  "Nome",
                   "Bulgarian":  "Búlgaro",
                   "Remove":  "Eliminar",
                   "SponsorName":  "Nome do patrocinador",
                   "NoRegistrationsFound":  "Non se atopou ningún rexistro",
                   "SessionFullyBooked":  "Totalmente Reservado",
                   "CancelRegistrationEventMessage":  "Seguro que quere cancelar o rexistro de {0}?",
                   "NoSessionsAssociated":  "Non hai sesións asociadas a este pase.",
                   "RomanianRomania":  "Romanés",
                   "AnonymousRegistrationNotAllowed":  "Debe crear unha conta e iniciar sesión antes de poder rexistrarse para este evento.",
                   "Search":  "Buscar",
                   "SignOut":  "Pechar sesión",
                   "NoSessionsAssigned":  "Non hai sesións atribuídas.",
                   "MyRegistrations":  "Os meus rexistros",
                   "Cancel":  "Cancelar",
                   "SortBy":  "Ordenar por",
                   "AddAnotherAttendee":  "Engadir outro participante",
                   "CancelPayment":  "Cancelar pagamento",
                   "AttendeeAutoRegistrationInfo":  "Este participante será rexistrado de forma automática en canto a capacidade estea dispoñible.",
                   "CancelRegistration":  "Cancelar rexistro",
                   "Korean":  "Coreano",
                   "Turkish":  "Turco",
                   "FrenchFrance":  "Francés (Francia)",
                   "AdditionalInformationAvailable":  "Información adicional dispoñible",
                   "DiscardChanges":  "Rexeitar os cambios",
                   "MaximumSessionCapacityReached":  "Esta sesión está esgotada.",
                   "MyWaitlistItems":  "Os meus elementos de lista de espera",
                   "Slovak":  "Eslovaco",
                   "AttendeeDetails":  "Detalles do participante",
                   "Polish":  "Polaco",
                   "StartTime":  "Hora de inicio",
                   "EmailInvalid":  "Escriba un enderezo de correo electrónico válido.",
                   "DisableAutoRegisterRadioButtonText":  "Notificar, pero non rexistrarse automaticamente cando apareza un espazo dispoñible",
                   "PaymentDetails":  "Detalles de pagamento",
                   "EnterEmailAddress":  "Escriba o seu enderezo de correo electrónico",
                   "RegisteredSince":  "Rexistrado desde",
                   "MultiAttendeeRegistrationNotEnabled":  "Este evento non permite o rexistro de varios participantes.",
                   "ChineseTaiwan":  "Chinés (Taiwán)",
                   "Oldest":  "Máis antigo",
                   "Home":  "Inicio",
                   "Latvian":  "Letón",
                   "SessionName":  "Nome da sesión",
                   "NoChoice":  "Sen elección",
                   "Events":  "Eventos",
                   "Russian":  "Ruso",
                   "No":  "Non",
                   "RemoveAttendee":  "Eliminar participante",
                   "Estonian":  "Estoniano",
                   "WaitlistRegistrationNotAllowedErrorMessage":  "Non hai listas de usuarios dispoñibles para este evento ou esta sesión.",
                   "Event":  "Evento",
                   "Copyright":  "Copyright © 2018. Todos os dereitos reservados.",
                   "OrderSummary":  "Resumo do pedido",
                   "NoSessionsTrack":  "Este rastrexo de sesións non ten ningunha sesión.",
                   "FinalizationNotEnabled":  "Debe activar a confirmación do pagamento de demostración para usar esta funcionalidade.",
                   "AlreadyRegistered":  "Xa rexistrado",
                   "RegistrationFailed":  "Produciuse un problema co rexistro",
                   "SessionNotLive":  "A sesión na que tenta rexistrarse non acepta rexistros novos.",
                   "Danish":  "Dinamarqués",
                   "Vietnamese":  "Vietnamita",
                   "FirstNameRequired":  "O nome é obrigatorio.",
                   "EditingWaitlistedAttendee":  "Editando participante en lista de espera",
                   "EnterFirstName":  "Escriba o seu nome",
                   "LastName":  "Apelidos",
                   "NoWaitlistItemsFound":  "Non se atoparon elementos de lista de espera",
                   "Yes":  "Si",
                   "Greek":  "Grego",
                   "SaveChanges":  "Gardar cambios",
                   "EditAttendee":  "Editar participante",
                   "EmailRequired":  "O correo electrónico é obrigatorio.",
                   "NoSessionsEvent":  "Este evento non ten ningunha sesión.",
                   "ShowSessions":  "mostrar sesións",
                   "PassInformation":  "Información do pase",
                   "EventNotFound":  "O evento no que tenta rexistrarse non existe.",
                   "AddedSince":  "Engadido desde",
                   "Finnish":  "Finés",
                   "Chinese":  "Chinés (China)",
                   "Profile":  "Perfil",
                   "NorwegianBokml":  "Noruegués",
                   "ChineseHongKong":  "Chinés (Hong Kong)",
                   "PortuguesePortugal":  "Portugués (Portugal)"
               },
    "isJapanese":  false
}
