﻿{
    "labels":  {
                   "NoSpeakersEvent":  "未向此事件分派任何演讲者。",
                   "EnglishAustralia":  "英语(澳大利亚)",
                   "Building":  "建筑",
                   "SignIn":  "登录",
                   "CardHolder":  "持卡人:",
                   "Lithuanian":  "立陶宛语",
                   "InvalidValueForRequiredRegistrationField":  "您的注册中的某个必填字段包含无效值。",
                   "EnglishGB":  "英语(英国)",
                   "Tuesday":  "星期二",
                   "RegisterAttendees":  "注册参与者",
                   "GermanGermany":  "德语",
                   "Submit":  "提交",
                   "SessionTracks":  "会话跟踪",
                   "CancelRegistrationError":  "取消注册时出现问题。",
                   "EventRegistrationTitle":  "事件注册",
                   "SerbianCyrillic":  "塞尔维亚语(西里尔文)",
                   "FrenchCanada":  "法语(加拿大)",
                   "Basque":  "巴斯克语",
                   "SessionsIncludedInPass":  "包含在通行证中的会话",
                   "Indonesian":  "印度尼西亚语",
                   "SelectAPass":  "选择一个通行证",
                   "Galician":  "加利西亚语",
                   "RegistrationConfirmation":  "注册确认",
                   "Croatian":  "克罗地亚语",
                   "Thai":  "泰语",
                   "FinalizationNotAllowed":  "您提供的 CAPTCHA 值不匹配。请重试。",
                   "MaximumNoAttendeesReached":  "此事件的参与席位已售罄。",
                   "WebsiteColon":  "网站:",
                   "Friday":  "星期五",
                   "OnlyWaitlistRegistrationPossibleText":  "新的注册者将添加到此会话的候选名单。",
                   "EditingAttendee":  "编辑参与者",
                   "Register":  "注册",
                   "ArabicSaudiArabia":  "阿拉伯语",
                   "WaitForRegistrationsToAppear":  "请注意，处理您的注册时可能会出现延迟。",
                   "EndTime":  "结束时间",
                   "MyAccount":  "我的帐户",
                   "RequestTimedOut":  "注册的处理时间过长。请重试。",
                   "Hungarian":  "匈牙利语",
                   "NoSponsorshipsEvent":  "此事件没有任何赞助商。",
                   "AvailableEvents":  "可用事件",
                   "Wednesday":  "星期三",
                   "EventName":  "事件名称",
                   "Sunday":  "星期日",
                   "LastNameRequired":  "姓为必填项。",
                   "RemoveMessage":  "是否确定要删除 {0} {1}?",
                   "Japanese":  "日语",
                   "AttendeeSessionIdNotValid":  "参与者之一具有无效的通行证 ID",
                   "Email":  "电子邮件",
                   "NoSessionTracksEvent":  "此事件没有任何会话跟踪。",
                   "AZ":  "A-Z",
                   "AnonymousAccessNotAllowedError":  "您必须登录才能继续。",
                   "EventCapacityExceeding":  "无法注册如此多的参与者，因为将超过最大事件容量。",
                   "PassPrice":  "通行证价格",
                   "ZA":  "Z-A",
                   "PortugueseBrazil":  "葡萄牙语(巴西)",
                   "AttendeeInformation":  "参与者信息",
                   "EmulatePayment":  "模拟付款",
                   "Session":  "会话",
                   "Speakers":  "演讲者",
                   "EnglishUS":  "英语(美国)",
                   "Processing":  "正在处理",
                   "BlogColon":  "博客:",
                   "TooManyAttendees":  "您一次最多只能注册 50 个参与者。如果您需要注册的参与者数超过此数量，请创建其他注册。",
                   "RemoveSession":  "删除会话",
                   "SerbianLatin":  "塞尔维亚语(拉丁语)",
                   "Catalan":  "加泰罗尼亚语",
                   "EventNotLive":  "您尝试注册的事件不接受新注册。",
                   "Ukrainian":  "乌克兰语",
                   "Slovenian":  "斯洛文尼亚语",
                   "Saturday":  "星期六",
                   "SignInForEditingAttendee":  "登录以进行事件注册",
                   "Checkout":  "签出",
                   "Registration":  "注册",
                   "Czech":  "捷克语",
                   "FinishRegistration":  "完成注册",
                   "SpanishSpain":  "西班牙语(西班牙)",
                   "EndDate":  "结束日期",
                   "WaitlistedAttendees":  "候选参与者",
                   "Description":  "说明:",
                   "ItalianItaly":  "意大利语",
                   "DemoPaymentGatewayPageTitle":  "演示付款网关",
                   "BroughtToYouBy":  "提供给您的人",
                   "DutchNetherlands":  "荷兰语",
                   "EnableAutoRegisterRadioButtonText":  "有可用空间时自动注册并通知",
                   "Hebrew":  "希伯来语",
                   "Amount":  "金额:",
                   "CommunicationError":  "与服务器通信时遇到问题。",
                   "AddAttendeeToWaitlist":  "将参与者添加到候选名单",
                   "InsufficentNumberOfPasses":  "没有足够的剩余通行证可供完成购买。",
                   "Monday":  "星期一",
                   "NoPassesEvent":  "此事件没有任何通行证。",
                   "Thursday":  "星期四",
                   "EnterLastName":  "输入您的姓",
                   "ThankYouForRegistering":  "感谢您注册本次事件!",
                   "RequiredRegistrationFieldMissing":  "您的注册中缺失至少一个参与者的必填信息。",
                   "Sessions":  "会话",
                   "AssignedAttendees":  "注册",
                   "StartDate":  "开始日期",
                   "AddSessionToCart":  "添加会话",
                   "AddAttendee":  "添加参与者",
                   "ChangeLanguage":  "更改语言",
                   "EmailAddress":  "电子邮件地址",
                   "AttendeePassIdNotValid":  "参与者之一具有无效的通行证 ID",
                   "FirstName":  "名",
                   "FinalizationAfterTimeLimit":  "未及时完成购买。",
                   "CopyrightWithParam":  "版权所有 © {0}。保留所有权利。",
                   "RefreshPage":  "此会话已过期。请刷新页面以继续。",
                   "WaitlistedSessions":  "候选会话",
                   "EventCapacityReached":  "已达到事件的最大容量。",
                   "CardNumber":  "卡号:",
                   "MaximumCapacityReached":  "此事件的参与席位已售罄，但您仍可注册候选名单。",
                   "AutoRegister":  "自动注册",
                   "AttendeeHasWaitlistRegistrationsInfo":  "此注册已处于一个或多个会话的候选名单中。",
                   "Attendees":  "参与者",
                   "EnglishCanada":  "英语(加拿大)",
                   "RegisterNow":  "立即注册",
                   "Newest":  "最新",
                   "SoldOut":  "已售罄",
                   "SessionCartHeader":  "会话购物车",
                   "SwedishSweden":  "瑞典语",
                   "Pass":  "通行证",
                   "SelectedSessions":  "选定的会话",
                   "Waitlist":  "候选名单",
                   "Name":  "名称",
                   "Bulgarian":  "保加利亚语",
                   "Remove":  "删除",
                   "SponsorName":  "赞助商名称",
                   "NoRegistrationsFound":  "未找到注册",
                   "SessionFullyBooked":  "已订完",
                   "CancelRegistrationEventMessage":  "是否确定要取消 {0} 的注册?",
                   "NoSessionsAssociated":  "没有与此通行证关联的会话。",
                   "RomanianRomania":  "罗马尼亚语",
                   "AnonymousRegistrationNotAllowed":  "您必须先创建帐户并登录，然后才能注册此事件。",
                   "Search":  "搜索",
                   "SignOut":  "注销",
                   "NoSessionsAssigned":  "没有分派会话。",
                   "MyRegistrations":  "我的注册",
                   "Cancel":  "取消",
                   "SortBy":  "排序依据",
                   "AddAnotherAttendee":  "添加其他参与者",
                   "CancelPayment":  "取消付款",
                   "AttendeeAutoRegistrationInfo":  "一旦有可用容量，将自动注册此参与者。",
                   "CancelRegistration":  "取消注册",
                   "Korean":  "朝鲜语",
                   "Turkish":  "土耳其语",
                   "FrenchFrance":  "法语(法国)",
                   "AdditionalInformationAvailable":  "其他可用信息",
                   "DiscardChanges":  "放弃更改",
                   "MaximumSessionCapacityReached":  "此会话的参与席位已售罄。",
                   "MyWaitlistItems":  "我的候选名单项目",
                   "Slovak":  "斯洛伐克语",
                   "AttendeeDetails":  "参与者详细信息",
                   "Polish":  "波兰语",
                   "StartTime":  "开始时间",
                   "EmailInvalid":  "请输入一个有效的电子邮件地址。",
                   "DisableAutoRegisterRadioButtonText":  "有可用空间时通知，但不自动注册",
                   "PaymentDetails":  "付款详细信息",
                   "EnterEmailAddress":  "输入您的电子邮件地址",
                   "RegisteredSince":  "注册时间",
                   "MultiAttendeeRegistrationNotEnabled":  "此事件不允许多参与者注册。",
                   "ChineseTaiwan":  "中文(台湾)",
                   "Oldest":  "最旧",
                   "Home":  "主页",
                   "Latvian":  "拉脱维亚语",
                   "SessionName":  "会话名称",
                   "NoChoice":  "无选择",
                   "Events":  "事件",
                   "Russian":  "俄语",
                   "No":  "否",
                   "RemoveAttendee":  "删除参与者",
                   "Estonian":  "爱沙尼亚语",
                   "WaitlistRegistrationNotAllowedErrorMessage":  "此事件或会话没有可用的候选名单。",
                   "Event":  "事件",
                   "Copyright":  "版权所有 © 2018。保留所有权利。",
                   "OrderSummary":  "订单摘要",
                   "NoSessionsTrack":  "此会话跟踪没有任何会话。",
                   "FinalizationNotEnabled":  "必须启用演示付款确认后才能使用此功能。",
                   "AlreadyRegistered":  "已注册",
                   "RegistrationFailed":  "注册时出现问题",
                   "SessionNotLive":  "您尝试注册的会话不接受新注册。",
                   "Danish":  "丹麦语",
                   "Vietnamese":  "越南语",
                   "FirstNameRequired":  "名为必填项。",
                   "EditingWaitlistedAttendee":  "编辑候选参与者",
                   "EnterFirstName":  "输入您的名",
                   "LastName":  "姓",
                   "NoWaitlistItemsFound":  "未找到候选名单项目",
                   "Yes":  "是",
                   "Greek":  "希腊语",
                   "SaveChanges":  "保存更改",
                   "EditAttendee":  "编辑参与者",
                   "EmailRequired":  "电子邮件为必填项。",
                   "NoSessionsEvent":  "此事件没有任何会话。",
                   "ShowSessions":  "显示会话",
                   "PassInformation":  "通行证信息",
                   "EventNotFound":  "您尝试注册的事件不存在。",
                   "AddedSince":  "添加时间",
                   "Finnish":  "芬兰语",
                   "Chinese":  "中文(中国)",
                   "Profile":  "配置文件",
                   "NorwegianBokml":  "挪威语",
                   "ChineseHongKong":  "中文(中国香港)",
                   "PortuguesePortugal":  "葡萄牙语(葡萄牙)"
               },
    "isJapanese":  false
}
