﻿{
    "labels":  {
                   "NoSpeakersEvent":  "Este evento não tem oradores atribuídos.",
                   "EnglishAustralia":  "Inglês (Austrália)",
                   "Building":  "Edifício",
                   "SignIn":  "Iniciar sessão",
                   "CardHolder":  "Titular do cartão:",
                   "Lithuanian":  "Lituano",
                   "InvalidValueForRequiredRegistrationField":  "O seu registo inclui um valor inválido para um campo obrigatório.",
                   "EnglishGB":  "Inglês (Reino Unido)",
                   "Tuesday":  "Terça-feira",
                   "RegisterAttendees":  "Registar participantes",
                   "GermanGermany":  "Alemão",
                   "Submit":  "Submeter",
                   "SessionTracks":  "Séries de sessões",
                   "CancelRegistrationError":  "Ocorreu um problema ao cancelar o registo.",
                   "EventRegistrationTitle":  "Registo de eventos",
                   "SerbianCyrillic":  "Sérvio (Cirílico)",
                   "FrenchCanada":  "Francês (Canadá)",
                   "Basque":  "Basco",
                   "SessionsIncludedInPass":  "Sessões incluídas no passe",
                   "Indonesian":  "Indonésio",
                   "SelectAPass":  "Selecionar um passe",
                   "Galician":  "Galego",
                   "RegistrationConfirmation":  "Confirmação do registo",
                   "Croatian":  "Croata",
                   "Thai":  "Tailandês",
                   "FinalizationNotAllowed":  "O valor de CAPTCHA que indicou não corresponde. Tente novamente.",
                   "MaximumNoAttendeesReached":  "Este evento está esgotado.",
                   "WebsiteColon":  "Site:",
                   "Friday":  "Sexta-feira",
                   "OnlyWaitlistRegistrationPossibleText":  "Os novos registantes serão adicionados à lista de espera desta sessão.",
                   "EditingAttendee":  "A editar participante",
                   "Register":  "Registar",
                   "ArabicSaudiArabia":  "Árabe",
                   "WaitForRegistrationsToAppear":  "Note que pode haver um atraso no processamento dos seus registos.",
                   "EndTime":  "Hora de fim",
                   "MyAccount":  "A minha conta",
                   "RequestTimedOut":  "O seu registo demorou demasiado tempo a ser processado. Tente novamente.",
                   "Hungarian":  "Húngaro",
                   "NoSponsorshipsEvent":  "Este evento não tem patrocinadores.",
                   "AvailableEvents":  "Eventos disponíveis",
                   "Wednesday":  "Quarta-feira",
                   "EventName":  "Nome do evento",
                   "Sunday":  "Domingo",
                   "LastNameRequired":  "O Apelido é obrigatório.",
                   "RemoveMessage":  "Tem a certeza de que pretende remover {0} {1}?",
                   "Japanese":  "Japonês",
                   "AttendeeSessionIdNotValid":  "Um dos participantes tem um ID de passe inválido",
                   "Email":  "E-mail",
                   "NoSessionTracksEvent":  "Este evento não tem séries de sessões.",
                   "AZ":  "A-Z",
                   "AnonymousAccessNotAllowedError":  "Tem de iniciar sessão para continuar.",
                   "EventCapacityExceeding":  "Não é possível registar tantos participantes porque iria exceder a capacidade máxima do evento.",
                   "PassPrice":  "Preço do passe",
                   "ZA":  "Z-A",
                   "PortugueseBrazil":  "Português (Brasil)",
                   "AttendeeInformation":  "Informações do participante",
                   "EmulatePayment":  "Emular pagamento",
                   "Session":  "Sessão",
                   "Speakers":  "Oradores",
                   "EnglishUS":  "Inglês (EUA)",
                   "Processing":  "Em processamento",
                   "BlogColon":  "Blogue:",
                   "TooManyAttendees":  "Só pode registar até 50 participantes de cada vez. Crie registos adicionais se precisar de registar mais participantes.",
                   "RemoveSession":  "Remover sessão",
                   "SerbianLatin":  "Sérvio (Latim)",
                   "Catalan":  "Catalão",
                   "EventNotLive":  "O evento que está a tentar registar não aceita novos registos.",
                   "Ukrainian":  "Ucraniano",
                   "Slovenian":  "Esloveno",
                   "Saturday":  "Sábado",
                   "SignInForEditingAttendee":  "Iniciar sessão para registo em evento",
                   "Checkout":  "Finalização da Compra",
                   "Registration":  "Registo",
                   "Czech":  "Checo",
                   "FinishRegistration":  "Concluir registo",
                   "SpanishSpain":  "Espanhol (Espanha)",
                   "EndDate":  "Data de fim",
                   "WaitlistedAttendees":  "Participantes em lista de espera",
                   "Description":  "Descrição:",
                   "ItalianItaly":  "Italiano",
                   "DemoPaymentGatewayPageTitle":  "Gateway de pagamento de demonstração",
                   "BroughtToYouBy":  "Disponibilizado por",
                   "DutchNetherlands":  "Neerlandês",
                   "EnableAutoRegisterRadioButtonText":  "Registar e notificar automaticamente quando o espaço ficar disponível",
                   "Hebrew":  "Hebraico",
                   "Amount":  "Montante:",
                   "CommunicationError":  "Estamos com problemas de comunicação com o servidor.",
                   "AddAttendeeToWaitlist":  "Adicionar participante à lista de espera",
                   "InsufficentNumberOfPasses":  "Não existem passes suficientes para finalizar a compra.",
                   "Monday":  "Segunda-feira",
                   "NoPassesEvent":  "Este evento não tem passes.",
                   "Thursday":  "Quinta-feira",
                   "EnterLastName":  "Introduza o seu apelido",
                   "ThankYouForRegistering":  "Obrigado por se registar para o evento!",
                   "RequiredRegistrationFieldMissing":  "Faltam informações obrigatórias no seu registo para pelo menos um participante.",
                   "Sessions":  "Sessões",
                   "AssignedAttendees":  "Registos",
                   "StartDate":  "Data de início",
                   "AddSessionToCart":  "Adicionar sessão",
                   "AddAttendee":  "Adicionar participante",
                   "ChangeLanguage":  "Alterar idioma",
                   "EmailAddress":  "Endereço de e-mail",
                   "AttendeePassIdNotValid":  "Um dos participantes tem um ID de passe inválido ",
                   "FirstName":  "Nome próprio",
                   "FinalizationAfterTimeLimit":  "A compra não foi concluída a tempo.",
                   "CopyrightWithParam":  "Copyright © {0}. Todos os direitos reservados.",
                   "RefreshPage":  "A sessão expirou. Atualize a página para continuar.",
                   "WaitlistedSessions":  "sessão(ões) em lista de espera",
                   "EventCapacityReached":  "Foi atingida a capacidade máxima do evento.",
                   "CardNumber":  "Número do cartão:",
                   "MaximumCapacityReached":  "Este evento está esgotado, mas ainda se pode registar para a lista de espera. ",
                   "AutoRegister":  "Registo automático",
                   "AttendeeHasWaitlistRegistrationsInfo":  "Este registante está na lista de espera para uma ou mais sessões.",
                   "Attendees":  "Participantes",
                   "EnglishCanada":  "Inglês (Canadá)",
                   "RegisterNow":  "Registe-se agora",
                   "Newest":  "Mais Recentes",
                   "SoldOut":  "Esgotado",
                   "SessionCartHeader":  "Carrinho da sessão",
                   "SwedishSweden":  "Sueco",
                   "Pass":  "Passe",
                   "SelectedSessions":  "Sessões selecionadas",
                   "Waitlist":  "Lista de espera",
                   "Name":  "Nome",
                   "Bulgarian":  "Búlgaro",
                   "Remove":  "Remover",
                   "SponsorName":  "Nome do patrocinador",
                   "NoRegistrationsFound":  "Nenhum registo encontrado",
                   "SessionFullyBooked":  "Tudo reservado",
                   "CancelRegistrationEventMessage":  "Tem a certeza de que pretende cancelar o registo para {0}?",
                   "NoSessionsAssociated":  "Não existem nenhumas sessões associadas a este passe.",
                   "RomanianRomania":  "Romeno",
                   "AnonymousRegistrationNotAllowed":  "Tem de criar uma conta e iniciar sessão antes de se poder registar para este evento.",
                   "Search":  "Procurar",
                   "SignOut":  "Terminar sessão",
                   "NoSessionsAssigned":  "Não existem sessões atribuídas.",
                   "MyRegistrations":  "Os meus registos",
                   "Cancel":  "Cancelar",
                   "SortBy":  "Ordenar por",
                   "AddAnotherAttendee":  "Adicionar outro participante",
                   "CancelPayment":  "Cancelar pagamento",
                   "AttendeeAutoRegistrationInfo":  "Este participante será registado automaticamente assim que a capacidade fique disponível.",
                   "CancelRegistration":  "Cancelar registo",
                   "Korean":  "Coreano",
                   "Turkish":  "Turco",
                   "FrenchFrance":  "Francês (França)",
                   "AdditionalInformationAvailable":  "Informações adicionais disponíveis",
                   "DiscardChanges":  "Eliminar alterações",
                   "MaximumSessionCapacityReached":  "Esta sessão está esgotada.",
                   "MyWaitlistItems":  "Os meus itens de lista de espera",
                   "Slovak":  "Eslovaco",
                   "AttendeeDetails":  "Detalhes do participante",
                   "Polish":  "Polaco",
                   "StartTime":  "Hora de início",
                   "EmailInvalid":  "Introduza um endereço de e-mail válido.",
                   "DisableAutoRegisterRadioButtonText":  "Notificar, mas não registar automaticamente, quando o espaço ficar disponível",
                   "PaymentDetails":  "Detalhe do pagamento",
                   "EnterEmailAddress":  "Introduza o seu endereço de e-mail",
                   "RegisteredSince":  "Registado desde",
                   "MultiAttendeeRegistrationNotEnabled":  "Este evento não permite o registo de múltiplos participantes.",
                   "ChineseTaiwan":  "Chinês (Taiwan)",
                   "Oldest":  "Mais Antigos",
                   "Home":  "Home Page",
                   "Latvian":  "Letão",
                   "SessionName":  "Nome da sessão",
                   "NoChoice":  "Sem opções",
                   "Events":  "Eventos",
                   "Russian":  "Russo",
                   "No":  "Não",
                   "RemoveAttendee":  "Remover participante",
                   "Estonian":  "Estónio",
                   "WaitlistRegistrationNotAllowedErrorMessage":  "Não está disponível nenhuma lista de espera para este evento ou sessão.",
                   "Event":  "Evento",
                   "Copyright":  "Copyright © 2018. Todos os direitos reservados.",
                   "OrderSummary":  "Resumo da encomenda",
                   "NoSessionsTrack":  "Esta série de sessões não tem sessões.",
                   "FinalizationNotEnabled":  "Tem de ativar a confirmação do pagamento de demonstração para utilizar esta funcionalidade.",
                   "AlreadyRegistered":  "Já registado",
                   "RegistrationFailed":  "Ocorreu um problema com o registo",
                   "SessionNotLive":  "A sessão que está a tentar registar não aceita novos registos.",
                   "Danish":  "Dinamarquês",
                   "Vietnamese":  "Vietnamita",
                   "FirstNameRequired":  "O Nome Próprio é obrigatório.",
                   "EditingWaitlistedAttendee":  "A editar participante em lista de espera",
                   "EnterFirstName":  "Introduza o seu nome próprio",
                   "LastName":  "Apelido",
                   "NoWaitlistItemsFound":  "Nenhum item de lista de espera encontrado",
                   "Yes":  "Sim",
                   "Greek":  "Grego",
                   "SaveChanges":  "Guardar alterações",
                   "EditAttendee":  "Editar participante",
                   "EmailRequired":  "O E-mail é obrigatório.",
                   "NoSessionsEvent":  "Este evento não tem sessões.",
                   "ShowSessions":  "mostrar sessões",
                   "PassInformation":  "Informações do passe",
                   "EventNotFound":  "O evento no qual está a tentar registar-se não existe.",
                   "AddedSince":  "Adicionados desde",
                   "Finnish":  "Finlandês",
                   "Chinese":  "Chinês (China)",
                   "Profile":  "Perfil",
                   "NorwegianBokml":  "Norueguês",
                   "ChineseHongKong":  "Chinês (Hong Kong)",
                   "PortuguesePortugal":  "Português (Portugal)"
               },
    "isJapanese":  false
}
