﻿{
    "labels":  {
                   "NoSpeakersEvent":  "Ovaj događaj nema dodeljene govornike.",
                   "EnglishAustralia":  "engleski (Australija)",
                   "Building":  "Zgrada",
                   "SignIn":  "Prijavi se",
                   "CardHolder":  "Vlasnik kartice:",
                   "Lithuanian":  "litvanski",
                   "InvalidValueForRequiredRegistrationField":  "Registracija sadrži nevažeću vrednost za obavezno polje.",
                   "EnglishGB":  "engleski (UK)",
                   "Tuesday":  "utorak",
                   "RegisterAttendees":  "Registruj učesnike",
                   "GermanGermany":  "nemački",
                   "Submit":  "Prosledi",
                   "SessionTracks":  "Praćenja sesija",
                   "CancelRegistrationError":  "Došlo je do problema prilikom otkazivanja registracije.",
                   "EventRegistrationTitle":  "Registracija za događaj",
                   "SerbianCyrillic":  "srpski (ćirilica)",
                   "FrenchCanada":  "francuski (Kanada)",
                   "Basque":  "baskijski",
                   "SessionsIncludedInPass":  "Sesije uključene u propusnicu",
                   "Indonesian":  "indonežanski",
                   "SelectAPass":  "Izaberite propusnicu",
                   "Galician":  "galicijski",
                   "RegistrationConfirmation":  "Potvrda registracije",
                   "Croatian":  "hrvatski",
                   "Thai":  "tajski",
                   "FinalizationNotAllowed":  "CAPTCHA vrednost koju ste naveli se ne podudara. Pokušajte ponovo.",
                   "MaximumNoAttendeesReached":  "Ovaj događaj je rasprodat.",
                   "WebsiteColon":  "Veb lokacija:",
                   "Friday":  "petak",
                   "OnlyWaitlistRegistrationPossibleText":  "Novi registranti će biti dodati na listu čekanja za ovu sesiju.",
                   "EditingAttendee":  "Uređivanje učesnika",
                   "Register":  "Registruj se",
                   "ArabicSaudiArabia":  "arapski",
                   "WaitForRegistrationsToAppear":  "Imajte u vidu da može doći do kašnjenja u obradi registracija.",
                   "EndTime":  "Vreme završetka",
                   "MyAccount":  "Moj nalog",
                   "RequestTimedOut":  "Obrada registracije je trajala predugo. Pokušajte ponovo.",
                   "Hungarian":  "mađarski",
                   "NoSponsorshipsEvent":  "Ovaj događaj nema sponzore.",
                   "AvailableEvents":  "Dostupni događaji",
                   "Wednesday":  "sreda",
                   "EventName":  "Ime događaja",
                   "Sunday":  "nedelja",
                   "LastNameRequired":  "Prezime je obavezno.",
                   "RemoveMessage":  "Želite li zaista da uklonite {0} {1}?",
                   "Japanese":  "japanski",
                   "AttendeeSessionIdNotValid":  "Jedan od učesnika ima nevažeći ID propusnice",
                   "Email":  "E-pošta",
                   "NoSessionTracksEvent":  "Ovaj događaj nema praćenja sesije.",
                   "AZ":  "A-Š",
                   "AnonymousAccessNotAllowedError":  "Morate da se prijavite da biste nastavili.",
                   "EventCapacityExceeding":  "Ne možete da registrujete toliko učesnika zato što bi to premašilo maksimalni kapacitet događaja.",
                   "PassPrice":  "Cena propusnice",
                   "ZA":  "Š-A",
                   "PortugueseBrazil":  "portugalski (Brazil)",
                   "AttendeeInformation":  "Informacije o učesniku",
                   "EmulatePayment":  "Testiraj plaćanje",
                   "Session":  "Sesija",
                   "Speakers":  "Govornici",
                   "EnglishUS":  "engleski (SAD)",
                   "Processing":  "Obrada u toku",
                   "BlogColon":  "Blog:",
                   "TooManyAttendees":  "Možete registrovati samo do 50 učesnika odjednom. Kreirajte dodatne registracije ako treba da registrujete veći broj učesnika.",
                   "RemoveSession":  "Ukloni sesiju",
                   "SerbianLatin":  "srpski (latinica)",
                   "Catalan":  "katalonski",
                   "EventNotLive":  "Događaj za koji pokušavate da se registrujete ne prihvata nove registracije.",
                   "Ukrainian":  "ukrajinski",
                   "Slovenian":  "slovenački",
                   "Saturday":  "subota",
                   "SignInForEditingAttendee":  "Prijavljivanje radi registracije za događaj",
                   "Checkout":  "Završetak kupovine",
                   "Registration":  "Registracija",
                   "Czech":  "češki",
                   "FinishRegistration":  "Dovrši registraciju",
                   "SpanishSpain":  "španski (Španija)",
                   "EndDate":  "Datum završetka",
                   "WaitlistedAttendees":  "Učesnici na listi čekanja",
                   "Description":  "Opis:",
                   "ItalianItaly":  "italijanski",
                   "DemoPaymentGatewayPageTitle":  "Mrežni prolaz plaćanja za demonstraciju",
                   "BroughtToYouBy":  "Isporučilac",
                   "DutchNetherlands":  "holandski",
                   "EnableAutoRegisterRadioButtonText":  "Automatski registruj i obavesti kada se ukaže slobodno mesto",
                   "Hebrew":  "hebrejski",
                   "Amount":  "Iznos:",
                   "CommunicationError":  "Imamo problema u komunikaciji sa serverom.",
                   "AddAttendeeToWaitlist":  "Dodaj učesnika na listu čekanja",
                   "InsufficentNumberOfPasses":  "Nema dovoljno preostalih propusnica da biste dovršili kupovinu.",
                   "Monday":  "ponedeljak",
                   "NoPassesEvent":  "Ovaj događaj nema propusnice.",
                   "Thursday":  "četvrtak",
                   "EnterLastName":  "Unesite svoje prezime",
                   "ThankYouForRegistering":  "Hvala vam što ste se registrovali za događaj!",
                   "RequiredRegistrationFieldMissing":  "Registraciji nedostaju obavezne informacije za bar jednog učesnika.",
                   "Sessions":  "Sesije",
                   "AssignedAttendees":  "Registracije",
                   "StartDate":  "Datum početka",
                   "AddSessionToCart":  "Dodaj sesiju",
                   "AddAttendee":  "Dodaj učesnika",
                   "ChangeLanguage":  "Promena jezika",
                   "EmailAddress":  "E-adresa",
                   "AttendeePassIdNotValid":  "Jedan od učesnika ima nevažeći ID propusnice.",
                   "FirstName":  "Ime",
                   "FinalizationAfterTimeLimit":  "Kupovina nije dovršena na vreme.",
                   "CopyrightWithParam":  "Autorska prava © {0}. Sva prava zadržana.",
                   "RefreshPage":  "Sesija je istekla. Osvežite stranicu da biste nastavili.",
                   "WaitlistedSessions":  "sesije na listi čekanja",
                   "EventCapacityReached":  "Dostignut je maksimalan kapacitet događaja.",
                   "CardNumber":  "Broj kartice:",
                   "MaximumCapacityReached":  "Ovaj događaj je rasprodat, ali još uvek možete da se registrujete za listu čekanja. ",
                   "AutoRegister":  "Automatska registracija",
                   "AttendeeHasWaitlistRegistrationsInfo":  "Ovaj registrant je na listi čekanja za jednu ili više sesija.",
                   "Attendees":  "Učesnici",
                   "EnglishCanada":  "engleski (Kanada)",
                   "RegisterNow":  "Registrujte se odmah",
                   "Newest":  "Najnovije",
                   "SoldOut":  "Rasprodato",
                   "SessionCartHeader":  "Korpa sesije",
                   "SwedishSweden":  "švedski",
                   "Pass":  "Propusnica",
                   "SelectedSessions":  "Izabrane sesije",
                   "Waitlist":  "Lista čekanja",
                   "Name":  "Ime",
                   "Bulgarian":  "bugarski",
                   "Remove":  "Ukloni",
                   "SponsorName":  "Ime sponzora",
                   "NoRegistrationsFound":  "Nisu pronađene registracije",
                   "SessionFullyBooked":  "U potpunosti rezervisano",
                   "CancelRegistrationEventMessage":  "Želite li zaista da otkažete registraciju za {0}?",
                   "NoSessionsAssociated":  "Ne postoje sesije povezane sa ovom propusnicom.",
                   "RomanianRomania":  "rumunski",
                   "AnonymousRegistrationNotAllowed":  "Morate da kreirate nalog i da se prijavite da biste mogli da se registrujete za ovaj događaj.",
                   "Search":  "Pretraži",
                   "SignOut":  "Odjavi se",
                   "NoSessionsAssigned":  "Nema dodeljenih sesija.",
                   "MyRegistrations":  "Moje registracije",
                   "Cancel":  "Otkaži",
                   "SortBy":  "Sortiraj prema",
                   "AddAnotherAttendee":  "Dodaj drugog učesnika",
                   "CancelPayment":  "Otkaži plaćanje",
                   "AttendeeAutoRegistrationInfo":  "Ovaj učesnik će se automatski registrovati čim dodatni kapacitet postane dostupan.",
                   "CancelRegistration":  "Otkaži registraciju",
                   "Korean":  "korejski",
                   "Turkish":  "turski",
                   "FrenchFrance":  "francuski (Francuska)",
                   "AdditionalInformationAvailable":  "Dostupne su dodatne informacije",
                   "DiscardChanges":  "Odbaci promene",
                   "MaximumSessionCapacityReached":  "Ova sesija je rasprodata.",
                   "MyWaitlistItems":  "Moje stavke na listi čekanja",
                   "Slovak":  "slovački",
                   "AttendeeDetails":  "Detalji o učesniku",
                   "Polish":  "poljski",
                   "StartTime":  "Vreme početka",
                   "EmailInvalid":  "Unesite važeću e-adresu.",
                   "DisableAutoRegisterRadioButtonText":  "Obavesti, ali ne registruj automatski, kada se ukaže slobodno mesto",
                   "PaymentDetails":  "Detalji o plaćanju",
                   "EnterEmailAddress":  "Unesite svoju adresu e-pošte",
                   "RegisteredSince":  "Registrovano od",
                   "MultiAttendeeRegistrationNotEnabled":  "Ovaj događaj ne dozvoljava registraciju više učesnika.",
                   "ChineseTaiwan":  "kineski (Tajvan)",
                   "Oldest":  "Najstarije",
                   "Home":  "Početak",
                   "Latvian":  "letonski",
                   "SessionName":  "Ime sesije",
                   "NoChoice":  "Nema izbora",
                   "Events":  "Događaji",
                   "Russian":  "ruski",
                   "No":  "Ne",
                   "RemoveAttendee":  "Ukloni učesnika",
                   "Estonian":  "estonski",
                   "WaitlistRegistrationNotAllowedErrorMessage":  "Ne postoji dostupna lista čekanja za ovaj događaj ili sesiju.",
                   "Event":  "Događaj",
                   "Copyright":  "Autorska prava © 2018. Sva prava zadržana.",
                   "OrderSummary":  "Rezime porudžbine",
                   "NoSessionsTrack":  "Ovo praćenje sesije nema sesije.",
                   "FinalizationNotEnabled":  "Morate omogućiti demo potvrdu plaćanja da biste koristili ovu funkciju.",
                   "AlreadyRegistered":  "Već registrovan",
                   "RegistrationFailed":  "Došlo je do problema sa registracijom",
                   "SessionNotLive":  "Sesija za koju pokušavate da se registrujete ne prihvata nove registracije.",
                   "Danish":  "danski",
                   "Vietnamese":  "vijetnamski",
                   "FirstNameRequired":  "Ime je obavezno.",
                   "EditingWaitlistedAttendee":  "Uređivanje učesnika na listi čekanja",
                   "EnterFirstName":  "Unesite svoje ime",
                   "LastName":  "Prezime",
                   "NoWaitlistItemsFound":  "Nisu pronađene stavke na listi čekanja",
                   "Yes":  "Da",
                   "Greek":  "grčki",
                   "SaveChanges":  "Sačuvaj promene",
                   "EditAttendee":  "Uredi učesnika",
                   "EmailRequired":  "E-adresa je obavezna.",
                   "NoSessionsEvent":  "Ovaj događaj nema sesije.",
                   "ShowSessions":  "prikaži sesije",
                   "PassInformation":  "Informacije o propusnici",
                   "EventNotFound":  "Događaj za koji pokušavate da se registrujete ne postoji.",
                   "AddedSince":  "Dodato od",
                   "Finnish":  "finski",
                   "Chinese":  "kineski (Kina)",
                   "Profile":  "Profil",
                   "NorwegianBokml":  "norveški",
                   "ChineseHongKong":  "kineski (Hongkong)",
                   "PortuguesePortugal":  "portugalski (Portugalija)"
               },
    "isJapanese":  false
}
