﻿{
    "labels":  {
                   "NoSpeakersEvent":  "Este evento no tiene ningún ponente asignado a este.",
                   "EnglishAustralia":  "Inglés (Australia)",
                   "Building":  "Edificio",
                   "SignIn":  "Iniciar sesión",
                   "CardHolder":  "Titular de la tarjeta:",
                   "Lithuanian":  "Lituano",
                   "InvalidValueForRequiredRegistrationField":  "Su registro tiene un valor no válido en un campo obligatorio.",
                   "EnglishGB":  "Inglés (GB)",
                   "Tuesday":  "Martes",
                   "RegisterAttendees":  "Registrar asistentes",
                   "GermanGermany":  "Alemán",
                   "Submit":  "Enviar",
                   "SessionTracks":  "Pistas de sesiones",
                   "CancelRegistrationError":  "Se ha producido un problema al cancelar el registro.",
                   "EventRegistrationTitle":  "Registro en evento",
                   "SerbianCyrillic":  "Serbio (cirílico)",
                   "FrenchCanada":  "Francés (Canadá)",
                   "Basque":  "Vasco",
                   "SessionsIncludedInPass":  "Sesiones incluidas en el pase",
                   "Indonesian":  "Indonesio",
                   "SelectAPass":  "Seleccionar un pase",
                   "Galician":  "Gallego",
                   "RegistrationConfirmation":  "Confirmación de registro",
                   "Croatian":  "Croata",
                   "Thai":  "Tailandés",
                   "FinalizationNotAllowed":  "El valor de CAPTCHA que ha proporcionado no coincide. Vuelva a intentarlo.",
                   "MaximumNoAttendeesReached":  "Este evento está completo.",
                   "WebsiteColon":  "Sitio web:",
                   "Friday":  "Viernes",
                   "OnlyWaitlistRegistrationPossibleText":  "Se agregarán nuevos inscritos a la lista de espera para esta sesión.",
                   "EditingAttendee":  "Editando asistente",
                   "Register":  "Registrarse",
                   "ArabicSaudiArabia":  "Árabe",
                   "WaitForRegistrationsToAppear":  "Tenga en cuenta que puede producirse un retraso en el procesamiento de los registros.",
                   "EndTime":  "Hora de finalización",
                   "MyAccount":  "Mi cuenta",
                   "RequestTimedOut":  "Su registro ha tardado demasiado en procesarse. Vuelva a intentarlo.",
                   "Hungarian":  "Húngaro",
                   "NoSponsorshipsEvent":  "Este evento no tiene ningún patrocinador.",
                   "AvailableEvents":  "Eventos disponibles",
                   "Wednesday":  "Miércoles",
                   "EventName":  "Nombre del evento",
                   "Sunday":  "Domingo",
                   "LastNameRequired":  "Son necesarios los apellidos.",
                   "RemoveMessage":  "¿Está seguro de que desea quitar {0} {1}?",
                   "Japanese":  "Japonés",
                   "AttendeeSessionIdNotValid":  "Uno de los asistentes tiene un Id. de pase no válido",
                   "Email":  "Correo electrónico",
                   "NoSessionTracksEvent":  "Este evento no tiene ninguna pista de sesión.",
                   "AZ":  "A-Z",
                   "AnonymousAccessNotAllowedError":  "Debe iniciar sesión para continuar.",
                   "EventCapacityExceeding":  "No puede registrar tantos asistentes porque superaría la capacidad máxima del evento.",
                   "PassPrice":  "Precio del pase",
                   "ZA":  "Z-A",
                   "PortugueseBrazil":  "Portugués (Brasil)",
                   "AttendeeInformation":  "Información de los asistentes",
                   "EmulatePayment":  "Emular pago",
                   "Session":  "Sesión",
                   "Speakers":  "Ponentes",
                   "EnglishUS":  "Inglés (US)",
                   "Processing":  "Procesando",
                   "BlogColon":  "Blog:",
                   "TooManyAttendees":  "Sólo pueden registrarse hasta 50 asistentes cada vez. Cree registros adicionales si necesita registrar más asistentes que estos.",
                   "RemoveSession":  "Quitar sesión",
                   "SerbianLatin":  "Serbio (Latín)",
                   "Catalan":  "Catalán",
                   "EventNotLive":  "El evento en el que está tratando de registrarse no acepta nuevos registros.",
                   "Ukrainian":  "Ucraniano",
                   "Slovenian":  "Esloveno",
                   "Saturday":  "Sábado",
                   "SignInForEditingAttendee":  "Iniciar de sesión para registro en evento",
                   "Checkout":  "Finalizar la compra",
                   "Registration":  "Registro",
                   "Czech":  "Checo",
                   "FinishRegistration":  "Finalizar registro",
                   "SpanishSpain":  "Español (España)",
                   "EndDate":  "Fecha de finalización",
                   "WaitlistedAttendees":  "Asistentes en lista de espera",
                   "Description":  "Descripción:",
                   "ItalianItaly":  "Italiano",
                   "DemoPaymentGatewayPageTitle":  "Plataforma de pago de demostración",
                   "BroughtToYouBy":  "Ofrecido por",
                   "DutchNetherlands":  "Neerlandés",
                   "EnableAutoRegisterRadioButtonText":  "Registrar automáticamente y notificar el espacio esté disponible",
                   "Hebrew":  "Hebreo",
                   "Amount":  "Importe:",
                   "CommunicationError":  "Tenemos problemas para comunicarnos con el servidor.",
                   "AddAttendeeToWaitlist":  "Agregar asistente a la lista de espera",
                   "InsufficentNumberOfPasses":  "No quedan suficientes pases para finalizar la compra.",
                   "Monday":  "Lunes",
                   "NoPassesEvent":  "Este evento no tiene ningún pase.",
                   "Thursday":  "Jueves",
                   "EnterLastName":  "Escriba su apellido",
                   "ThankYouForRegistering":  "Gracias por registrarse en el evento.",
                   "RequiredRegistrationFieldMissing":  "En su registro falta información necesaria para al menos un asistente.",
                   "Sessions":  "Sesiones",
                   "AssignedAttendees":  "Registros",
                   "StartDate":  "Fecha de inicio",
                   "AddSessionToCart":  "Agregar sesión",
                   "AddAttendee":  "Agregar asistente",
                   "ChangeLanguage":  "Cambiar idioma",
                   "EmailAddress":  "Dirección de correo electrónico",
                   "AttendeePassIdNotValid":  "Uno de los asistentes tiene un id. de pase no válido ",
                   "FirstName":  "Nombre de pila",
                   "FinalizationAfterTimeLimit":  "La compra no se completó a tiempo.",
                   "CopyrightWithParam":  "Copyright © {0}. Todos los derechos reservados.",
                   "RefreshPage":  "La sesión ha expirado. Actualice la página para continuar.",
                   "WaitlistedSessions":  "sesiones en lista de espera",
                   "EventCapacityReached":  "Se ha alcanzado la capacidad máxima del evento.",
                   "CardNumber":  "Número de tarjeta:",
                   "MaximumCapacityReached":  "Se ha agotado este evento, pero todavía puede registrarse para la lista de espera. ",
                   "AutoRegister":  "Registro automático",
                   "AttendeeHasWaitlistRegistrationsInfo":  "Esta persona registrada se encuentra en la lista de espera de una o más sesiones.",
                   "Attendees":  "Asistentes",
                   "EnglishCanada":  "Inglés (Canadá)",
                   "RegisterNow":  "Regístrese ahora",
                   "Newest":  "Más reciente",
                   "SoldOut":  "Agotado",
                   "SessionCartHeader":  "Carro de la compra de sesión",
                   "SwedishSweden":  "Sueco",
                   "Pass":  "Pase",
                   "SelectedSessions":  "Sesiones seleccionadas",
                   "Waitlist":  "Lista de espera",
                   "Name":  "Nombre",
                   "Bulgarian":  "Búlgaro",
                   "Remove":  "Quitar",
                   "SponsorName":  "Nombre del patrocinador",
                   "NoRegistrationsFound":  "No se encontraron registros",
                   "SessionFullyBooked":  "Completamente reservado",
                   "CancelRegistrationEventMessage":  "¿Está seguro de que desea cancelar este registro de {0}?",
                   "NoSessionsAssociated":  "No hay sesiones asociadas a este pase.",
                   "RomanianRomania":  "Rumano",
                   "AnonymousRegistrationNotAllowed":  "Debe crear una cuenta e iniciar sesión para poder registrarse para este evento.",
                   "Search":  "Buscar",
                   "SignOut":  "Cerrar sesión",
                   "NoSessionsAssigned":  "No hay ninguna sesión asignada.",
                   "MyRegistrations":  "Mis registros",
                   "Cancel":  "Cancelar",
                   "SortBy":  "Ordenar por",
                   "AddAnotherAttendee":  "Agregar otro asistente",
                   "CancelPayment":  "Cancelar pago",
                   "AttendeeAutoRegistrationInfo":  "Este asistente se registrará automáticamente en cuanto la capacidad esté disponible.",
                   "CancelRegistration":  "Cancelar registro",
                   "Korean":  "Coreano",
                   "Turkish":  "Turco",
                   "FrenchFrance":  "Francés (Francia)",
                   "AdditionalInformationAvailable":  "Información adicional disponible",
                   "DiscardChanges":  "Descartar cambios",
                   "MaximumSessionCapacityReached":  "Esta sesión está completamente vendida.",
                   "MyWaitlistItems":  "Mis elementos de lista de espera",
                   "Slovak":  "Eslovaco",
                   "AttendeeDetails":  "Detalles de los asistentes",
                   "Polish":  "Polaco",
                   "StartTime":  "Hora de inicio",
                   "EmailInvalid":  "Introduzca una dirección de correo electrónico válida.",
                   "DisableAutoRegisterRadioButtonText":  "Notificar, pero no registrar automáticamente, cuando el espacio esté disponible",
                   "PaymentDetails":  "Detalles de pago",
                   "EnterEmailAddress":  "Escriba su dirección de correo electrónico",
                   "RegisteredSince":  "Registrados desde",
                   "MultiAttendeeRegistrationNotEnabled":  "Este evento no permite el registro simultáneo de varios asistentes.",
                   "ChineseTaiwan":  "Chino (Taiwán)",
                   "Oldest":  "Más antiguo",
                   "Home":  "Página principal",
                   "Latvian":  "Letón",
                   "SessionName":  "Nombre de sesión",
                   "NoChoice":  "No se ofrece ninguna opción",
                   "Events":  "Eventos",
                   "Russian":  "Ruso",
                   "No":  "No",
                   "RemoveAttendee":  "Quitar asistente",
                   "Estonian":  "Estonio",
                   "WaitlistRegistrationNotAllowedErrorMessage":  "No hay una lista de espera disponible para este evento o sesión.",
                   "Event":  "Evento",
                   "Copyright":  "Copyright © 2018. Todos los derechos reservados.",
                   "OrderSummary":  "Resumen de pedido",
                   "NoSessionsTrack":  "Esta pista de sesión no tiene ninguna sesión.",
                   "FinalizationNotEnabled":  "Debe habilitar la confirmación de pago de demostración para usar esta característica.",
                   "AlreadyRegistered":  "Ya está registrado",
                   "RegistrationFailed":  "Se ha producido un problema con el registro",
                   "SessionNotLive":  "La sesión en la que está tratando de registrarse no acepta nuevos registros.",
                   "Danish":  "Danés",
                   "Vietnamese":  "Vietnamita",
                   "FirstNameRequired":  "Es necesario el nombre.",
                   "EditingWaitlistedAttendee":  "Editando asistente en lista de espera",
                   "EnterFirstName":  "Escriba su nombre de pila",
                   "LastName":  "Apellidos",
                   "NoWaitlistItemsFound":  "No se encontraron elementos de lista de espera",
                   "Yes":  "Sí",
                   "Greek":  "Griego",
                   "SaveChanges":  "Guardar cambios",
                   "EditAttendee":  "Editar asistente",
                   "EmailRequired":  "Es necesario un correo electrónico.",
                   "NoSessionsEvent":  "Este evento no tiene ninguna sesión.",
                   "ShowSessions":  "mostrar sesiones",
                   "PassInformation":  "Información de pases",
                   "EventNotFound":  "El evento en el que trata de registrarse no existe.",
                   "AddedSince":  "Agregado desde",
                   "Finnish":  "Finés",
                   "Chinese":  "Chino (China)",
                   "Profile":  "Perfil",
                   "NorwegianBokml":  "Noruego",
                   "ChineseHongKong":  "Chino (Hong Kong)",
                   "PortuguesePortugal":  "Portugués (Portugal)"
               },
    "isJapanese":  false
}
