﻿{
    "labels":  {
                   "NoSpeakersEvent":  "Овај догађај нема додељене говорнике.",
                   "EnglishAustralia":  "енглески (Аустралија)",
                   "Building":  "Зграда",
                   "SignIn":  "Пријави се",
                   "CardHolder":  "Власник картице:",
                   "Lithuanian":  "литвански",
                   "InvalidValueForRequiredRegistrationField":  "Регистрација садржи неважећу вредност за обавезно поље.",
                   "EnglishGB":  "енглески (УК)",
                   "Tuesday":  "уторак",
                   "RegisterAttendees":  "Региструј учеснике",
                   "GermanGermany":  "немачки",
                   "Submit":  "Проследи",
                   "SessionTracks":  "Праћења сесија",
                   "CancelRegistrationError":  "Дошло је до проблема приликом отказивања регистрације.",
                   "EventRegistrationTitle":  "Регистрација за догађај",
                   "SerbianCyrillic":  "српски (ћирилица)",
                   "FrenchCanada":  "француски (Канада)",
                   "Basque":  "баскијски",
                   "SessionsIncludedInPass":  "Сесије укључене у пропусницу",
                   "Indonesian":  "индонежански",
                   "SelectAPass":  "Изаберите пропусницу",
                   "Galician":  "галицијски",
                   "RegistrationConfirmation":  "Потврда регистрације",
                   "Croatian":  "хрватски",
                   "Thai":  "тајски",
                   "FinalizationNotAllowed":  "CAPTCHA вредност коју сте навели се не подудара. Покушајте поново.",
                   "MaximumNoAttendeesReached":  "Овај догађај је распродат.",
                   "WebsiteColon":  "Веб локација:",
                   "Friday":  "петак",
                   "OnlyWaitlistRegistrationPossibleText":  "Нови регистранти ће бити додати на листу чекања за ову сесију.",
                   "EditingAttendee":  "Уређивање учесника",
                   "Register":  "Региструј се",
                   "ArabicSaudiArabia":  "арапски",
                   "WaitForRegistrationsToAppear":  "Имајте у виду да може доћи до кашњења у обради регистрација.",
                   "EndTime":  "Време завршетка",
                   "MyAccount":  "Мој налог",
                   "RequestTimedOut":  "Обрада регистрације је трајала предуго. Покушајте поново.",
                   "Hungarian":  "мађарски",
                   "NoSponsorshipsEvent":  "Овај догађај нема спонзоре.",
                   "AvailableEvents":  "Доступни догађаји",
                   "Wednesday":  "среда",
                   "EventName":  "Име догађаја",
                   "Sunday":  "недеља",
                   "LastNameRequired":  "Презиме је обавезно.",
                   "RemoveMessage":  "Желите ли заиста да уклоните {0} {1}?",
                   "Japanese":  "јапански",
                   "AttendeeSessionIdNotValid":  "Један од учесника има неважећи ID пропуснице",
                   "Email":  "Е-пошта",
                   "NoSessionTracksEvent":  "Овај догађај нема праћења сесија.",
                   "AZ":  "А-Ш",
                   "AnonymousAccessNotAllowedError":  "Морате да се пријавите да бисте наставили.",
                   "EventCapacityExceeding":  "Не можете да региструјете толико учесника зато што би то премашило максимални капацитет догађаја.",
                   "PassPrice":  "Цена пропуснице",
                   "ZA":  "Ш-А",
                   "PortugueseBrazil":  "португалски (Бразил)",
                   "AttendeeInformation":  "Информације о учеснику",
                   "EmulatePayment":  "Тестирај плаћање",
                   "Session":  "Сесија",
                   "Speakers":  "Говорници",
                   "EnglishUS":  "енглески (САД)",
                   "Processing":  "Обрада у току",
                   "BlogColon":  "Блог:",
                   "TooManyAttendees":  "Можете регистровати само до 50 учесника одједном. Креирајте додатне регистрације ако треба да региструјете већи број учесника.",
                   "RemoveSession":  "Уклони сесију",
                   "SerbianLatin":  "српски (латиница)",
                   "Catalan":  "каталонски",
                   "EventNotLive":  "Догађај за који покушавате да се региструјете не прихвата нове регистрације.",
                   "Ukrainian":  "украјински",
                   "Slovenian":  "словеначки",
                   "Saturday":  "субота",
                   "SignInForEditingAttendee":  "Пријављивање ради регистрације за догађај",
                   "Checkout":  "Завршетак куповине",
                   "Registration":  "Регистрација",
                   "Czech":  "чешки",
                   "FinishRegistration":  "Доврши регистрацију",
                   "SpanishSpain":  "шпански (Шпанија)",
                   "EndDate":  "Датум завршетка",
                   "WaitlistedAttendees":  "Учесници на листи чекања",
                   "Description":  "Опис:",
                   "ItalianItaly":  "италијански",
                   "DemoPaymentGatewayPageTitle":  "Демонстрациони мрежни пролаз плаћања",
                   "BroughtToYouBy":  "Испоручилац",
                   "DutchNetherlands":  "холандски",
                   "EnableAutoRegisterRadioButtonText":  "Аутоматски региструј и обавести када се укаже слободно место",
                   "Hebrew":  "хебрејски",
                   "Amount":  "Износ:",
                   "CommunicationError":  "Имамо проблема у комуникацији са сервером.",
                   "AddAttendeeToWaitlist":  "Додај учесника на листу чекања",
                   "InsufficentNumberOfPasses":  "Нема довољно преосталих пропусница да бисте довршили куповину.",
                   "Monday":  "понедељак",
                   "NoPassesEvent":  "Овај догађај нема пропуснице.",
                   "Thursday":  "четвртак",
                   "EnterLastName":  "Унесите своје презиме",
                   "ThankYouForRegistering":  "Хвала вам што сте се регистровали за догађај!",
                   "RequiredRegistrationFieldMissing":  "Регистрацији недостају обавезне информације за бар једног учесника.",
                   "Sessions":  "Сесије",
                   "AssignedAttendees":  "Регистрације",
                   "StartDate":  "Датум почетка",
                   "AddSessionToCart":  "Додај сесију",
                   "AddAttendee":  "Додај учесника",
                   "ChangeLanguage":  "Промена језика",
                   "EmailAddress":  "Е-адреса",
                   "AttendeePassIdNotValid":  "Један од учесника има неважећи ID пропуснице ",
                   "FirstName":  "Име",
                   "FinalizationAfterTimeLimit":  "Куповина није довршена на време.",
                   "CopyrightWithParam":  "Ауторска права © {0}. Сва права задржана.",
                   "RefreshPage":  "Сесија је истекла. Освежите страницу да бисте наставили.",
                   "WaitlistedSessions":  "сесије на листи чекања",
                   "EventCapacityReached":  "Достигнут је максималан капацитет догађаја.",
                   "CardNumber":  "Број картице:",
                   "MaximumCapacityReached":  "Овај догађај је распродат, али и даље се можете регистровати за листу чекања. ",
                   "AutoRegister":  "Аутоматска регистрација",
                   "AttendeeHasWaitlistRegistrationsInfo":  "Овај регистрант је на листи чекања за једну или више сесија.",
                   "Attendees":  "Учесници",
                   "EnglishCanada":  "енглески (Канада)",
                   "RegisterNow":  "Региструјте се одмах",
                   "Newest":  "Најновије",
                   "SoldOut":  "Распродато",
                   "SessionCartHeader":  "Корпа сесије",
                   "SwedishSweden":  "шведски",
                   "Pass":  "Пропусница",
                   "SelectedSessions":  "Изабране сесије",
                   "Waitlist":  "Листа чекања",
                   "Name":  "Име",
                   "Bulgarian":  "бугарски",
                   "Remove":  "Уклони",
                   "SponsorName":  "Име спонзора",
                   "NoRegistrationsFound":  "Нису пронађене регистрације",
                   "SessionFullyBooked":  "У потпуности резервисано",
                   "CancelRegistrationEventMessage":  "Желите ли заиста да откажете регистрацију за {0}?",
                   "NoSessionsAssociated":  "Не постоје сесије повезане са овом пропусницом.",
                   "RomanianRomania":  "румунски",
                   "AnonymousRegistrationNotAllowed":  "Морате да креирате налог и да се пријавите да бисте могли да се региструјете за овај догађај.",
                   "Search":  "Претражи",
                   "SignOut":  "Одјави се",
                   "NoSessionsAssigned":  "Нема додељених сесија.",
                   "MyRegistrations":  "Моје регистрације",
                   "Cancel":  "Откажи",
                   "SortBy":  "Сортирај према",
                   "AddAnotherAttendee":  "Додај другог учесника",
                   "CancelPayment":  "Откажи плаћање",
                   "AttendeeAutoRegistrationInfo":  "Овај учесник ће се аутоматски регистровати чим додатни капацитет постане доступан.",
                   "CancelRegistration":  "Откажи регистрацију",
                   "Korean":  "корејски",
                   "Turkish":  "турски",
                   "FrenchFrance":  "француски (Француска)",
                   "AdditionalInformationAvailable":  "Доступне су додатне информације",
                   "DiscardChanges":  "Одбаци промене",
                   "MaximumSessionCapacityReached":  "Ова сесија је распродата.",
                   "MyWaitlistItems":  "Моје ставке на листи чекања",
                   "Slovak":  "словачки",
                   "AttendeeDetails":  "Детаљи о учеснику",
                   "Polish":  "пољски",
                   "StartTime":  "Време почетка",
                   "EmailInvalid":  "Унесите важећу е-адресу.",
                   "DisableAutoRegisterRadioButtonText":  "Обавести, али не региструј аутоматски, када се укаже слободно место",
                   "PaymentDetails":  "Детаљи о плаћању",
                   "EnterEmailAddress":  "Унесите своју адресу е-поште",
                   "RegisteredSince":  "Регистровано од",
                   "MultiAttendeeRegistrationNotEnabled":  "Овај догађај не дозвољава регистрацију више учесника.",
                   "ChineseTaiwan":  "кинески (Тајван)",
                   "Oldest":  "Најстарије",
                   "Home":  "Почетак",
                   "Latvian":  "летонски",
                   "SessionName":  "Име сесије",
                   "NoChoice":  "Нема избора",
                   "Events":  "Догађаји",
                   "Russian":  "руски",
                   "No":  "Не",
                   "RemoveAttendee":  "Уклони учесника",
                   "Estonian":  "естонски",
                   "WaitlistRegistrationNotAllowedErrorMessage":  "Не постоји доступна листа чекања за овај догађај или сесију.",
                   "Event":  "Догађај",
                   "Copyright":  "Ауторска права © 2018. Сва права задржана.",
                   "OrderSummary":  "Резиме поруџбине",
                   "NoSessionsTrack":  "Ово праћење сесије нема сесије.",
                   "FinalizationNotEnabled":  "Морате омогућити демо потврду плаћања да бисте користили ову функцију.",
                   "AlreadyRegistered":  "Већ регистрован",
                   "RegistrationFailed":  "Дошло је до проблема са регистрацијом",
                   "SessionNotLive":  "Сесија за коју покушавате да се региструјете не прихвата нове регистрације.",
                   "Danish":  "дански",
                   "Vietnamese":  "вијетнамски",
                   "FirstNameRequired":  "Име је обавезно.",
                   "EditingWaitlistedAttendee":  "Уређивање учесника на листи чекања",
                   "EnterFirstName":  "Унесите своје име",
                   "LastName":  "Презиме",
                   "NoWaitlistItemsFound":  "Нису пронађене ставке на листи чекања",
                   "Yes":  "Да",
                   "Greek":  "грчки",
                   "SaveChanges":  "Сачувај промене",
                   "EditAttendee":  "Уреди учесника",
                   "EmailRequired":  "E-адреса је обавезна.",
                   "NoSessionsEvent":  "Овај догађај нема сесије.",
                   "ShowSessions":  "прикажи сесије",
                   "PassInformation":  "Информације о пропусници",
                   "EventNotFound":  "Догађај за који покушавате да се региструјете не постоји.",
                   "AddedSince":  "Додато од",
                   "Finnish":  "фински",
                   "Chinese":  "кинески (Кина)",
                   "Profile":  "Профил",
                   "NorwegianBokml":  "норвешки",
                   "ChineseHongKong":  "кинески (Хонгконг)",
                   "PortuguesePortugal":  "португалски (Португалија)"
               },
    "isJapanese":  false
}
