{
    "eventId": "096d9e67-b156-e711-abaa-00155d701c02",
    "allowAnonymousRegistrations": true,
    "autoregisterWaitlistItems": true,
    "description": null,
    "endDate": "2017-08-11T17:00:00",
    "eventFormat": 100000001,
    "startDate": "2017-08-10T08:00:00",
    "timeZone": 4,
    "timeZoneName": "(GMT-08:00) Pacific Time (US & Canada)",
    "eventType": 100000002,
    "eventLanguage": null,
    "maxCapacity": 0,
    "eventName": "Contoso Ltd Conference",
    "publicEventUrl": null,
    "readableEventId": "Contoso_Ltd_Conference",
    "showAutomaticRegistrationCheckbox": false,
    "image": null,
    "showWaitlist": false,
    "building": {
        "id": "60fe5a28-b056-e711-abaa-00155d701c02",
        "accessibleToilets": false,
        "additionalFacilities": null,
        "addressComposite": "      ",
        "addressLine1": null,
        "addressLine2": null,
        "addressLine3": null,
        "city": null,
        "country": null,
        "description": null,
        "disabledAccess": false,
        "disabledParking": false,
        "email": null,
        "name": "Grand Alpha Main Tower",
        "postalCode": null,
        "publicTelephoneAvailable": false,
        "stateProvince": null,
        "telephone1": null,
        "telephone2": null,
        "telephone3": null,
        "website": null,
        "wifiAvailable": false,
        "wifiPassword": null,
        "wifiSSID": null
    },
    "room": null,
    "enableCaptcha": true
}