[
    {
        "eventId": "0b6d9e67-b156-e711-abaa-00155d701c02",
        "allowAnonymousRegistrations": true,
        "autoregisterWaitlistItems": true,
        "description": null,
        "endDate": "2017-02-03T17:00:00",
        "eventFormat": 100000001,
        "startDate": "2017-02-01T08:00:00",
        "timeZone": 4,
        "timeZoneName": "(GMT-08:00) Pacific Time (US & Canada)",
        "eventType": 100000004,
        "eventLanguage": null,
        "maxCapacity": 0,
        "eventName": "Contoso Furniture Design Workshop 1",
        "publicEventUrl": null,
        "readableEventId": "Contoso_Furniture_Design_Workshop_1",
        "showAutomaticRegistrationCheckbox": false,
        "image": null,
        "showWaitlist": false,
        "building": {
            "id": "6cfe5a28-b056-e711-abaa-00155d701c02",
            "accessibleToilets": false,
            "additionalFacilities": null,
            "addressComposite": "      ",
            "addressLine1": null,
            "addressLine2": null,
            "addressLine3": null,
            "city": null,
            "country": null,
            "description": null,
            "disabledAccess": false,
            "disabledParking": false,
            "email": null,
            "name": "AlphaBeta",
            "postalCode": null,
            "publicTelephoneAvailable": false,
            "stateProvince": null,
            "telephone1": null,
            "telephone2": null,
            "telephone3": null,
            "website": null,
            "wifiAvailable": false,
            "wifiPassword": null,
            "wifiSSID": null
        },
        "room": null,
        "enableCaptcha": false
    },
    {
        "eventId": "0d6d9e67-b156-e711-abaa-00155d701c02",
        "allowAnonymousRegistrations": true,
        "autoregisterWaitlistItems": true,
        "description": null,
        "endDate": "2017-02-18T17:00:00",
        "eventFormat": 100000001,
        "startDate": "2017-02-15T08:00:00",
        "timeZone": 4,
        "timeZoneName": "(GMT-08:00) Pacific Time (US & Canada)",
        "eventType": 100000004,
        "eventLanguage": null,
        "maxCapacity": 0,
        "eventName": "Contoso Furniture Design Workshop 2",
        "publicEventUrl": null,
        "readableEventId": "Contoso_Furniture_Design_Workshop_2",
        "showAutomaticRegistrationCheckbox": false,
        "image": null,
        "showWaitlist": false,
        "building": {
            "id": "6cfe5a28-b056-e711-abaa-00155d701c02",
            "accessibleToilets": false,
            "additionalFacilities": null,
            "addressComposite": "      ",
            "addressLine1": null,
            "addressLine2": null,
            "addressLine3": null,
            "city": null,
            "country": null,
            "description": null,
            "disabledAccess": false,
            "disabledParking": false,
            "email": null,
            "name": "AlphaBeta",
            "postalCode": null,
            "publicTelephoneAvailable": false,
            "stateProvince": null,
            "telephone1": null,
            "telephone2": null,
            "telephone3": null,
            "website": null,
            "wifiAvailable": false,
            "wifiPassword": null,
            "wifiSSID": null
        },
        "room": null,
        "enableCaptcha": false
    },
    {
        "eventId": "0f6d9e67-b156-e711-abaa-00155d701c02",
        "allowAnonymousRegistrations": true,
        "autoregisterWaitlistItems": true,
        "description": null,
        "endDate": "2017-03-03T17:00:00",
        "eventFormat": 100000001,
        "startDate": "2017-03-01T08:00:00",
        "timeZone": 4,
        "timeZoneName": "(GMT-08:00) Pacific Time (US & Canada)",
        "eventType": 100000004,
        "eventLanguage": null,
        "maxCapacity": 0,
        "eventName": "Contoso Furniture Design Workshop 3",
        "publicEventUrl": null,
        "readableEventId": "Contoso_Furniture_Design_Workshop_3",
        "showAutomaticRegistrationCheckbox": false,
        "image": null,
        "showWaitlist": false,
        "building": {
            "id": "6cfe5a28-b056-e711-abaa-00155d701c02",
            "accessibleToilets": false,
            "additionalFacilities": null,
            "addressComposite": "      ",
            "addressLine1": null,
            "addressLine2": null,
            "addressLine3": null,
            "city": null,
            "country": null,
            "description": null,
            "disabledAccess": false,
            "disabledParking": false,
            "email": null,
            "name": "AlphaBeta",
            "postalCode": null,
            "publicTelephoneAvailable": false,
            "stateProvince": null,
            "telephone1": null,
            "telephone2": null,
            "telephone3": null,
            "website": null,
            "wifiAvailable": false,
            "wifiPassword": null,
            "wifiSSID": null
        },
        "room": null,
        "enableCaptcha": false
    },
    {
        "eventId": "096d9e67-b156-e711-abaa-00155d701c02",
        "allowAnonymousRegistrations": true,
        "autoregisterWaitlistItems": true,
        "description": null,
        "endDate": "2017-08-11T17:00:00",
        "eventFormat": 100000001,
        "startDate": "2017-08-10T08:00:00",
        "timeZone": 4,
        "timeZoneName": "(GMT-08:00) Pacific Time (US & Canada)",
        "eventType": 100000002,
        "eventLanguage": null,
        "maxCapacity": 0,
        "eventName": "Contoso Ltd Conference",
        "publicEventUrl": null,
        "readableEventId": "Contoso_Ltd_Conference",
        "showAutomaticRegistrationCheckbox": false,
        "image": null,
        "showWaitlist": false,
        "building": {
            "id": "60fe5a28-b056-e711-abaa-00155d701c02",
            "accessibleToilets": false,
            "additionalFacilities": null,
            "addressComposite": "      ",
            "addressLine1": null,
            "addressLine2": null,
            "addressLine3": null,
            "city": null,
            "country": null,
            "description": null,
            "disabledAccess": false,
            "disabledParking": false,
            "email": null,
            "name": "Grand Alpha Main Tower",
            "postalCode": null,
            "publicTelephoneAvailable": false,
            "stateProvince": null,
            "telephone1": null,
            "telephone2": null,
            "telephone3": null,
            "website": null,
            "wifiAvailable": false,
            "wifiPassword": null,
            "wifiSSID": null
        },
        "room": null,
        "enableCaptcha": false
    },
    {
        "eventId": "076d9e67-b156-e711-abaa-00155d701c02",
        "allowAnonymousRegistrations": true,
        "autoregisterWaitlistItems": true,
        "description": null,
        "endDate": "2017-09-15T22:00:00",
        "eventFormat": 100000001,
        "startDate": "2017-09-15T17:00:00",
        "timeZone": 4,
        "timeZoneName": "(GMT-08:00) Pacific Time (US & Canada)",
        "eventType": 100000002,
        "eventLanguage": null,
        "maxCapacity": 0,
        "eventName": "Launch of XYZ Luxury Line",
        "publicEventUrl": null,
        "readableEventId": "Launch_of_XYZ_Luxury_Line",
        "showAutomaticRegistrationCheckbox": false,
        "image": null,
        "showWaitlist": false,
        "building": {
            "id": "60fe5a28-b056-e711-abaa-00155d701c02",
            "accessibleToilets": false,
            "additionalFacilities": null,
            "addressComposite": "      ",
            "addressLine1": null,
            "addressLine2": null,
            "addressLine3": null,
            "city": null,
            "country": null,
            "description": null,
            "disabledAccess": false,
            "disabledParking": false,
            "email": null,
            "name": "Grand Alpha Main Tower",
            "postalCode": null,
            "publicTelephoneAvailable": false,
            "stateProvince": null,
            "telephone1": null,
            "telephone2": null,
            "telephone3": null,
            "website": null,
            "wifiAvailable": false,
            "wifiPassword": null,
            "wifiSSID": null
        },
        "room": null,
        "enableCaptcha": false
    }
]